sku_id	cr_sim	cr_his	ito_sim	ito_his	gmv_sim	gmv_his	ts_sim	ts_his	pur_cnt_sim	success_cnt	wh_qtn	pur_cnt_his	org_nation_sale_num_band
1002144	0.956896551724	0.793103448276	18.2962962963	13.5454545455	2041.2	1663.2	27.0	22	40	9	75.6	8	L
1002148	1.0	0.913793103448	20.8932038835	20.085106383	3491.7	3186.6	103.0	94	22	10	33.9	8	D
1003031	0.98275862069	0.939655172414	39.6451612903	39.7155172414	6572.0	6148.0	124.0	116	13	5	53.0	4	D
1003033	0.879310344828	0.775862068966	17.1851851852	12.8	2273.4	2105.0	27.0	25	39	9	84.2	11	L
1006759	1.0	1.0	33.1742424242	27.4532828283	26848.8	26848.8	792.0	792	21	10	33.9	13	B
1023247	1.0	1.0	46.1731123389	37.605893186	14606.7	14606.7	543.0	543	9	4	26.9	7	C
1028779	0.974137931034	0.913793103448	35.5135135135	46.6764705882	555.0	510.0	37.0	34	12	4	15.0	4	E
1039456	0.887931034483	0.76724137931	14.2417582418	49.1176470588	9027.82758621	11805.6206897	91.0	119	29	10	99.2068965517	5	D
1042550	0.741379310345	0.318965517241	17.6363636364	25.0	3828.0	1044.0	11.0	3	62	5	348.0	6	L
1042561	0.775862068966	0.646551724138	30.2666666667	22.8125	3570.0	3808.0	15.0	16	104	7	238.0	7	L
1068578	1.0	1.0	42.1859296482	40.5577889447	10746.0	10746.0	398.0	398	13	5	27.0	4	C
1068586	1.0	1.0	30.0488888889	25.8844444444	13275.0	13275.0	225.0	225	14	4	59.0	5	D
1072920	1.0	1.0	30.4642857143	38.5476190476	934.08	934.08	168.0	168	20	10	5.56	6	D
1072928	0.974137931034	0.991379310345	27.367816092	36.9786096257	957.3552	1028.88173793	174.0	187	18	8	5.50204137931	5	D
1072948	1.0	1.0	156.421052632	159.596491228	396.9081	396.9081	57.0	57	0	0	6.9633	1	Z
1072951	1.0	0.948275862069	13.964	14.6356275304	2375.0	2346.5	250.0	247	31	13	9.5	6	D
1072952	0.98275862069	1.0	32.9817739976	22.5698795181	10699.0	10790.0	823.0	830	23	10	13.0	12	B
1072953	1.0	1.0	32.4133333333	16.66	6255.0	6255.0	450.0	450	21	10	13.9	11	C
1072954	0.836206896552	0.793103448276	37.9811320755	26.1875	502.960862069	607.348965517	53.0	64	44	4	9.48982758621	5	Z
1072955	0.974137931034	0.948275862069	38.3214285714	50.4838709677	256.263868966	283.720712069	28.0	31	14	6	9.15228103448	3	E
1072958	1.0	1.0	244.333333333	244.333333333	180.54	180.54	6.0	6	0	0	30.09	0	Z
1072962	1.0	1.0	205.571428571	206.142857143	248.22	248.22	7.0	7	2	1	35.46	1	Z
1072963	0.965517241379	0.870689655172	23.34375	31.3214285714	1136.0	994.0	32.0	28	24	7	35.5	6	Z
1072965	0.991379310345	0.629310344828	16.8870967742	8.80555555556	1489.95096897	865.13282069	62.0	36	24	11	24.0314672414	11	E
1076888	1.0	1.0	35.9939209726	28.8085106383	12250.4568103	12250.4568103	329.0	329	11	5	37.2354310345	9	C
1076889	1.0	0.98275862069	25.2900763359	25.003875969	18301.5438207	18022.1309379	262.0	258	15	6	69.8532206897	9	D
1076892	1.0	1.0	39.289897511	36.4714494876	102450.0	102450.0	683.0	683	14	6	150.0	7	B
1076894	1.0	0.741379310345	44.2941176471	60.5833333333	1360.0	960.0	17.0	12	7	3	80.0	2	Z
1076895	1.0	1.0	120.071428571	159.714285714	1063.4933931	1063.4933931	14.0	14	0	0	75.9638137931	1	Z
1076897	0.827586206897	0.775862068966	23.2272727273	53.1363636364	990.0	990.0	22.0	22	24	8	45.0	5	Z
1076900	0.991379310345	1.0	26.625	28.3333333333	5963.52703448	5963.52703448	48.0	48	15	4	124.240146552	4	E
1076902	1.0	0.818965517241	32.8823529412	30.1538461538	204.0	156.0	17.0	13	19	9	12.0	5	L
1076903	0.879310344828	0.560344827586	52.3	26.875	264.0	211.2	10.0	8	17	6	26.4	2	L
1076907	0.758620689655	0.0689655172414	16.5454545455	24.0	9.71034482759	0.88275862069	11.0	1	118	8	0.88275862069	1	L
1076908	0.853448275862	0.284482758621	20.6551724138	7.1875	327.7	180.8	29.0	16	18	5	11.3	4	L
1076910	0.672413793103	0.586206896552	19.6923076923	12.4615384615	244.4	244.4	13.0	13	102	7	18.8	5	L
1076912	1.0	1.0	59.8666666667	75.5466666667	6450.0	6450.0	75.0	75	5	1	86.0	2	E
1076913	0.956896551724	1.0	25.6419753086	30.862745098	23085.0	24225.0	243.0	255	17	6	95.0	7	D
1076916	1.0	1.0	66.1948051948	88.8961038961	11910.4027483	11910.4027483	77.0	77	5	2	154.680555172	2	E
1076917	0.948275862069	1.0	41.2424242424	47.4117647059	5280.0	5440.0	33.0	34	9	2	160.0	4	E
1076920	0.991379310345	0.827586206897	33.6	56.0	3295.588125	2372.82345	25.0	18	13	5	131.823525	2	L
1076924	1.0	1.0	155.083333333	179.305555556	2796.91643793	2796.91643793	36.0	36	0	0	77.6921232759	1	E
1076925	0.974137931034	0.887931034483	22.6103896104	31.1184210526	4038.67801207	3986.22764828	77.0	76	16	5	52.4503637931	3	E
1076927	1.0	1.0	57.6846846847	60.5045045045	12553.0144966	12553.0144966	111.0	111	7	3	113.09022069	4	D
1076935	1.0	1.0	89.5	85.8	1193.73291379	1193.73291379	10.0	10	7	3	119.373291379	2	Z
1076936	1.0	1.0	90.5263157895	112.157894737	3988.29520862	3988.29520862	19.0	19	1	0	209.910274138	1	L
1076937	0.98275862069	0.939655172414	21.9285714286	65.9230769231	4423.62796207	4107.65453621	28.0	26	18	6	157.986712931	2	E
1076938	1.0	1.0	139.508474576	143.525423729	8260.0	8260.0	118.0	118	0	0	70.0	3	D
1076939	0.965517241379	0.870689655172	19.2285714286	30.9379844961	41860.0	38571.0	140.0	129	18	6	299.0	4	D
1076941	1.0	1.0	46.75	47.0714285714	6416.95558966	6416.95558966	28.0	28	9	3	229.176985345	3	E
1076943	1.0	1.0	72.6227106227	76.3846153846	21071.8457793	21071.8457793	273.0	273	6	2	77.1862482759	4	D
1081219	0.879310344828	0.939655172414	24.2272727273	93.7826086957	1320.0	1380.0	22.0	23	19	6	60.0	2	E
1081224	0.956896551724	0.646551724138	13.3114754098	9.54166666667	5002.0	3936.0	61.0	48	29	10	82.0	10	E
1082844	0.922413793103	0.698275862069	56.5	35.5625	181.44	181.44	16.0	16	14	5	11.34	3	L
1082850	0.870689655172	0.568965517241	63.8823529412	26.1428571429	356.66	293.72	34.0	28	14	6	10.49	3	L
1082858	0.76724137931	0.663793103448	32.6078431373	11.1724137931	375.87	427.46	51.0	58	35	3	7.37	5	L
1082915	1.0	0.991379310345	38.6888888889	24.7841225627	9504.0	9477.6	720.0	718	18	8	13.2	11	B
1082917	1.0	1.0	27.6297376093	27.9416909621	3327.1	3327.1	343.0	343	18	9	9.7	8	C
1086208	0.922413793103	0.931034482759	45.85	47.52	1498.65817241	1873.32271552	20.0	25	16	4	74.9329086207	3	E
1095986	0.827586206897	0.853448275862	47.36	119.853658537	1327.5444181	2177.17284569	25.0	41	12	3	53.1017767241	3	E
1096076	1.0	1.0	73.0375	70.2125	4640.0	4640.0	80.0	80	3	0	58.0	2	E
1100240	1.0	1.0	36.4888888889	38.03	63245.5347414	63245.5347414	900.0	900	13	6	70.2728163793	6	B
1101841	0.948275862069	0.853448275862	25.2685185185	22.3980582524	3240.0	3090.0	108.0	103	20	9	30.0	6	D
1103025	1.0	1.0	45.4661835749	43.1400966184	5796.0	5796.0	414.0	414	10	4	14.0	6	C
1114015	0.991379310345	0.48275862069	45.4482758621	13.8095238095	4558.8	3301.2	174.0	126	8	2	26.2	3	D
1114017	1.0	1.0	36.1666666667	31.7083333333	840.0	840.0	24.0	24	13	6	35.0	7	L
1114020	0.879310344828	0.396551724138	26.7132867133	8.59550561798	3432.0	2136.0	143.0	89	11	3	24.0	2	D
1114021	0.551724137931	0.215517241379	8.3164556962	19.6285714286	1777.5	787.5	79.0	35	21	3	22.5	2	E
1114022	0.879310344828	0.465517241379	27.0571428571	19.6590909091	1365.0	858.0	70.0	44	10	3	19.5	2	E
1114023	1.0	0.724137931034	25.0778443114	14.9705882353	3507.0	2856.0	167.0	136	14	4	21.0	4	D
1114024	1.0	1.0	86.2058823529	31.0588235294	3672.0	3672.0	204.0	204	6	2	18.0	4	D
1114025	1.0	0.913793103448	40.8348623853	55.1584158416	40657.0	37673.0	109.0	101	11	5	373.0	4	D
1114026	1.0	1.0	156.357142857	223.321428571	1008.0	1008.0	56.0	56	0	0	18.0	3	E
1114027	0.974137931034	0.887931034483	118.389830508	24.2195121951	3717.0	3444.0	177.0	164	2	0	21.0	2	D
1114028	1.0	0.931034482759	38.7205882353	30.722826087	3366.0	3036.0	204.0	184	11	5	16.5	4	D
1115242	0.956896551724	0.913793103448	20.5581395349	17.7948717949	2064.0	1872.0	43.0	39	23	8	48.0	6	E
1119059	0.896551724138	1.0	121.5	16.1111111111	384.0	432.0	8.0	9	58	6	48.0	7	E
1129807	1.0	1.0	982.0	991.0	302.0574	302.0574	3.0	3	0	0	100.6858	0	Z
1129816	0.948275862069	0.879310344828	23.231884058	21.15625	4002.0	3712.0	69.0	64	13	3	58.0	5	E
1129817	1.0	1.0	896.666666667	902.166666667	954.5142	954.5142	6.0	6	0	0	159.0857	0	Z
1129818	1.0	0.827586206897	48.6363636364	56.875	654.397112069	475.925172414	11.0	8	12	5	59.4906465517	4	Z
1129820	1.0	1.0	128.352941176	132.352941176	820.8212	820.8212	17.0	17	1	0	48.2836	2	Z
1129825	0.991379310345	0.905172413793	24.8	26.1935483871	3815.0	3379.0	35.0	31	11	4	109.0	4	E
1146424	0.560344827586	0.189655172414	14.7272727273	13.2	486.2	221.0	11.0	5	91	3	44.2	0	Z
1146430	0.948275862069	0.396551724138	18.5454545455	11.6666666667	807.4	330.3	22.0	9	29	6	36.7	6	L
1146437	0.706896551724	0.577586206897	49.2857142857	58.5	156.8	89.6	7.0	4	62	1	22.4	1	L
1146442	0.362068965517	0.112068965517	12.2	15.0	131.0	26.2	5.0	1	103	1	26.2	1	L
1146448	0.887931034483	0.396551724138	27.7058823529	15.2	369.75	217.5	17.0	10	20	7	21.75	3	L
1162474	1.0	0.870689655172	54.6538461538	54.9482758621	6612.15682759	5900.0784	130.0	116	8	4	50.8627448276	4	D
1162475	1.0	1.0	72.3043478261	80.0326086957	13115.9264655	13115.9264655	92.0	92	7	2	142.564418103	4	E
1165234	0.594827586207	0.956896551724	37.2857142857	101.0	133.0	171.0	7.0	9	136	4	19.0	3	Z
1165238	0.844827586207	0.956896551724	41.3333333333	57.4615384615	252.0	273.0	12.0	13	30	8	21.0	1	Z
1165253	0.827586206897	0.956896551724	65.5	57.2307692308	170.0	221.0	10.0	13	27	3	17.0	2	Z
1165284	1.0	1.0	117.166666667	81.5	156.0	156.0	6.0	6	6	3	26.0	2	Z
1165294	1.0	0.948275862069	33.75	26.9090909091	372.0	341.0	12.0	11	16	6	31.0	4	Z
1177471	1.0	1.0	37.3308341143	33.2413308341	100298.0	100298.0	2134.0	2134	17	8	47.0	11	A
1189280	1.0	1.0	34.4769230769	58.1846153846	7661.53419828	7661.53419828	130.0	130	10	5	58.9348784483	2	D
1192676	0.887931034483	0.948275862069	75.1	32.2888888889	600.0	675.0	40.0	45	6	2	15.0	4	E
1192677	1.0	0.827586206897	38.6567164179	31.4071856287	2412.0	2004.0	201.0	167	11	5	12.0	4	D
1194305	1.0	0.681034482759	23.1870503597	11.9764150943	14456.0	11024.0	278.0	212	19	9	52.0	6	D
1200024	0.844827586207	0.956896551724	131.5	205.0	188.0	188.0	4.0	4	22	4	47.0	1	Z
1200025	0.775862068966	0.663793103448	19.3703703704	14.5384615385	1134.0	546.0	27.0	13	28	7	42.0	6	Z
1200032	0.491379310345	0.293103448276	22.7272727273	21.3333333333	748.0	408.0	11.0	6	136	3	68.0	5	Z
1200034	0.905172413793	0.956896551724	142.75	155.8	212.0	265.0	4.0	5	10	4	53.0	0	Z
1200036	0.836206896552	0.715517241379	35.4615384615	32.8181818182	481.0	407.0	13.0	11	42	5	37.0	7	Z
1200042	0.922413793103	0.956896551724	67.8333333333	124.0	354.0	413.0	6.0	7	37	5	59.0	2	Z
1200144	1.0	1.0	38.6603773585	45.6361185984	15434.7353879	15434.7353879	371.0	371	14	7	41.6030603448	8	C
1200149	1.0	1.0	47.0643431635	105.407506702	23909.0823095	23909.0823095	373.0	373	11	5	64.0994163793	2	C
1208733	1.0	0.853448275862	45.3870967742	15.1290322581	11904.0	10416.0	496.0	434	9	4	24.0	6	C
1208738	0.939655172414	0.810344827586	60.701754386	29.45	1487.7	1566.0	57.0	60	12	4	26.1	5	E
1208739	1.0	0.775862068966	46.4375	5.65320334262	16544.0	13498.4	880.0	718	14	6	18.8	6	B
1208743	1.0	0.75	48.6210045662	11.3080808081	4226.7	3821.4	219.0	198	6	3	19.3	8	D
1208745	1.0	0.956896551724	37.6319444444	27.0702576112	7689.6	7600.6	432.0	427	13	5	17.8	6	C
1208746	1.0	0.689655172414	72.8259023355	6.69912790698	14130.0	10320.0	942.0	688	5	2	15.0	5	B
1208747	1.0	0.827586206897	48.2819444444	17.5152	19440.0	16875.0	720.0	625	11	5	27.0	5	B
1216104	0.922413793103	0.879310344828	55.8823529412	36.2222222222	1059.1	1121.4	17.0	18	7	2	62.3	6	L
1216109	0.612068965517	0.439655172414	7.64285714286	4.12820512821	2738.4	1907.1	56.0	39	39	6	48.9	12	E
1216111	0.844827586207	0.629310344828	18.5909090909	12.7777777778	767.8	628.2	22.0	18	32	11	34.9	8	L
1216112	0.853448275862	0.724137931034	10.7076923077	9.70175438596	2268.5	1989.3	65.0	57	31	5	34.9	10	E
1216117	1.0	1.0	22.7683615819	19.6440677966	13381.2	13381.2	177.0	177	21	10	75.6	10	D
1216118	0.76724137931	0.801724137931	17.8461538462	28.1363636364	907.4	767.8	26.0	22	23	5	34.9	5	L
1216119	0.913793103448	0.965517241379	33.275862069	24.4838709677	2427.3	2594.7	87.0	93	17	6	27.9	8	D
1216120	0.862068965517	0.327586206897	15.6551724138	18.0	1012.1	383.9	29.0	11	21	3	34.9	8	L
1216128	0.913793103448	0.862068965517	27.1176470588	29.5757575758	4726.0	4587.0	34.0	33	15	5	139.0	6	E
1216129	0.974137931034	0.922413793103	30.6740331492	26.7026239067	19749.8852155	18713.2890302	362.0	343	13	5	54.5576939655	8	C
1216221	0.905172413793	0.775862068966	34.2	34.6428571429	1239.0	1156.4	15.0	14	24	8	82.6	6	L
1216223	0.543103448276	0.51724137931	15.9272727273	56.5	3811.5	3465.0	55.0	50	82	3	69.3	5	E
1216226	0.586206896552	0.465517241379	8.74025974026	9.4	4204.2	3822.0	77.0	70	92	5	54.6	9	E
1216259	0.913793103448	0.741379310345	23.9230769231	17.1538461538	1614.6	1614.6	26.0	26	20	8	62.1	7	E
1216262	0.939655172414	0.896551724138	29.1851851852	14.9056603774	2457.0	2411.5	54.0	53	12	5	45.5	11	L
1219968	1.0	1.0	38.25	32.4285714286	4144.06044138	4144.06044138	112.0	112	6	3	37.0005396552	5	E
1219969	1.0	1.0	43.1994680851	38.4388297872	13930.854131	13930.854131	376.0	376	8	4	37.0501439655	6	C
1227352	1.0	1.0	38.4375	62.8125	2560.0	2560.0	16.0	16	12	5	160.0	2	Z
1227353	1.0	1.0	234.375	242.625	1016.0008	1016.0008	8.0	8	0	0	127.0001	0	Z
1227488	0.318965517241	0.103448275862	9.25	12.0	896.0	224.0	4.0	1	183	0	224.0	1	L
1229426	1.0	1.0	80.875	85.515625	4800.0	4800.0	64.0	64	4	2	75.0	1	E
1236193	0.98275862069	0.913793103448	18.4918032787	26.3859649123	4536.87531552	4239.37529483	61.0	57	18	5	74.3750051724	7	E
1238575	0.801724137931	0.655172413793	37.6153846154	21.6666666667	1092.0	1008.0	13.0	12	52	3	84.0	3	L
1238577	0.543103448276	0.301724137931	14.5	11.3333333333	2676.0	2007.0	12.0	9	59	6	223.0	3	L
1260329	1.0	0.508620689655	54.3684210526	24.8	987.971991379	519.985258621	19.0	10	6	3	51.9985258621	1	L
1260341	1.0	0.586206896552	53.5	35.6538461538	2154.6	1333.8	42.0	26	6	3	51.3	1	L
1260344	1.0	0.76724137931	252.0	105.529411765	738.0	697.0	18.0	17	0	0	41.0	1	E
1260352	1.0	1.0	146.285714286	139.0	1155.0	1155.0	7.0	7	3	1	165.0	1	Z
1260353	1.0	0.603448275862	197.476190476	96.125	840.0	640.0	21.0	16	0	0	40.0	1	L
1260403	0.974137931034	0.603448275862	62.9	43.3939393939	1808.0	1491.6	40.0	33	6	2	45.2	1	L
1260692	0.965517241379	1.0	38.8064516129	41.8787878788	775.0	825.0	31.0	33	12	2	25.0	4	Z
1260693	1.0	0.948275862069	24.0138888889	17.768115942	3168.0	3036.0	144.0	138	15	6	22.0	8	D
1260694	1.0	1.0	268.857142857	269.142857143	175.0	175.0	7.0	7	0	0	25.0	0	Z
1265889	1.0	0.98275862069	53.56	47.88	2145.11573276	2145.11573276	25.0	25	8	3	85.8046293103	4	E
1265893	1.0	1.0	134.090909091	122.818181818	649.924227586	649.924227586	11.0	11	2	1	59.0840206897	1	Z
1265901	0.887931034483	0.913793103448	106.2	72.8333333333	300.0	360.0	5.0	6	18	5	60.0	3	Z
1265904	1.0	1.0	209.26	213.7	1750.0	1750.0	50.0	50	0	0	35.0	0	E
1269373	0.73275862069	0.146551724138	30.5833333333	8.75	355.034482759	118.344827586	12.0	4	51	7	29.5862068966	7	L
1269380	1.0	1.0	226.571428571	380.285714286	164.598325862	164.598325862	7.0	7	0	0	23.5140465517	2	Z
1269381	1.0	1.0	536.636363636	642.272727273	282.678540517	282.678540517	11.0	11	0	0	25.6980491379	2	Z
1269386	0.939655172414	0.922413793103	34.2	57.6	165.0	165.0	10.0	10	26	5	16.5	2	Z
1270444	0.663793103448	0.344827586207	13.6558441558	7.07	4419.8	2870.0	154.0	100	28	4	28.7	11	D
1275669	1.0	1.0	34.904589372	22.7004830918	11509.2	11509.2	828.0	828	17	7	13.9	14	C
1280418	1.0	0.362068965517	42.3521126761	12.8518518519	3798.5	1444.5	71.0	27	6	3	53.5	6	L
1280429	0.793103448276	0.198275862069	10.45	7.5	2954.21875862	886.265627586	60.0	18	22	3	49.2369793103	6	L
1283058	0.98275862069	0.844827586207	22.5	15.4415584416	4057.2	3719.1	84.0	77	24	9	48.3	9	E
1283083	1.0	1.0	52.5	55.7857142857	1254.4	1254.4	14.0	14	11	5	89.6	3	Z
1290783	0.827586206897	0.73275862069	65.3333333333	78.0	354.9	473.2	3.0	4	99	2	118.3	2	Z
1292174	1.0	1.0	56.3571428571	54.8928571429	661.92	661.92	28.0	28	4	2	23.64	4	L
1292175	0.965517241379	1.0	23.3050847458	23.4333333333	1008.9284319	1026.02891379	59.0	60	21	8	17.1004818966	6	E
1292178	0.98275862069	0.956896551724	39.5263157895	45.0	670.32	670.32	19.0	19	13	5	35.28	4	Z
1292185	0.991379310345	0.784482758621	15.0697674419	25.03125	1100.37	818.88	43.0	32	24	9	25.59	6	E
1292188	0.974137931034	0.853448275862	28.6382978723	25.2926829268	1338.09	1167.27	47.0	41	14	6	28.47	6	E
1292189	0.715517241379	1.0	76.3333333333	26.7272727273	144.922732759	265.691676724	6.0	11	98	1	24.1537887931	1	Z
1292290	0.422413793103	0.25	14.4329896907	8.04838709677	496.706896552	317.482758621	97.0	62	104	4	5.12068965517	9	D
1292294	0.327586206897	0.241379310345	24.28125	11.8965517241	342.620689655	310.5	32.0	29	140	4	10.7068965517	8	E
1292295	1.0	1.0	152.583333333	169.5	2299.32078621	2299.32078621	24.0	24	1	0	95.8050327586	1	E
1292301	0.284482758621	0.284482758621	10.6428571429	9.37878787879	721.0	679.8	70.0	66	146	5	10.3	10	D
1296854	1.0	1.0	28.606805293	32.3194706994	41896.8	41896.8	529.0	529	20	10	79.2	10	C
1296855	0.637931034483	0.5	8.89473684211	7.02857142857	6627.2	6104.0	76.0	70	37	7	87.2	13	E
1297915	1.0	1.0	22.4083769634	16.0837696335	5634.5	5634.5	191.0	191	18	9	29.5	10	D
1300306	0.913793103448	0.905172413793	16.2173913043	13.6363636364	1925.1	1841.4	69.0	66	22	8	27.9	9	E
1302420	1.0	1.0	299.333333333	211.333333333	308.4258	308.4258	3.0	3	4	2	102.8086	1	Z
1302421	1.0	0.956896551724	34.6	34.1578947368	1584.0	1504.8	20.0	19	13	5	79.2	6	L
1302422	0.913793103448	0.793103448276	63.0	47.8888888889	695.2	625.68	10.0	9	8	2	69.52	6	L
1302424	0.913793103448	0.793103448276	38.9230769231	33.1538461538	717.6	717.6	13.0	13	16	6	55.2	6	L
1302426	1.0	1.0	78.0	83.4444444444	568.8	568.8	9.0	9	5	2	63.2	3	L
1302431	1.0	0.974137931034	102.6	58.8	672.0	672.0	5.0	5	6	3	134.4	5	L
1302433	0.887931034483	0.474137931034	37.1818181818	16.8333333333	862.4	470.4	11.0	6	26	3	78.4	2	Z
1307073	0.801724137931	0.241379310345	43.8571428571	26.5	207.043103448	59.1551724138	7.0	2	71	3	29.5775862069	1	Z
1307075	0.560344827586	0.560344827586	15.3181818182	34.8076923077	330.0	390.0	22.0	26	114	4	15.0	6	E
1307080	1.0	0.413793103448	71.375	34.25	172.0	86.0	8.0	4	5	2	21.5	1	Z
1307129	0.879310344828	0.810344827586	14.7611940299	15.1111111111	3685.0	3465.0	67.0	63	26	10	55.0	7	E
1309241	0.560344827586	0.474137931034	16.9333333333	9.61538461538	1470.0	1274.0	15.0	13	69	3	98.0	5	L
1309249	0.948275862069	0.793103448276	75.8571428571	26.5	1386.0	1584.0	7.0	8	18	4	198.0	3	Z
1309250	1.0	0.991379310345	135.333333333	92.3333333333	402.0	402.0	3.0	3	8	4	134.0	0	Z
1310297	0.620689655172	0.241379310345	16.5714285714	10.6	774.2	276.5	14.0	5	81	5	55.3	8	L
1310298	0.75	0.379310344828	11.2413793103	13.5058823529	4048.4	2966.5	116.0	85	32	8	34.9	9	D
1310301	0.922413793103	0.887931034483	19.685483871	22.8292682927	7638.4	7576.8	124.0	123	17	6	61.6	7	D
1310323	0.948275862069	0.698275862069	28.9807692308	14.32	1768.0	1700.0	52.0	50	29	6	34.0	9	L
1313247	1.0	1.0	59.8928571429	46.6071428571	1131.9861	1131.9861	28.0	28	6	2	40.428075	4	E
1321918	1.0	1.0	55.3387096774	47.9032258065	1426.0	1426.0	62.0	62	10	4	23.0	6	E
1321934	0.991379310345	0.293103448276	36.8918918919	10.4375	547.6	236.8	37.0	16	8	3	14.8	9	Z
1321937	0.896551724138	0.603448275862	22.6764705882	25.4383561644	2652.0	1898.0	102.0	73	13	2	26.0	7	E
1324044	1.0	1.0	34.8983957219	36.8449197861	14899.9604259	14899.9604259	187.0	187	15	7	79.6789327586	7	D
1324056	1.0	1.0	45.1875	69.875	1404.1121931	1404.1121931	16.0	16	12	4	87.757012069	4	Z
1324057	0.939655172414	0.887931034483	31.8666666667	73.1538461538	1273.53976293	1103.73446121	15.0	13	26	7	84.9026508621	2	Z
1335085	1.0	1.0	53.6511627907	71.8837209302	2241.55693448	2241.55693448	43.0	43	7	3	52.1292310345	2	E
1335091	1.0	1.0	91.5	106.1	1413.90986207	1413.90986207	20.0	20	2	1	70.6954931034	1	Z
1346593	1.0	1.0	38.4029850746	35.2	10385.0	10385.0	335.0	335	16	8	31.0	12	C
1346974	0.629310344828	0.508620689655	38.5581395349	11.5769230769	1225.5	1235.0	129.0	130	17	2	9.5	5	E
1350813	0.810344827586	0.741379310345	19.3316831683	15.1117021277	2424.0	2256.0	202.0	188	23	6	12.0	7	D
1354389	0.896551724138	0.853448275862	19.52	20.6976744186	4050.0	3483.0	50.0	43	20	7	81.0	10	E
1356211	1.0	0.672413793103	36.7204301075	29.8529411765	12573.6	9193.6	93.0	68	7	3	135.2	1	E
1356230	0.672413793103	0.508620689655	11.2571428571	11.7333333333	1802.5	1545.0	35.0	30	44	10	51.5	7	L
1356245	0.698275862069	0.620689655172	11.6153846154	14.652173913	1534.0	1357.0	26.0	23	61	9	59.0	10	E
1356253	0.698275862069	0.758620689655	12.0681818182	8.22448979592	2596.0	2891.0	44.0	49	78	8	59.0	10	E
1356254	0.913793103448	0.844827586207	17.2083333333	22.6259541985	4305.6	3916.9	144.0	131	18	5	29.9	7	D
1356257	1.0	1.0	26.0379746835	21.0886075949	40922.0	40922.0	553.0	553	23	10	74.0	14	C
1356259	0.810344827586	0.939655172414	31.3333333333	22.8518518519	777.0	999.0	21.0	27	40	9	37.0	8	L
1356260	0.758620689655	0.456896551724	18.0384615385	12.3125	1924.0	1184.0	26.0	16	31	5	74.0	9	L
1356272	0.784482758621	0.810344827586	20.12	24.0	1462.5	1579.5	25.0	27	30	10	58.5	7	E
1356273	0.853448275862	0.663793103448	18.0813953488	10.8493150685	2571.4	2182.7	86.0	73	23	7	29.9	8	E
1356278	0.413793103448	0.310344827586	5.08888888889	10.4634146341	1665.0	1517.0	45.0	41	94	4	37.0	5	E
1356280	0.862068965517	0.896551724138	23.5714285714	20.1369863014	3668.0	3825.2	70.0	73	17	5	52.4	7	E
1356288	0.758620689655	0.560344827586	22.85	23.6875	1760.0	1408.0	40.0	32	34	6	44.0	7	Z
1356293	0.603448275862	0.698275862069	19.5833333333	19.2962962963	1584.0	1782.0	24.0	27	78	8	66.0	8	L
1356296	0.413793103448	0.25	8.29166666667	6.23529411765	1584.0	1122.0	24.0	17	143	6	66.0	6	E
1359121	1.0	0.612068965517	267.566666667	190.277777778	1031.17241379	618.703448276	30.0	18	0	0	34.3724137931	1	L
1359127	1.0	1.0	259.897435897	255.692307692	6832.8	6832.8	39.0	39	0	0	175.2	0	E
1359128	0.784482758621	0.258620689655	9.73170731707	5.86363636364	1436.4137931	770.75862069	41.0	22	31	10	35.0344827586	2	Z
1382619	1.0	1.0	85.8	102.466666667	837.969672414	837.969672414	15.0	15	4	2	55.8646448276	2	Z
1382714	0.508620689655	0.258620689655	14.6574074074	10.2827586207	2224.8	1493.5	216.0	145	44	3	10.3	12	D
1382723	0.508620689655	0.327586206897	13.3205128205	9.92537313433	1053.0	904.5	78.0	67	86	3	13.5	12	D
1382796	1.0	1.0	32.1106821107	31.5675675676	32944.8	32944.8	777.0	777	22	10	42.4	11	C
1382798	0.905172413793	0.681034482759	26.698630137	10.8771929825	4453.0	3477.0	73.0	57	16	5	61.0	9	E
1383428	0.905172413793	0.879310344828	45.9473684211	58.12	710.6	935.0	19.0	25	13	5	37.4	0	E
1383441	0.905172413793	0.931034482759	47.2173913043	50.12	860.2	935.0	23.0	25	18	6	37.4	0	L
1417525	1.0	1.0	186.3125	181.4375	848.0	848.0	16.0	16	0	0	53.0	3	E
1417539	0.474137931034	0.137931034483	5.27777777778	4.53846153846	2268.0	1092.0	54.0	26	95	6	42.0	5	E
1417574	0.810344827586	0.362068965517	21.9512195122	9.2380952381	1916.34	981.54	41.0	21	16	5	46.74	8	L
1417581	0.862068965517	0.862068965517	20.7121771218	12.7435897436	10569.0	10647.0	271.0	273	23	9	39.0	12	D
1417699	0.922413793103	0.939655172414	15.0918367347	17.9263157895	7334.4552569	7109.93111638	98.0	95	28	11	74.8413801724	8	E
1435934	0.974137931034	0.525862068966	16.8214285714	17.1475409836	10640.0	5795.0	112.0	61	20	7	95.0	8	D
1435940	0.939655172414	0.965517241379	25.1016949153	20.0	2183.0	2294.0	59.0	62	17	4	37.0	5	E
1435952	0.689655172414	0.612068965517	8.40384615385	8.0243902439	3432.0	2706.0	52.0	41	28	5	66.0	11	E
1435962	0.784482758621	0.853448275862	21.5873015873	19.8970588235	2772.0	2992.0	63.0	68	23	6	44.0	9	E
1464957	1.0	1.0	51.2631578947	91.3684210526	570.0	570.0	38.0	38	12	6	15.0	4	E
1464963	0.974137931034	0.896551724138	79.4705882353	75.2222222222	595.0	630.0	34.0	36	8	3	17.5	2	E
1464964	1.0	0.974137931034	44.9032258065	50.6129032258	604.5	604.5	31.0	31	8	4	19.5	3	E
1517513	1.0	0.905172413793	93.0416666667	61.9565217391	334.9392	320.9834	24.0	23	4	2	13.9558	1	L
1518922	1.0	1.0	443.0	502.666666667	103.5	103.5	3.0	3	0	0	34.5	0	E
1529810	0.913793103448	0.741379310345	20.6086956522	11.5166666667	5796.0	5040.0	138.0	120	19	8	42.0	11	D
1529818	0.827586206897	0.612068965517	20.6853932584	7.56164383562	5874.0	4818.0	89.0	73	23	5	66.0	10	E
1529821	0.73275862069	0.612068965517	17.1428571429	10.6017699115	8316.0	7458.0	126.0	113	32	7	66.0	11	D
1529826	0.448275862069	0.379310344828	15.8540145985	13.7569444444	3068.8	3225.6	137.0	144	97	7	22.4	9	D
1540268	0.741379310345	0.76724137931	39.6666666667	44.9615384615	2349.0	2262.0	27.0	26	28	3	87.0	4	Z
1540541	1.0	0.758620689655	207.666666667	313.0	87.0	58.0	3.0	2	4	2	29.0	3	L
1541753	1.0	0.862068965517	49.5945945946	51.3823529412	3145.0	2890.0	37.0	34	8	4	85.0	0	E
1541757	1.0	1.0	63.0	110.965517241	2059.0	2059.0	29.0	29	3	1	71.0	2	E
1547196	1.0	1.0	39.4117647059	62.4705882353	1768.0	1768.0	17.0	17	14	5	104.0	3	Z
1547197	1.0	1.0	142.142857143	134.285714286	518.0	518.0	7.0	7	2	1	74.0	1	Z
1547865	1.0	1.0	133.529411765	152.176470588	1262.25	1262.25	17.0	17	0	0	74.25	0	Z
1547870	1.0	0.913793103448	21.525	19.6111111111	648.0	583.2	40.0	36	22	11	16.2	9	E
1547875	1.0	1.0	22.9340974212	31.1461318052	3804.1	3804.1	349.0	349	22	10	10.9	8	D
1547877	0.956896551724	0.948275862069	42.7142857143	39.7692307692	781.797413793	725.954741379	14.0	13	34	7	55.8426724138	5	Z
1547884	1.0	1.0	28.4333333333	24.6	531.0	531.0	30.0	30	18	7	17.7	7	L
1547886	1.0	1.0	29.5774647887	31.0985915493	1043.7	1043.7	71.0	71	12	5	14.7	5	E
1547888	1.0	1.0	90.0416666667	96.0833333333	514.8	514.8	24.0	24	3	1	21.45	2	Z
1547889	1.0	0.948275862069	53.3225806452	61.7419354839	757.95	757.95	31.0	31	10	4	24.45	7	E
1547892	1.0	1.0	192.652173913	198.239130435	883.2	883.2	46.0	46	0	0	19.2	0	E
1565250	1.0	1.0	35.2109300096	33.9252157239	49021.0	49021.0	1043.0	1043	16	8	47.0	10	A
1565264	1.0	1.0	30.6397058824	26.5735294118	7480.0	7480.0	136.0	136	12	5	55.0	5	D
1574540	1.0	0.827586206897	105.0	140.0	414.0	276.0	3.0	2	2	0	138.0	0	L
1576047	0.810344827586	0.293103448276	94.0	17.0	245.0	490.0	1.0	2	147	0	245.0	0	L
1576052	1.0	0.896551724138	170.666666667	99.6	2295.0	2550.0	9.0	10	0	0	255.0	0	L
1577390	0.568965517241	0.594827586207	20.0	43.3333333333	556.0	417.0	4.0	3	123	1	139.0	0	L
1581844	0.844827586207	0.974137931034	29.05	24.3636363636	3420.0	3762.0	20.0	22	33	8	171.0	7	L
1582577	0.76724137931	0.655172413793	14.4587155963	12.1086956522	2398.0	2024.0	109.0	92	27	8	22.0	11	E
1641827	0.98275862069	0.939655172414	18.9571428571	23.1384615385	5670.0	5265.0	70.0	65	17	5	81.0	8	E
1641840	0.965517241379	0.706896551724	55.5555555556	32.6666666667	270.543103448	180.362068966	9.0	6	12	4	30.0603448276	1	Z
1641841	0.931034482759	0.181034482759	21.2857142857	13.2	504.0	180.0	14.0	5	30	4	36.0	2	Z
1641844	0.991379310345	0.741379310345	52.1052631579	53.3846153846	684.0	468.0	19.0	13	6	2	36.0	0	Z
1641846	0.956896551724	0.543103448276	55.303030303	51.0	1188.0	648.0	33.0	18	6	2	36.0	0	Z
1668478	1.0	1.0	33.3340080972	31.8299595142	35073.8824621	35073.8824621	494.0	494	17	8	70.999762069	7	C
1668487	1.0	0.922413793103	59.58	23.18	4450.0	4450.0	50.0	50	8	4	89.0	8	E
1671049	0.689655172414	0.689655172414	43.4615384615	11.2941176471	973.7	1273.3	13.0	17	80	5	74.9	10	L
1671055	0.931034482759	1.0	28.99375	21.1011904762	4784.0	5023.2	160.0	168	17	6	29.9	10	E
1678109	0.931034482759	1.0	60.3529411765	77.8421052632	357.0	399.0	17.0	19	10	4	21.0	3	Z
1678117	1.0	0.965517241379	36.275	34.5384615385	840.0	819.0	40.0	39	10	4	21.0	7	E
1678123	0.98275862069	0.853448275862	43.2592592593	97.0377358491	1134.0	1113.0	54.0	53	8	3	21.0	4	E
1678156	1.0	1.0	67.0	67.2352941176	646.0	646.0	34.0	34	4	1	19.0	2	E
1678159	1.0	1.0	73.56	67.96	475.0	475.0	25.0	25	2	1	19.0	5	Z
1678160	1.0	1.0	45.2592592593	109.703703704	513.0	513.0	27.0	27	9	3	19.0	2	Z
1678698	1.0	1.0	73.0285714286	81.3714285714	2768.5	2768.5	35.0	35	3	1	79.1	1	E
1678895	0.948275862069	1.0	53.025	86.1162790698	3556.0	3822.7	40.0	43	6	2	88.9	1	E
1694196	1.0	1.0	38.125	42.125	1416.0	1416.0	16.0	16	11	5	88.5	7	Z
1694264	0.991379310345	1.0	35.2391304348	34.0810810811	20516.0	20627.5	184.0	185	18	7	111.5	7	C
1694267	0.905172413793	0.76724137931	8.625	9.23214285714	5466.88	4783.52	64.0	56	33	12	85.42	9	E
1694272	0.913793103448	0.913793103448	34.34375	24.8285714286	2493.44	2727.2	32.0	35	12	4	77.92	4	E
1694290	0.948275862069	0.922413793103	19.6315789474	22.0540540541	1966.5	1914.75	38.0	37	15	3	51.75	4	E
1694293	0.922413793103	0.827586206897	24.1481481481	26.12	1134.0	1050.0	27.0	25	20	7	42.0	5	Z
1694294	0.784482758621	0.439655172414	17.3243243243	13.2380952381	2109.0	1197.0	37.0	21	22	5	57.0	7	L
1694299	0.913793103448	0.991379310345	27.1481481481	33.1481481481	1174.5	1174.5	27.0	27	19	8	43.5	6	E
1694304	0.98275862069	0.948275862069	79.1428571429	75.5714285714	362.25	362.25	7.0	7	12	4	51.75	4	L
1694305	0.879310344828	0.870689655172	35.4117647059	33.0952380952	1007.25	1244.25	17.0	21	17	5	59.25	5	E
1694330	1.0	1.0	40.5909090909	55.0909090909	1452.0	1452.0	22.0	22	10	4	66.0	7	E
1694335	0.836206896552	0.931034482759	20.0256410256	17.2765957447	2574.0	3102.0	39.0	47	19	6	66.0	5	E
1694337	1.0	1.0	46.0454545455	75.3636363636	1303.5	1303.5	22.0	22	6	3	59.25	7	E
1694341	0.956896551724	0.862068965517	33.75	24.1071428571	1638.0	1638.0	28.0	28	13	5	58.5	6	L
1694342	0.939655172414	0.948275862069	21.6571428571	16.7567567568	2202.2	2328.04	35.0	37	18	6	62.92	10	L
169438	1.0	1.0	34.6254480287	29.3637992832	16740.0	16740.0	558.0	558	19	9	30.0	8	C
1694448	1.0	1.0	25.825	17.55	1076.0	1076.0	40.0	40	21	10	26.9	8	E
1694453	1.0	0.560344827586	45.15625	10.2413793103	1173.76	1063.72	32.0	29	8	4	36.68	10	Z
1694456	1.0	0.370689655172	39.825	36.2941176471	1196.0	508.3	40.0	17	7	2	29.9	6	Z
1694461	1.0	0.939655172414	27.5882352941	21.3235294118	1169.6	1169.6	34.0	34	20	10	34.4	5	E
1694522	0.870689655172	0.922413793103	27.0602409639	30.3244680851	3784.8	4286.4	166.0	188	16	5	22.8	8	D
1694523	0.931034482759	1.0	52.1923076923	118.8	1279.2	1476.0	26.0	30	12	4	49.2	2	E
1703769	0.26724137931	0.413793103448	24.0	44.8	162.5	162.5	5.0	5	131	0	32.5	1	L
1703798	0.905172413793	0.405172413793	126.078947368	26.9	5472.0	2880.0	76.0	40	2	0	72.0	1	Z
1705988	0.784482758621	0.534482758621	27.0625	29.1666666667	384.0	288.0	16.0	12	23	5	24.0	9	Z
1706079	1.0	1.0	22.7370892019	17.0751173709	3173.7	3173.7	213.0	213	21	10	14.9	9	D
1709860	1.0	0.98275862069	24.9966666667	21.5353535354	4470.0	4425.3	300.0	297	22	10	14.9	11	C
1709877	1.0	1.0	25.0967741935	25.0967741935	1847.6	1847.6	124.0	124	14	7	14.9	9	D
1709881	1.0	0.913793103448	31.6176470588	27.5963855422	1343.0	1311.4	170.0	166	14	6	7.9	8	D
1710590	1.0	0.827586206897	33.5681818182	18.2142857143	3084.41653793	2944.21578621	44.0	42	10	4	70.1003758621	10	E
1714448	0.844827586207	0.715517241379	12.8275862069	18.5217391304	742.4	588.8	29.0	23	27	8	25.6	6	L
1725648	0.98275862069	1.0	22.7777777778	70.5975609756	5694.3	5764.6	81.0	82	16	4	70.3	3	E
1725674	0.870689655172	1.0	32.5634517766	37.6666666667	4649.2	5522.4	197.0	234	11	3	23.6	3	C
1726659	0.956896551724	0.922413793103	33.2608695652	75.3181818182	2003.81337586	1916.69105517	23.0	22	13	3	87.1223206897	4	Z
1726668	0.931034482759	0.991379310345	34.0612244898	24.5849056604	3042.9	3291.3	49.0	53	12	5	62.1	5	E
1726680	1.0	1.0	69.2972972973	95.7297297297	2660.35498966	2660.35498966	37.0	37	6	2	71.9014862069	2	E
1727328	1.0	1.0	238.210526316	240.184210526	684.0	684.0	38.0	38	0	0	18.0	0	Z
1727842	0.905172413793	0.456896551724	520.52	79.0454545455	2475.0	1089.0	50.0	22	2	0	49.5	1	L
1738025	0.862068965517	0.948275862069	41.95	34.652173913	560.0	644.0	20.0	23	12	3	28.0	4	E
1738033	0.948275862069	0.853448275862	159.75	188.75	105.6	105.6	4.0	4	12	4	26.4	4	Z
1738038	0.913793103448	0.853448275862	68.5	100.0	158.4	184.8	6.0	7	36	4	26.4	3	Z
1738065	0.784482758621	0.827586206897	23.5769230769	21.3416666667	2828.8	3264.0	104.0	120	19	5	27.2	9	D
1738086	0.887931034483	0.870689655172	14.7037037037	14.4111111111	2073.6	2304.0	81.0	90	29	10	25.6	9	D
1738088	0.724137931034	0.887931034483	20.8461538462	67.8632478632	2038.4	2620.8	91.0	117	13	2	22.4	4	E
1738097	0.75	0.827586206897	13.2068965517	18.3191489362	2784.0	3384.0	116.0	141	19	3	24.0	5	D
1738099	1.0	0.784482758621	47.8461538462	47.0	478.4	349.6	26.0	19	8	4	18.4	4	E
1738100	1.0	1.0	73.6	70.0	312.0	312.0	10.0	10	7	3	31.2	2	L
1738108	1.0	1.0	91.2727272727	72.6363636364	343.2	343.2	11.0	11	5	2	31.2	2	Z
1738116	1.0	1.0	72.5555555556	45.2222222222	547.2	547.2	18.0	18	6	2	30.4	5	L
1738117	0.98275862069	1.0	61.6666666667	69.7777777778	259.2	259.2	9.0	9	15	3	28.8	4	Z
1738122	0.974137931034	0.956896551724	53.6	54.6	288.0	288.0	10.0	10	13	5	28.8	5	Z
1738136	0.844827586207	0.844827586207	12.0869565217	10.2660550459	1766.4	2092.8	92.0	109	24	5	19.2	10	E
1739225	0.965517241379	0.887931034483	18.8461538462	24.7826086957	582.4	515.2	26.0	23	22	7	22.4	7	L
1739239	1.0	1.0	103.125	94.625	155.2	155.2	8.0	8	3	1	19.4	0	Z
1739277	1.0	1.0	33.0779661017	35.8576271186	15340.0	15340.0	295.0	295	13	6	52.0	7	D
1739320	0.991379310345	0.818965517241	36.0	30.7777777778	314.775310345	283.29777931	10.0	9	38	9	31.4775310345	2	Z
1739329	0.939655172414	1.0	74.75	52.5	309.543448276	309.543448276	4.0	4	119	2	77.385862069	2	Z
1739330	1.0	0.922413793103	49.6666666667	36.2222222222	329.194117241	329.194117241	9.0	9	16	7	36.5771241379	3	Z
1739331	1.0	1.0	76.8888888889	53.6666666667	223.09149569	223.09149569	9.0	9	7	3	24.7879439655	3	L
1739335	1.0	1.0	129.25	99.75	96.707862069	96.707862069	4.0	4	4	2	24.1769655172	2	Z
1739336	1.0	0.853448275862	123.571428571	70.6666666667	181.776724138	155.80862069	7.0	6	8	4	25.9681034483	2	L
1739338	0.879310344828	0.655172413793	102.666666667	138.0	93.3540517241	62.2360344828	3.0	2	18	4	31.1180172414	1	Z
1739339	1.0	0.939655172414	45.2203389831	46.4736842105	453.369732759	438.001267241	59.0	57	6	3	7.68423275862	4	E
1739340	1.0	1.0	754.0	754.0	93.14	93.14	1.0	1	0	0	93.14	0	Z
1739341	0.922413793103	0.931034482759	41.0	38.5	526.127586207	526.127586207	6.0	6	138	6	87.6879310345	3	Z
1739342	0.663793103448	0.198275862069	25.3636363636	9.0	890.45	323.8	11.0	4	97	3	80.95	4	Z
1739343	1.0	0.896551724138	95.6	60.3333333333	142.674568966	171.209482759	5.0	6	8	4	28.5349137931	2	Z
1739347	1.0	1.0	191.5	199.0	132.417425862	132.417425862	2.0	2	4	1	66.208712931	1	Z
1739348	1.0	1.0	357.0	294.0	66.8	66.8	2.0	2	2	1	33.4	0	Z
1739352	1.0	1.0	1459.0	1459.0	32.3706	32.3706	1.0	1	0	0	32.3706	0	Z
1739353	1.0	1.0	2024.0	2088.0	14.1955	14.1955	1.0	1	0	0	14.1955	1	Z
1739356	1.0	1.0	64.1428571429	56.4285714286	235.087396552	235.087396552	7.0	7	13	6	33.5839137931	4	Z
1739357	1.0	1.0	1236.0	1276.0	5.3	5.3	1.0	1	0	0	5.3	0	Z
1739362	0.931034482759	0.948275862069	33.375	56.4	248.207586207	232.694612069	16.0	15	14	5	15.5129741379	4	Z
1739363	0.879310344828	0.862068965517	101.0	81.0	113.88	113.88	3.0	3	120	2	37.96	1	Z
1739365	0.931034482759	0.931034482759	61.2	53.6	138.496465517	138.496465517	5.0	5	71	5	27.6992931034	3	Z
1739366	1.0	1.0	69.1428571429	49.5714285714	251.787924138	251.787924138	7.0	7	21	8	35.9697034483	4	Z
1739368	1.0	1.0	640.0	602.0	12.9	12.9	1.0	1	2	1	12.9	0	Z
1739370	1.0	1.0	96.4	110.8	55.9903017241	55.9903017241	5.0	5	14	5	11.1980603448	4	Z
1739372	0.931034482759	1.0	156.0	102.5	78.4527775862	78.4527775862	2.0	2	126	4	39.2263887931	3	Z
1739375	1.0	0.991379310345	20.7260273973	29.5694444444	810.588098276	799.484151724	73.0	72	18	9	11.1039465517	6	E
1739379	1.0	0.827586206897	36.84	21.0454545455	1062.98706897	935.42862069	25.0	22	20	10	42.5194827586	5	L
1739382	0.827586206897	0.896551724138	22.6	29.9047619048	391.075862069	410.629655172	20.0	21	51	10	19.5537931034	6	L
1739387	1.0	1.0	630.0	696.0	40.4514	40.4514	3.0	3	0	0	13.4838	0	Z
1739390	0.672413793103	0.508620689655	15.8571428571	23.25	1566.52758621	895.15862069	14.0	8	133	8	111.894827586	6	L
1739393	1.0	1.0	191.428571429	216.571428571	55.7815275862	55.7815275862	7.0	7	2	1	7.96878965517	2	L
1739394	0.870689655172	0.844827586207	53.0	34.75	81.5317241379	108.708965517	3.0	4	35	1	27.1772413793	2	Z
1739397	1.0	1.0	40.0	258.076923077	186.083232759	186.083232759	26.0	26	16	4	7.15704741379	2	E
1739398	1.0	1.0	256.5	273.0	25.4556	25.4556	4.0	4	2	1	6.3639	2	Z
1739404	1.0	1.0	339.0	348.0	35.3	35.3	1.0	1	0	0	35.3	1	Z
1739405	1.0	0.896551724138	92.5	45.6	189.105517241	236.381896552	4.0	5	14	3	47.2763793103	3	Z
1739406	0.922413793103	0.844827586207	34.875	41.0	662.338337931	579.54604569	8.0	7	69	3	82.7922922414	3	Z
1739407	0.922413793103	0.810344827586	45.9	47.6	252.227586207	252.227586207	10.0	10	10	3	25.2227586207	3	Z
1739408	0.939655172414	0.896551724138	41.7142857143	51.5	267.415086207	229.212931034	7.0	6	44	8	38.2021551724	4	Z
1739410	1.0	0.956896551724	123.333333333	69.6666666667	111.977930172	111.977930172	3.0	3	10	4	37.3259767241	3	Z
1739417	1.0	0.913793103448	77.6	49.6	62.3392241379	62.3392241379	5.0	5	27	6	12.4678448276	3	Z
1739419	1.0	1.0	76.625	93.125	141.81557931	141.81557931	8.0	8	10	5	17.7269474138	1	Z
1739422	0.905172413793	0.76724137931	43.8571428571	32.8333333333	708.170689655	607.003448276	7.0	6	59	3	101.167241379	3	Z
1739424	1.0	1.0	53.0	38.5	782.236413793	782.236413793	10.0	10	13	6	78.2236413793	4	Z
1769168	0.73275862069	0.620689655172	30.4285714286	31.75	68.6	58.8	14.0	12	52	7	4.9	5	L
1769175	0.887931034483	0.706896551724	18.2635658915	1.27934485896	632.1	5385.1	129.0	1099	25	6	4.9	7	E
1769178	1.0	1.0	66.0	70.1666666667	70.2	70.2	18.0	18	3	1	3.9	1	E
1769179	0.879310344828	0.629310344828	34.1666666667	25.9230769231	160.2	115.7	18.0	13	19	6	8.9	6	L
1769182	0.98275862069	1.0	24.4594594595	15.4736842105	1106.3	1136.2	37.0	38	20	9	29.9	5	L
1769183	0.689655172414	0.586206896552	23.8928571429	10.6176470588	137.2	166.6	28.0	34	54	6	4.9	6	L
1769204	0.870689655172	0.818965517241	90.5	62.8571428571	89.4	104.3	6.0	7	30	4	14.9	2	L
1769342	0.948275862069	0.956896551724	84.0	187.25	191.6	191.6	4.0	4	54	6	47.9	1	Z
1770962	1.0	1.0	27.2931596091	28.8973941368	8227.6	8227.6	614.0	614	28	14	13.4	12	B
1774204	1.0	0.948275862069	24.1056034483	12.6353467562	11507.2	11085.6	464.0	447	17	8	24.8	7	C
1774205	0.974137931034	0.896551724138	21.364806867	9.86192468619	3495.0	3585.0	233.0	239	22	7	15.0	8	D
1776149	0.948275862069	0.974137931034	29.7692307692	26.0	972.4	1009.8	26.0	27	16	7	37.4	7	E
1776176	1.0	0.948275862069	16.2643678161	13.3218390805	3871.5	3871.5	87.0	87	23	10	44.5	9	E
1777009	1.0	1.0	19.5614035088	44.2105263158	7706.4	7706.4	57.0	57	22	9	135.2	3	D
1777016	1.0	1.0	37.64	47.3	8460.0	8460.0	50.0	50	12	6	169.2	5	E
1777017	1.0	0.862068965517	87.3260869565	59.6511627907	7001.2	6544.6	46.0	43	4	2	152.2	9	E
1777019	1.0	1.0	67.6052631579	76.6315789474	6429.6	6429.6	38.0	38	5	2	169.2	3	E
1777024	0.98275862069	0.922413793103	16.6645962733	11.4117647059	23135.7	21986.1	161.0	153	24	10	143.7	14	C
1777025	1.0	1.0	403.5625	416.28125	3088.1088	3088.1088	32.0	32	0	0	96.5034	0	E
1781115	0.663793103448	0.241379310345	19.0	13.5	1788.0	715.2	15.0	6	28	4	119.2	7	L
1781123	0.913793103448	0.465517241379	20.1290322581	17.6153846154	3943.2	1653.6	31.0	13	22	8	127.2	9	L
1781143	0.534482758621	0.26724137931	21.5454545455	11.6666666667	1487.2	811.2	11.0	6	56	3	135.2	9	L
1781155	0.870689655172	0.827586206897	75.5714285714	52.8888888889	644.0	828.0	7.0	9	7	2	92.0	3	L
1781176	0.629310344828	0.293103448276	10.9	21.0	1080.0	324.0	10.0	3	127	4	108.0	2	L
1795972	0.931034482759	0.931034482759	23.9107142857	26.8793103448	5992.0	6206.0	56.0	58	20	6	107.0	5	E
1796016	0.905172413793	0.784482758621	20.2068965517	25.4285714286	867.1	837.2	29.0	28	23	7	29.9	6	E
1796048	0.706896551724	0.51724137931	9.31111111111	10.1891891892	1800.0	1480.0	45.0	37	42	11	40.0	8	E
1796053	1.0	1.0	22.38647343	20.4323671498	24301.8	24301.8	414.0	414	25	12	58.7	14	B
1796054	0.818965517241	0.534482758621	17.2142857143	9.27272727273	649.6	382.8	56.0	33	18	5	11.6	10	L
1796060	1.0	1.0	27.6811594203	25.4202898551	5809.8	5809.8	69.0	69	22	9	84.2	12	D
1796067	0.974137931034	0.939655172414	44.4666666667	50.7333333333	304.5	304.5	15.0	15	16	7	20.3	3	L
1796069	0.974137931034	0.939655172414	28.2233009709	26.4245283019	2307.2	2374.4	103.0	106	15	5	22.4	6	D
1796071	1.0	1.0	27.1241830065	24.7320261438	10281.6	10281.6	153.0	153	22	11	67.2	10	C
1796073	1.0	0.879310344828	37.8666666667	20.1578947368	304.5	385.7	15.0	19	21	8	20.3	5	L
1796081	0.948275862069	0.698275862069	55.6666666667	37.9090909091	294.0	269.5	12.0	11	11	4	24.5	5	Z
1796082	0.948275862069	1.0	34.75	33.5254237288	1008.8	1144.6	52.0	59	13	5	19.4	5	E
1799083	1.0	0.827586206897	536.333333333	277.25	414.72	414.72	12.0	12	0	0	34.56	0	Z
1799088	1.0	1.0	57.9230769231	85.3846153846	833.04	833.04	13.0	13	8	4	64.08	0	L
1799096	1.0	1.0	545.0	396.5	169.92	169.92	4.0	4	0	0	42.48	0	Z
1799101	1.0	1.0	77.1176470588	72.0	587.52	587.52	17.0	17	2	1	34.56	0	Z
1799135	1.0	0.896551724138	45.3529411765	45.3333333333	561.68	495.6	17.0	15	11	5	33.04	0	L
1799143	0.844827586207	0.741379310345	28.6153846154	28.75	401.44	370.56	13.0	12	26	1	30.88	0	L
1799146	1.0	0.629310344828	47.3953488372	20.6195652174	5479.92	3908.16	129.0	92	6	3	42.48	0	D
1799147	0.974137931034	0.681034482759	33.3913043478	28.5882352941	759.92	561.68	23.0	17	10	2	33.04	0	L
1799173	1.0	0.75	138.227848101	86.1666666667	5631.12	5132.16	79.0	72	0	0	71.28	0	D
1799176	1.0	0.655172413793	47.2604166667	53.0853658537	10990.08	9387.36	96.0	82	7	3	114.48	0	D
1805018	1.0	0.974137931034	86.1481481481	94.0740740741	2118.96	2118.96	27.0	27	4	2	78.48	0	Z
1807818	0.965517241379	0.965517241379	96.4	473.142857143	1180.0	1239.0	20.0	21	2	0	59.0	3	Z
1811527	0.784482758621	0.431034482759	11.0925925926	23.1111111111	1938.6	1938.6	54.0	54	27	9	35.9	0	E
1825076	0.905172413793	0.965517241379	20.7142857143	30.6071428571	1035.72	1035.72	28.0	28	27	6	36.99	4	Z
1825081	1.0	1.0	88.9166666667	110.5	715.2	715.2	12.0	12	6	3	59.6	1	Z
1825196	0.913793103448	0.793103448276	29.4347826087	30.5744680851	1748.0	1786.0	46.0	47	14	3	38.0	5	E
1825198	0.922413793103	0.844827586207	48.5833333333	50.1818181818	438.0	401.5	12.0	11	13	5	36.5	3	Z
1825201	1.0	1.0	58.2127659574	62.829787234	2538.0	2538.0	47.0	47	4	2	54.0	2	E
1825206	1.0	0.948275862069	36.4761904762	44.2	2289.0	2180.0	21.0	20	13	5	109.0	3	Z
1825209	1.0	1.0	43.6046511628	59.8372093023	4730.0	4730.0	43.0	43	8	3	110.0	3	E
1828189	0.741379310345	0.853448275862	19.8529411765	22.4489795918	535.5	771.75	34.0	49	51	7	15.75	6	E
1828193	0.948275862069	0.775862068966	51.3333333333	49.1153846154	1879.2	1628.64	90.0	78	22	9	20.88	4	E
1828206	0.939655172414	0.344827586207	11.6923076923	7.26666666667	1724.74141293	663.362081897	39.0	15	32	11	44.2241387931	10	L
1828207	0.870689655172	0.896551724138	41.1111111111	39.9230769231	526.5	760.5	9.0	13	57	5	58.5	6	L
1828215	1.0	1.0	341.796875	162.421875	3434.83497931	3434.83497931	64.0	64	0	0	53.6692965517	1	E
1828216	0.887931034483	0.784482758621	22.02	15.6346153846	987.5	1027.0	50.0	52	27	8	19.75	8	E
1828454	1.0	0.913793103448	35.1043478261	22.1126760563	9660.0	8946.0	230.0	213	14	7	42.0	11	C
182911	0.913793103448	0.879310344828	19.031496063	14.7542372881	3365.5	3127.0	127.0	118	25	8	26.5	11	E
1840251	0.75	0.525862068966	10.3333333333	7.81132075472	10824.0	8692.0	66.0	53	30	7	164.0	10	E
1841107	1.0	1.0	125.933333333	126.266666667	1102.5	1102.5	15.0	15	0	0	73.5	0	Z
1841201	0.75	0.741379310345	105.333333333	25.5882352941	720.0	1020.0	12.0	17	30	7	60.0	5	L
1841550	1.0	1.0	172.25	138.125	455.04	455.04	8.0	8	0	0	56.88	0	Z
1841552	0.887931034483	0.784482758621	49.1111111111	43.9	447.12	496.8	9.0	10	25	0	49.68	0	L
1841556	1.0	1.0	277.666666667	146.333333333	159.84	159.84	3.0	3	2	1	53.28	0	L
1842248	0.974137931034	0.922413793103	115.916666667	76.0	660.0	660.0	12.0	12	4	1	55.0	3	Z
1842249	1.0	1.0	173.125	172.75	392.0	392.0	8.0	8	2	1	49.0	1	Z
1842250	1.0	1.0	80.3636363636	64.9090909091	429.0	429.0	11.0	11	8	4	39.0	6	Z
1859469	0.913793103448	0.853448275862	19.8855421687	17.8451612903	9926.8	9269.0	332.0	310	27	12	29.9	13	D
1859477	0.810344827586	0.827586206897	14.0833333333	16.0	2664.0	2442.0	36.0	33	27	6	74.0	9	L
1860931	0.620689655172	0.327586206897	6.27848101266	4.05769230769	2362.1	1554.8	79.0	52	29	6	29.9	12	E
1861001	1.0	0.991379310345	27.9004975124	24.1945812808	2474.27673103	2498.8964	402.0	406	25	9	6.15491724138	5	B
1887430	1.0	1.0	122.210526316	126.210526316	1406.0	1406.0	19.0	19	1	0	74.0	1	Z
1887431	0.534482758621	0.336206896552	7.49253731343	8.325	2010.0	1200.0	67.0	40	27	3	30.0	6	E
1887444	1.0	1.0	56.1428571429	40.3781512605	12376.0	12376.0	119.0	119	8	4	104.0	8	D
1887463	0.879310344828	0.396551724138	83.2	31.0	121.5	97.2	5.0	4	36	4	24.3	1	Z
1887465	0.810344827586	0.189655172414	24.74	6.73529411765	900.0	306.0	100.0	34	14	3	9.0	7	E
1887484	1.0	1.0	26.9074074074	34.1111111111	1333.8	1333.8	54.0	54	19	8	24.7	7	E
1909582	0.913793103448	0.543103448276	20.8684210526	7.17391304348	1938.0	1173.0	38.0	23	19	8	51.0	11	L
1909618	0.793103448276	0.724137931034	35.0	34.0	837.0	837.0	18.0	18	55	3	46.5	4	Z
1909627	0.948275862069	0.698275862069	25.3953488372	20.1111111111	1075.0	900.0	43.0	36	13	4	25.0	4	E
1925950	1.0	1.0	132.5	144.9	195.0	195.0	10.0	10	4	2	19.5	0	Z
1925963	1.0	1.0	49.6136363636	57.6818181818	756.8	756.8	44.0	44	6	3	17.2	6	E
1925964	0.698275862069	0.672413793103	44.7692307692	61.2352941176	292.5	382.5	13.0	17	56	1	22.5	5	Z
1925966	0.896551724138	0.73275862069	30.1290322581	30.511627907	604.5	838.5	31.0	43	18	4	19.5	5	E
1925967	1.0	1.0	184.25	449.0	84.0	84.0	4.0	4	4	2	21.0	4	Z
1925968	1.0	0.948275862069	60.4603174603	35.7076923077	913.5	942.5	63.0	65	6	3	14.5	8	E
1925989	0.991379310345	0.672413793103	83.875	27.5	403.2	403.2	8.0	8	16	6	50.4	2	L
1926029	0.810344827586	0.396551724138	53.9642857143	10.5	967.68	552.96	28.0	16	38	4	34.56	3	L
1929757	0.913793103448	0.939655172414	35.9765100671	44.75	34568.0	37352.0	596.0	644	15	6	58.0	0	B
1931590	1.0	1.0	48.4344827586	50.4689655172	1811.94925	1811.94925	145.0	145	6	3	12.4962017241	4	D
1931602	0.76724137931	0.568965517241	42.1666666667	15.8333333333	492.0	492.0	12.0	12	57	4	41.0	9	L
1943938	1.0	0.844827586207	55.8571428571	41.4268292683	10738.0	9676.0	182.0	164	4	2	59.0	10	E
1958460	0.793103448276	0.439655172414	10.6551724138	15.4897959184	783.0	441.0	87.0	49	17	1	9.0	7	L
1958467	0.76724137931	0.293103448276	13.0847457627	8.63157894737	531.0	171.0	59.0	19	17	4	9.0	6	Z
1958537	0.931034482759	0.758620689655	23.15	20.6666666667	2380.0	1785.0	20.0	15	22	8	119.0	4	L
1958542	0.853448275862	0.73275862069	13.575	16.0588235294	2960.0	2516.0	40.0	34	24	8	74.0	7	E
1958543	0.706896551724	0.5	5.765625	5.3137254902	1664.0	1326.0	64.0	51	38	4	26.0	9	E
1978126	0.939655172414	0.939655172414	22.0769230769	21.875	3471.0	3560.0	39.0	40	20	6	89.0	5	E
1978163	0.905172413793	0.939655172414	53.6363636364	36.3414634146	554.4	688.8	33.0	41	10	4	16.8	3	E
1981962	1.0	0.939655172414	46.7826086957	92.0229885057	5060.0	4785.0	92.0	87	3	1	55.0	0	E
1981971	0.905172413793	0.603448275862	33.1714285714	54.8648648649	2415.0	2553.0	35.0	37	11	4	69.0	0	E
2000547	0.646551724138	0.310344827586	37.0	50.0	272.16	90.72	3.0	1	108	0	90.72	0	L
2000548	1.0	0.663793103448	166.0	71.75	417.6	417.6	4.0	4	0	0	104.4	0	L
2000549	0.827586206897	0.73275862069	48.0	237.0	208.8	208.8	2.0	2	138	0	104.4	0	Z
2000561	0.810344827586	0.836206896552	95.0	130.333333333	165.6	248.4	2.0	3	118	3	82.8	0	Z
2001957	1.0	1.0	26.9473684211	26.0350877193	2861.4	2861.4	57.0	57	13	6	50.2	7	D
2003467	0.948275862069	0.956896551724	31.4074074074	22.1651376147	2419.2	2441.6	108.0	109	12	4	22.4	5	E
2003473	0.98275862069	0.991379310345	42.875	45.4583333333	540.0	540.0	24.0	24	11	4	22.5	3	E
2003486	0.775862068966	0.5	17.4693877551	7.90322580645	1097.6	694.4	49.0	31	20	6	22.4	6	L
2003657	0.862068965517	0.741379310345	23.6095890411	16.2109375	7592.0	6656.0	146.0	128	18	7	52.0	10	D
2003661	1.0	0.887931034483	72.0015313936	31.9608843537	28079.0	25284.0	653.0	588	9	4	43.0	11	B
2003674	0.76724137931	0.818965517241	19.0754039497	15.0508474576	18938.0	20060.0	557.0	590	32	8	34.0	12	C
2004112	1.0	1.0	51.0776699029	50.5145631068	721.0	721.0	103.0	103	5	1	7.0	1	E
2004915	1.0	1.0	1019.5	629.0	142.56	142.56	2.0	2	0	0	71.28	0	Z
2004922	1.0	0.879310344828	61.75	68.4166666667	509.76	509.76	12.0	12	5	2	42.48	0	L
2004926	1.0	1.0	582.4	426.0	212.4	212.4	5.0	5	0	0	42.48	0	Z
2004931	1.0	1.0	300.142857143	185.0	297.36	297.36	7.0	7	1	0	42.48	0	Z
2004936	1.0	0.715517241379	732.25	305.6	227.52	284.4	4.0	5	0	0	56.88	0	Z
2004987	1.0	0.534482758621	55.2222222222	36.375	706.32	627.84	9.0	8	12	2	78.48	0	L
2004991	1.0	0.775862068966	195.0	164.0	61.2	61.2	1.0	1	28	0	61.2	0	L
2004992	0.431034482759	0.491379310345	16.6666666667	45.0	170.64	170.64	3.0	3	152	0	56.88	0	L
2005053	1.0	0.810344827586	111.0	59.1666666667	284.7	284.7	6.0	6	2	1	47.45	0	L
2005058	1.0	0.793103448276	65.4444444444	34.5714285714	900.72	700.56	9.0	7	6	2	100.08	0	L
2005087	1.0	0.439655172414	54.2857142857	26.3333333333	549.36	470.88	7.0	6	20	1	78.48	0	L
2005088	0.655172413793	0.137931034483	17.4	17.0	752.4	150.48	5.0	1	136	1	150.48	0	L
2005106	0.810344827586	0.448275862069	56.5	20.2	902.88	752.4	6.0	5	66	4	150.48	0	L
2020468	0.905172413793	0.810344827586	23.6424474187	13.2224576271	19664.8	17747.2	523.0	472	20	8	37.6	7	C
2020481	1.0	0.965517241379	24.4761904762	13.1884057971	21420.0	20700.0	714.0	690	21	10	30.0	8	C
2020487	1.0	0.862068965517	28.912371134	24.1611111111	6362.54407931	5903.39141379	194.0	180	14	5	32.7966189655	5	D
2020498	0.922413793103	0.818965517241	29.2352941176	15.3333333333	6052.0	5874.0	136.0	132	11	4	44.5	7	D
2020508	0.939655172414	0.844827586207	15.264573991	15.0146341463	7046.8	6478.0	223.0	205	18	5	31.6	6	D
2020509	1.0	0.956896551724	36.0342465753	15.8741258741	2175.4	2130.7	146.0	143	12	4	14.9	7	D
2020606	1.0	1.0	34.15625	52.75	2390.4	2390.4	96.0	96	12	6	24.9	2	E
2031944	0.525862068966	0.431034482759	15.25	30.5	140.4	140.4	4.0	4	149	0	35.1	0	L
2031952	0.905172413793	0.310344827586	108.5	33.3333333333	140.4	105.3	4.0	3	10	4	35.1	0	L
2031953	0.905172413793	0.525862068966	33.1	30.0	580.0	464.0	10.0	8	33	5	58.0	0	L
2031956	0.801724137931	0.431034482759	14.5294117647	31.3333333333	596.7	315.9	17.0	9	36	5	35.1	0	L
2031967	0.905172413793	0.818965517241	222.333333333	122.0	402.0	1139.0	6.0	17	12	5	67.0	0	Z
2031971	0.681034482759	0.224137931034	21.0	20.3333333333	346.5	189.0	11.0	6	58	3	31.5	0	L
2032198	0.905172413793	0.448275862069	105.0	26.0	46.98	93.96	1.0	2	94	0	46.98	0	L
2032199	1.0	0.689655172414	272.5	197.0	84.96	84.96	2.0	2	0	0	42.48	0	L
2032207	1.0	0.672413793103	68.5714285714	72.0	297.36	169.92	7.0	4	16	2	42.48	0	Z
2032217	1.0	0.991379310345	131.0	50.0	198.72	198.72	4.0	4	6	2	49.68	0	L
2032218	1.0	0.896551724138	60.4285714286	49.0	347.76	248.4	7.0	5	8	1	49.68	0	Z
2032226	1.0	1.0	148.333333333	128.0	127.44	127.44	3.0	3	2	1	42.48	0	Z
2035035	0.474137931034	0.370689655172	10.7611940299	10.6603773585	769.403856897	608.632901724	67.0	53	85	3	11.4836396552	4	L
2035064	1.0	1.0	35.8823529412	25.8823529412	201.865547414	201.865547414	17.0	17	81	5	11.8744439655	4	L
2038010	0.413793103448	0.25	11.4285714286	21.5	434.7	248.4	7.0	4	134	2	62.1	0	L
2038023	1.0	0.551724137931	357.0	74.5	161.1	322.2	1.0	2	0	0	161.1	0	L
2038027	0.844827586207	0.51724137931	104.0	16.9	497.7	711.0	7.0	10	40	2	71.1	0	L
2038031	1.0	0.715517241379	254.0	246.0	179.1	179.1	1.0	1	0	0	179.1	0	L
2038119	0.905172413793	0.534482758621	131.6	45.0	220.5	220.5	5.0	5	28	1	44.1	0	L
2038124	0.810344827586	0.448275862069	23.375	18.125	712.8	712.8	8.0	8	57	5	89.1	0	L
2040754	0.905172413793	0.551724137931	457.0	50.4	135.0	675.0	1.0	5	56	5	135.0	0	L
2040767	1.0	0.775862068966	inf	47.0	0.0	405.0	0.0	3	0	0	135.0	0	L
2048647	1.0	1.0	50.65	41.25	883.4	883.4	20.0	20	10	5	44.17	7	Z
2048659	0.948275862069	0.913793103448	33.126984127	25.1176470588	5134.5	5542.0	63.0	68	12	5	81.5	7	D
2055453	0.965517241379	1.0	16.422644771	16.5250637213	79833.0	81213.0	1157.0	1177	27	9	69.0	13	B
205944	1.0	1.0	15.3	18.7833333333	831.6	831.6	60.0	60	26	12	13.86	6	E
2086352	0.784482758621	0.784482758621	25.2666666667	19.8888888889	664.5	797.4	15.0	18	55	6	44.3	7	L
2098008	0.913793103448	0.905172413793	20.7889908257	18.8018867925	3706.0	3604.0	109.0	106	17	6	34.0	9	E
2102086	1.0	0.965517241379	31.0454545455	29.9607843137	2294.6	2279.7	154.0	153	16	8	14.9	8	D
2102092	1.0	0.948275862069	23.0987654321	25.1466666667	3272.4	3030.0	162.0	150	17	8	20.2	7	D
2122741	0.931034482759	1.0	105.591549296	39.5211267606	695.8	695.8	71.0	71	6	2	9.8	7	Z
2133448	1.0	0.896551724138	40.9705882353	30.2619047619	938.4	1159.2	34.0	42	13	6	27.6	6	E
2133457	0.73275862069	0.603448275862	18.15	9.45	1100.0	1100.0	20.0	20	82	8	55.0	9	E
2133528	0.905172413793	0.413793103448	45.3333333333	14.8181818182	180.0	165.0	12.0	11	26	6	15.0	8	L
2144672	1.0	1.0	30.6838235294	29.6930147059	27308.8	27308.8	544.0	544	19	9	50.2	14	C
2144688	1.0	1.0	19.5316455696	23.835443038	3913.81405	3913.81405	79.0	79	21	9	49.54195	9	E
2144704	1.0	0.887931034483	29.9900990099	35.1304347826	894.549250862	814.836941379	101.0	92	14	6	8.85692327586	7	E
2174254	1.0	1.0	58.1875	63.21875	267.168	267.168	64.0	64	0	0	4.1745	0	Z
2174256	1.0	1.0	87.4081632653	91.731292517	4685.11810345	4685.11810345	588.0	588	0	0	7.96788793103	2	B
2174266	1.0	1.0	163.481481481	164.481481481	180.5409	180.5409	27.0	27	0	0	6.6867	0	Z
2174268	1.0	1.0	222.210526316	225.421052632	183.92	183.92	19.0	19	0	0	9.68	0	Z
2174270	1.0	1.0	611.375	611.375	116.56	116.56	8.0	8	0	0	14.57	0	Z
2174291	0.931034482759	0.741379310345	20.8965517241	40.2179487179	12075.0684	10825.9233931	174.0	156	16	6	69.3969448276	8	D
2174421	0.896551724138	0.810344827586	23.4545454545	20.2597402597	471.208137931	439.794262069	165.0	154	26	9	2.85580689655	6	D
2174423	1.0	1.0	84.1203703704	104.976851852	462.892841379	462.892841379	216.0	216	0	0	2.14302241379	1	D
2174425	1.0	1.0	106.75	108.402777778	2841.3504	2841.3504	72.0	72	0	0	39.4632	1	E
2184046	1.0	0.931034482759	18.6388888889	19.90625	1594.8	1417.6	36.0	32	23	11	44.3	7	L
2184050	1.0	1.0	31.0788423154	31.0369261477	19038.0	19038.0	1002.0	1002	21	10	19.0	12	B
2184405	1.0	1.0	31.7910447761	31.5895522388	10143.8	10143.8	134.0	134	10	5	75.7	9	D
2184506	1.0	0.310344827586	292.5	33.0	498.0	996.0	2.0	4	0	0	249.0	0	L
2189028	1.0	1.0	166.0	375.333333333	335.754662069	335.754662069	3.0	3	50	5	111.91822069	2	Z
2189411	1.0	0.293103448276	248.0	260.0	564.3	188.1	3.0	1	0	0	188.1	0	L
2189415	1.0	0.293103448276	123.0	122.0	940.5	376.2	5.0	2	0	0	188.1	0	L
2189423	1.0	0.293103448276	369.0	61.5	120.6	241.2	1.0	2	0	0	120.6	0	L
2189443	1.0	1.0	246.0	251.0	302.4	302.4	3.0	3	1	0	100.8	0	Z
2189455	0.974137931034	0.931034482759	22.4330357143	31.9953703704	3785.6	3650.4	224.0	216	18	7	16.9	9	D
2189457	0.98275862069	0.948275862069	40.2086956522	55.8786610879	3441.32265517	3575.9831069	230.0	239	12	5	14.9622724138	4	C
2189459	0.896551724138	1.0	32.6363636364	77.0869565217	1627.68122759	1701.66673793	22.0	23	24	8	73.9855103448	4	E
2200866	1.0	1.0	604.166666667	646.0	384.0	384.0	6.0	6	0	0	64.0	3	Z
2201148	1.0	1.0	44.4761904762	94.3333333333	1176.0	1176.0	21.0	21	15	7	56.0	2	Z
2201150	0.931034482759	1.0	64.9090909091	69.7272727273	1108.8	1108.8	11.0	11	14	5	100.8	1	Z
2201158	1.0	1.0	380.333333333	355.0	564.3	564.3	3.0	3	2	1	188.1	0	Z
2201160	0.896551724138	0.568965517241	24.5555555556	17.75	2729.7	2426.4	9.0	8	53	7	303.3	4	Z
2201164	1.0	1.0	410.2	415.8	725.0	725.0	5.0	5	0	0	145.0	1	Z
2201172	1.0	1.0	285.25	285.75	832.0	832.0	8.0	8	0	0	104.0	1	Z
2201657	1.0	1.0	187.571428571	192.571428571	1148.0	1148.0	7.0	7	3	1	164.0	2	Z
2201661	1.0	1.0	167.217391304	165.869565217	2737.0	2737.0	23.0	23	0	0	119.0	2	Z
2201667	0.870689655172	0.689655172414	45.5	42.0	1720.0	1548.0	10.0	9	18	3	172.0	3	Z
2201673	1.0	1.0	173.333333333	174.333333333	444.0	444.0	6.0	6	4	2	74.0	3	Z
2201675	1.0	1.0	82.6153846154	74.3076923077	1157.0	1157.0	13.0	13	6	3	89.0	1	L
2201681	0.98275862069	0.827586206897	40.7272727273	27.1111111111	902.0	738.0	11.0	9	16	6	82.0	5	Z
2211080	1.0	0.560344827586	19.309352518	35.5966386555	6811.0	5831.0	139.0	119	15	7	49.0	0	D
2217929	1.0	1.0	72.1666666667	70.7777777778	661.5	661.5	18.0	18	5	2	36.75	3	L
2217931	0.836206896552	0.689655172414	17.7307692308	19.1818181818	1150.5	973.5	26.0	22	17	4	44.25	5	L
2217937	0.939655172414	0.73275862069	19.0952380952	15.4242424242	1543.5	1212.75	42.0	33	18	6	36.75	8	L
222477	0.896551724138	0.974137931034	37.5762711864	59.5967741935	1416.0	1488.0	59.0	62	6	2	24.0	1	E
222478	1.0	0.818965517241	26.4428571429	20.0655737705	4690.0	4087.0	140.0	122	16	8	33.5	9	D
222483	1.0	0.896551724138	30.6388888889	18.8934911243	5904.0	5543.2	180.0	169	11	5	32.8	8	D
2228012	1.0	1.0	105.444444444	118.388888889	1332.0	1332.0	18.0	18	4	2	74.0	2	Z
2228014	0.655172413793	0.887931034483	76.2	47.75	445.0	356.0	5.0	4	64	4	89.0	2	Z
2228016	1.0	0.758620689655	87.0	53.4285714286	656.0	574.0	8.0	7	9	4	82.0	2	Z
2228054	0.655172413793	0.474137931034	50.6	44.347826087	1475.0	1357.0	25.0	23	66	4	59.0	3	L
2228064	1.0	1.0	216.6	223.0	445.0	445.0	5.0	5	4	2	89.0	1	Z
2228066	1.0	0.741379310345	43.4285714286	58.4545454545	938.0	737.0	14.0	11	15	6	67.0	5	Z
2228068	0.931034482759	0.818965517241	31.8571428571	42.4615384615	1876.0	1742.0	14.0	13	28	7	134.0	4	L
2228072	1.0	1.0	262.833333333	319.666666667	852.0	852.0	6.0	6	0	0	142.0	3	Z
2228074	1.0	1.0	143.875	157.0	1792.0	1792.0	16.0	16	0	0	112.0	1	Z
2228076	1.0	1.0	136.454545455	129.454545455	1144.0	1144.0	11.0	11	2	1	104.0	2	Z
2228451	1.0	1.0	2546.0	2547.0	298.52	298.52	2.0	2	0	0	149.26	0	Z
2228481	1.0	1.0	571.666666667	638.666666667	381.0	381.0	3.0	3	0	0	127.0	2	Z
2228525	1.0	1.0	154.857142857	164.428571429	784.0	784.0	7.0	7	2	1	112.0	1	Z
2228527	1.0	1.0	1041.0	1778.0	97.0	97.0	1.0	1	1	0	97.0	3	Z
2228531	1.0	1.0	64.2352941176	247.156862745	2363.87848966	2363.87848966	51.0	51	2	1	46.3505586207	1	E
2228543	1.0	1.0	265.0	311.4	745.0	745.0	5.0	5	0	0	149.0	2	Z
2228545	1.0	1.0	1342.0	1443.0	104.0	104.0	1.0	1	0	0	104.0	1	Z
2230974	1.0	1.0	109.875	112.5	660.063103448	660.063103448	8.0	8	6	3	82.507887931	2	Z
2230976	0.836206896552	0.672413793103	15.0810810811	17.3103448276	917.6	719.2	37.0	29	22	6	24.8	5	L
2230980	0.974137931034	0.939655172414	18.4722222222	17.5135135135	1191.6	1224.7	36.0	37	37	14	33.1	10	L
2230984	0.896551724138	1.0	29.6097560976	24.1860465116	922.5	967.5	41.0	43	13	4	22.5	5	E
2230986	0.98275862069	0.73275862069	34.8947368421	16.7333333333	457.9	361.5	19.0	15	15	6	24.1	6	L
2230988	0.965517241379	0.836206896552	14.6976744186	15.6111111111	1036.3	867.6	43.0	36	21	7	24.1	7	E
2230998	1.0	1.0	46.4375	39.0	360.0	360.0	16.0	16	7	3	22.5	3	L
2231000	0.896551724138	0.827586206897	18.2448979592	23.688172043	1754.2	1664.7	98.0	93	23	6	17.9	4	E
2231665	0.974137931034	0.98275862069	47.3461538462	52.7037037037	465.4	483.3	26.0	27	14	6	17.9	2	L
2231671	1.0	0.879310344828	23.0952380952	23.5	873.6	832.0	21.0	20	37	10	41.6	5	L
2231673	0.991379310345	0.75	22.9736842105	22.5344827586	1884.8	1438.4	76.0	58	16	7	24.8	5	E
2231675	0.991379310345	0.758620689655	28.1636363636	27.0	1237.5	1102.5	55.0	49	9	3	22.5	4	E
2231677	0.801724137931	0.431034482759	12.2483660131	14.2763157895	2279.7	1132.4	153.0	76	20	5	14.9	5	L
2231679	0.913793103448	0.793103448276	16.8116591928	12.1822916667	3991.7	3436.8	223.0	192	24	9	17.9	7	D
2231681	0.870689655172	0.620689655172	16.8933333333	16.3392857143	1117.5	834.4	75.0	56	20	5	14.9	5	E
2231687	0.758620689655	0.51724137931	11.1736111111	12.4318181818	4219.2	3867.6	144.0	132	35	6	29.3	11	D
2246330	0.836206896552	0.75	64.1666666667	36.1111111111	276.972413793	415.45862069	6.0	9	61	6	46.1620689655	3	L
2246332	0.76724137931	0.629310344828	15.8461538462	13.5238095238	1343.12413793	1084.83103448	26.0	21	68	9	51.6586206897	9	L
2246334	1.0	0.913793103448	112.0	99.75	49.9206896552	49.9206896552	4.0	4	8	4	12.4801724138	1	Z
2246384	0.431034482759	0.836206896552	43.5	60.3333333333	76.7184913793	115.077737069	2.0	3	142	0	38.3592456897	3	Z
2246398	1.0	0.974137931034	40.3636363636	37.4545454545	430.833443966	430.833443966	11.0	11	22	8	39.1666767241	4	L
2246400	1.0	0.870689655172	35.4545454545	17.6363636364	404.325634483	404.325634483	11.0	11	19	7	36.7568758621	6	L
2246402	1.0	1.0	75.1428571429	71.7142857143	168.779655172	168.779655172	7.0	7	7	3	24.1113793103	3	L
2246406	0.939655172414	0.879310344828	80.6	66.6	119.12887931	119.12887931	5.0	5	24	7	23.8257758621	3	Z
2247009	1.0	1.0	52.0	36.0	193.739785345	193.739785345	11.0	11	20	10	17.6127077586	3	Z
2247031	0.827586206897	0.827586206897	75.6666666667	75.6666666667	89.1	89.1	3.0	3	29	0	29.7	0	Z
2247041	0.991379310345	0.965517241379	22.2105263158	16.6578947368	425.731034483	425.731034483	38.0	38	23	9	11.2034482759	8	L
2247047	0.931034482759	0.810344827586	68.5	25.5555555556	243.531034483	273.972413793	8.0	9	32	4	30.4413793103	5	Z
2247049	1.0	0.939655172414	51.1111111111	53.375	238.642052586	212.126268966	9.0	8	16	8	26.5157836207	3	Z
2252131	1.0	1.0	30.0321399512	22.6781936534	35307.3837121	35307.3837121	2458.0	2458	18	8	14.3642732759	14	A
2252133	1.0	1.0	29.4051162791	30.4979069767	30004.2212069	30004.2212069	4300.0	4300	20	9	6.97772586207	12	A
2267968	1.0	0.887931034483	36.1988304094	34.2693266833	32170.2373707	30176.0589138	855.0	802	18	8	37.6260086207	7	C
2267980	0.23275862069	0.198275862069	4.78571428571	12.1923076923	2884.0	2678.0	28.0	26	103	0	103.0	8	Z
2268845	1.0	0.336206896552	25.506655574	9.27858627859	44353.8	17748.9	1202.0	481	11	5	36.9	11	B
2268847	0.956896551724	0.48275862069	25.2268907563	31.3384615385	9267.9342	5062.317	119.0	65	12	4	77.8818	10	E
2271570	1.0	1.0	2292.0	2292.25	327.0	327.0	4.0	4	0	0	81.75	0	Z
2271612	1.0	1.0	36.1234042553	46.7617021277	2820.0	2820.0	235.0	235	14	7	12.0	5	D
2271616	1.0	1.0	25.2478632479	23.9401709402	1287.0	1287.0	117.0	117	15	7	11.0	9	E
2271622	0.974137931034	0.991379310345	19.2023809524	25.7041420118	2352.0	2366.0	168.0	169	23	9	14.0	12	D
2271624	1.0	1.0	26.2147651007	27.1979865772	2980.0	2980.0	298.0	298	22	11	10.0	12	D
2271628	0.844827586207	0.844827586207	13.350877193	14.5178571429	14820.0	14560.0	57.0	56	32	8	260.0	7	E
2272681	1.0	1.0	30.6184331797	25.9483870968	19530.0	19530.0	1085.0	1085	30	15	18.0	16	B
2272683	0.73275862069	0.76724137931	24.1481481481	21.9393939394	1998.0	2442.0	27.0	33	45	6	74.0	7	L
2272693	1.0	1.0	70.9217391304	57.9652173913	3680.0	3680.0	230.0	230	5	2	16.0	6	D
2293816	1.0	1.0	72.1774193548	87.4838709677	3100.0	3100.0	62.0	62	6	3	50.0	2	E
2293822	0.862068965517	0.956896551724	23.0483870968	27.0243902439	3100.0	4100.0	62.0	82	15	4	50.0	6	E
2293828	1.0	1.0	69.2941176471	71.3235294118	2992.0	2992.0	68.0	68	4	2	44.0	2	E
2294741	1.0	0.913793103448	30.4647887324	46.7692307692	3550.0	3250.0	71.0	65	16	8	50.0	3	E
2294745	1.0	1.0	26.1166666667	23.9333333333	3300.0	3300.0	60.0	60	15	6	55.0	7	E
2294749	0.956896551724	0.922413793103	48.5714285714	52.0909090909	2415.0	2530.0	21.0	22	12	5	115.0	6	Z
2294751	0.956896551724	1.0	44.652173913	78.4347826087	4370.0	4370.0	23.0	23	12	5	190.0	3	Z
2294757	1.0	1.0	38.0314569536	39.4834437086	16180.1430931	16180.1430931	604.0	604	12	6	26.7883163793	6	C
2294759	0.991379310345	0.224137931034	14.0245901639	7.875	2196.0	576.0	122.0	32	17	6	18.0	10	E
2294761	0.810344827586	0.741379310345	19.9130434783	22.7098765432	5037.0	5913.0	138.0	162	31	8	36.5	11	D
2297913	0.991379310345	0.862068965517	66.8	53.8	1206.0	1206.0	10.0	10	18	7	120.6	1	Z
2297921	1.0	1.0	203.0	205.666666667	523.8	523.8	6.0	6	2	1	87.3	1	Z
2297923	1.0	1.0	55.8	99.0	603.0	603.0	10.0	10	15	7	60.3	2	Z
2310624	1.0	1.0	322.333333333	322.333333333	108.24	108.24	3.0	3	0	0	36.08	0	Z
2314721	0.991379310345	0.870689655172	27.5714285714	30.3870967742	551.6	610.7	28.0	31	17	7	19.7	4	Z
2337654	0.98275862069	0.887931034483	21.6905444126	24.152866242	15740.2529112	14161.717519	349.0	314	24	10	45.1010112069	12	C
2337670	0.836206896552	0.862068965517	27.6052631579	21.6222222222	3239.10689655	3835.78448276	38.0	45	12	3	85.2396551724	8	E
2338238	0.913793103448	1.0	39.3707317073	44.6975476839	10174.6706293	18215.1420534	205.0	367	10	4	49.6325396552	3	D
2338274	1.0	1.0	35.4565569347	24.0286022666	39999.2413793	39999.2413793	1853.0	1853	19	9	21.5862068966	14	A
2338276	0.896551724138	0.939655172414	41.593220339	47.0030120482	14278.0	14608.0	649.0	664	13	5	22.0	6	B
2338303	0.931034482759	0.948275862069	32.8305084746	15.8225806452	3094.34655172	3251.6862069	59.0	62	16	5	52.4465517241	10	E
2338880	0.98275862069	0.965517241379	21.0222222222	24.4042553191	750.579827586	783.938931034	45.0	47	22	8	16.6795517241	6	E
2338977	0.25	0.112068965517	8.55555555556	9.125	40.9655172414	36.4137931034	9.0	8	143	1	4.55172413793	3	Z
2339005	0.853448275862	0.741379310345	25.0277777778	27.7666666667	792.0	660.0	36.0	30	10	3	22.0	4	E
2339649	0.965517241379	0.922413793103	53.9411764706	46.3157894737	625.6	699.2	17.0	19	11	4	36.8	4	L
2350454	0.922413793103	0.887931034483	29.8823529412	25.125	1836.0	1728.0	17.0	16	22	8	108.0	6	L
2350456	0.974137931034	0.922413793103	54.2653061224	45.6382978723	441.0	423.0	49.0	47	8	3	9.0	4	E
2350458	1.0	1.0	247.0	173.142857143	516.680391379	516.680391379	7.0	7	0	0	73.8114844828	4	Z
2350462	0.586206896552	0.629310344828	8.70731707317	6.23728813559	1066.0	1534.0	41.0	59	29	6	26.0	11	D
2350470	0.73275862069	0.879310344828	78.4	34.5	521.5	625.8	5.0	6	137	1	104.3	3	Z
2351253	0.862068965517	0.870689655172	13.9571428571	16.7012987013	1883.0	2071.3	70.0	77	16	3	26.9	8	D
2351257	0.853448275862	0.913793103448	17.0487804878	18.475	2233.05457328	2178.58982759	41.0	40	17	3	54.4647456897	7	E
2351263	0.422413793103	0.681034482759	20.75	9.17857142857	208.0	728.0	8.0	28	83	0	26.0	5	E
2354034	0.922413793103	0.75	16.4864864865	20.4242424242	1887.0	1683.0	37.0	33	28	11	51.0	7	L
2354847	0.948275862069	0.991379310345	27.5290456432	26.4867075665	9350.8	9486.6	482.0	489	19	8	19.4	12	C
2375668	0.655172413793	0.206896551724	13.0714285714	19.75	438.2	125.2	14.0	4	85	3	31.3	0	L
2375692	0.922413793103	0.525862068966	21.2903225806	12.5161290323	3038.0	3038.0	62.0	62	17	7	49.0	0	E
2376531	0.905172413793	0.198275862069	inf	37.0	0.0	84.1	0.0	1	8	0	84.1	0	L
2376677	0.568965517241	0.258620689655	6.875	4.9375	784.0	784.0	16.0	16	64	4	49.0	0	L
2377161	0.48275862069	0.301724137931	5.0	10.0	2500.2	1944.6	27.0	21	95	7	92.6	0	L
2379378	0.637931034483	0.793103448276	51.125	75.4444444444	592.8	666.9	8.0	9	84	6	74.1	2	Z
2380582	0.327586206897	0.189655172414	7.6	12.3333333333	718.0	430.8	5.0	3	184	0	143.6	0	L
2380588	0.327586206897	0.137931034483	6.71428571429	6.5	588.7	336.4	7.0	4	157	0	84.1	0	L
2380858	0.413793103448	0.362068965517	27.0	16.6363636364	887.775	1395.075	7.0	11	92	3	126.825	0	L
2381641	0.620689655172	0.103448275862	19.3333333333	10.0	759.6	253.2	6.0	2	78	3	126.6	0	L
2381853	1.0	0.448275862069	34.4516129032	16.96875	2343.6	2419.2	31.0	32	10	5	75.6	0	E
2381865	0.275862068966	0.0689655172414	6.4	8.0	378.0	75.6	5.0	1	179	0	75.6	0	L
2381905	1.0	0.715517241379	41.0	43.5	1429.7	1345.6	17.0	16	13	6	84.1	0	L
2392344	0.76724137931	0.724137931034	22.6060606061	18.2666666667	2107.570575	2873.959875	33.0	45	13	2	63.865775	4	E
2393651	1.0	1.0	191.948275862	196.620689655	7192.0	7192.0	116.0	116	0	0	62.0	0	D
2393659	0.870689655172	0.931034482759	18.5578635015	34.3168831169	16647.352894	19018.4892112	337.0	385	30	11	49.3986732759	7	C
2399286	0.939655172414	0.793103448276	24.92	23.2727272727	172.5	151.8	25.0	22	20	8	6.9	3	Z
2399288	1.0	0.939655172414	39.1111111111	67.0	178.2	158.4	18.0	16	13	5	9.9	2	Z
2399290	0.956896551724	0.784482758621	21.5428571429	24.3235294118	311.5	302.6	35.0	34	21	8	8.9	4	L
2399292	0.896551724138	0.681034482759	20.3529411765	14.592920354	1142.4	949.2	136.0	113	31	10	8.4	9	E
2399300	1.0	0.879310344828	16.7810945274	20.1907514451	2793.9	2404.7	201.0	173	30	14	13.9	11	D
2400557	0.965517241379	0.931034482759	47.1904761905	98.1363636364	207.9	217.8	21.0	22	8	3	9.9	2	Z
2400755	0.76724137931	0.870689655172	62.25	36.2222222222	554.4	623.7	8.0	9	63	3	69.3	4	Z
2409874	1.0	1.0	62.0	67.8421052632	627.95	627.95	19.0	19	2	1	33.05	0	L
2410883	1.0	0.73275862069	148.0	109.0	297.45	264.4	9.0	8	0	0	33.05	0	Z
2422442	0.853448275862	0.905172413793	30.8666666667	22.65625	2700.0	2880.0	60.0	64	18	4	45.0	0	E
2422444	0.939655172414	0.887931034483	28.2181818182	29.0923076923	3025.0	3575.0	55.0	65	20	8	55.0	0	E
2422916	0.870689655172	0.965517241379	98.5	244.888888889	400.0	450.0	8.0	9	10	3	50.0	0	Z
2422918	1.0	1.0	175.571428571	279.571428571	273.0	273.0	7.0	7	0	0	39.0	0	Z
2423981	0.853448275862	0.801724137931	93.5	213.714285714	348.0	406.0	6.0	7	14	3	58.0	0	Z
2424005	1.0	1.0	723.0	1188.0	60.0	60.0	1.0	1	0	0	60.0	0	Z
2424017	0.905172413793	0.715517241379	51.7222222222	46.3703703704	1080.0	1620.0	18.0	27	12	5	60.0	0	E
2425524	1.0	0.715517241379	340.2	182.6	179.65	179.65	5.0	5	0	0	35.93	0	Z
2426647	1.0	0.810344827586	50.8444444444	49.4358974359	1911.6	1656.72	45.0	39	4	1	42.48	0	E
2437409	0.758620689655	0.698275862069	19.8217821782	17.6930693069	3535.0	3535.0	101.0	101	19	5	35.0	0	E
2448890	0.870689655172	0.293103448276	16.5656108597	6.12111801242	14144.0	10304.0	442.0	322	19	7	32.0	0	D
2452968	1.0	1.0	288.5	294.75	416.0	416.0	4.0	4	2	1	104.0	3	Z
2453319	1.0	1.0	441.0	441.0	356.8	356.8	4.0	4	0	0	89.2	0	Z
2453323	0.922413793103	1.0	59.4285714286	60.5333333333	1353.8	1450.5	14.0	15	16	5	96.7	3	L
2453327	0.706896551724	0.827586206897	72.8	65.7142857143	595.0	833.0	5.0	7	103	4	119.0	4	Z
2453329	0.931034482759	0.922413793103	35.3	48.1578947368	1198.0	1138.1	20.0	19	16	5	59.9	3	Z
2453331	0.939655172414	1.0	33.641025641	45.075	3478.8	3568.0	39.0	40	12	4	89.2	3	E
2453395	0.98275862069	0.931034482759	37.1836734694	58.4042553191	3675.0	3525.0	49.0	47	18	8	75.0	3	E
2456300	0.905172413793	0.784482758621	20.5073170732	72.3333333333	10660.0	10608.0	205.0	204	20	8	52.0	0	D
2456641	0.905172413793	0.594827586207	102.0	80.5	146.0	146.0	2.0	2	72	2	73.0	0	L
2456661	0.896551724138	0.663793103448	20.1186440678	16.7619047619	2419.0	2583.0	59.0	63	28	8	41.0	0	E
2456669	0.896551724138	0.672413793103	17.0987654321	14.0588235294	2916.0	3060.0	81.0	85	17	6	36.0	0	D
2480496	1.0	0.491379310345	27.0588235294	30.3333333333	1071.0	504.0	51.0	24	14	7	21.0	6	L
2480518	1.0	1.0	269.964285714	272.75	1491.4676	1491.4676	28.0	28	0	0	53.2667	0	E
2480520	0.974137931034	0.76724137931	16.3235294118	12.04	1122.0	825.0	34.0	25	35	10	33.0	9	L
2480733	0.931034482759	0.931034482759	65.8	57.25	780.0	1248.0	5.0	8	50	5	156.0	3	L
2480737	1.0	0.974137931034	86.5	84.0	156.0	156.0	6.0	6	58	5	26.0	4	Z
2484654	0.922413793103	0.603448275862	29.1111111111	21.3333333333	2319.84	2319.84	18.0	18	15	6	128.88	0	L
2484658	1.0	0.681034482759	85.1666666667	57.6666666667	772.8	772.8	6.0	6	9	1	128.8	0	L
2484785	1.0	0.76724137931	46.7	18.1724137931	1335.0	1935.75	20.0	29	7	3	66.75	0	L
2484787	1.0	0.956896551724	56.5925925926	41.8518518519	1146.96	1146.96	27.0	27	8	4	42.48	0	L
2491204	1.0	1.0	762.541666667	758.208333333	504.0	504.0	24.0	24	0	0	21.0	0	E
2491210	1.0	1.0	524.695652174	533.608695652	575.0	575.0	23.0	23	0	0	25.0	0	Z
2491212	1.0	1.0	478.884615385	489.5	699.4	699.4	26.0	26	0	0	26.9	0	Z
2491302	1.0	1.0	51.9541984733	40.3167938931	10062.6922724	10062.6922724	262.0	262	10	5	38.4072224138	5	D
2491341	0.948275862069	0.991379310345	59.9289617486	60.1005291005	2452.3262069	2532.73034483	183.0	189	6	2	13.4006896552	2	D
2491343	1.0	1.0	29.2776886035	29.9791332263	28669.533019	28669.533019	1246.0	1246	19	9	23.0092560345	12	B
2491345	1.0	1.0	49.9798657718	58.0604026846	1802.53417931	1802.53417931	149.0	149	7	3	12.0975448276	2	D
2491347	1.0	1.0	33.4411764706	43.8382352941	1091.50575172	1091.50575172	136.0	136	10	5	8.02577758621	2	D
2491351	0.887931034483	0.991379310345	39.0161290323	42.0629370629	1863.45425517	2148.98353621	124.0	143	8	1	15.0278568966	3	D
2493549	0.870689655172	0.422413793103	34.5625	34.0	944.0	590.0	16.0	10	28	8	59.0	0	L
2493557	0.853448275862	0.474137931034	37.9166666667	11.4444444444	535.551724138	401.663793103	12.0	9	46	3	44.6293103448	2	L
2493561	0.801724137931	0.879310344828	83.7777777778	59.8	450.0	500.0	9.0	10	22	4	50.0	2	Z
2493612	0.965517241379	0.422413793103	39.0	13.5	506.0	276.0	11.0	6	44	5	46.0	4	L
2493620	0.948275862069	0.758620689655	39.0769230769	16.7	580.181034483	446.293103448	13.0	10	25	9	44.6293103448	3	L
2505060	1.0	0.551724137931	412.0	181.0	111.2	111.2	1.0	1	0	0	111.2	0	L
2505286	0.689655172414	0.491379310345	32.8	31.75	472.896551724	378.317241379	5.0	4	83	0	94.5793103448	0	L
2505306	1.0	0.456896551724	169.0	91.0	127.2	127.2	1.0	1	65	0	127.2	0	L
2505457	1.0	0.465517241379	285.0	80.5	127.2	254.4	1.0	2	0	0	127.2	0	L
2510198	0.103448275862	0.0258620689655	1.72727272727	3.0	389.4	88.5	22.0	5	83	0	17.7	3	L
2510200	0.525862068966	0.129310344828	28.875	12.25	213.6	106.8	8.0	4	79	1	26.7	3	L
2510204	1.0	0.991379310345	29.3081570997	26.2939393939	6246.5384069	6227.66668966	331.0	330	14	7	18.8717172414	7	C
2510279	0.474137931034	0.275862068966	17.5	20.7	422.0	211.0	20.0	10	76	0	21.1	3	L
2511722	1.0	0.474137931034	287.0	163.0	183.2	183.2	1.0	1	0	0	183.2	0	L
2511769	1.0	0.810344827586	inf	249.5	0.0	765.517241379	0.0	2	2	1	382.75862069	0	L
2519935	0.637931034483	0.887931034483	28.0769230769	43.6875	403.0	496.0	13.0	16	111	5	31.0	8	L
2519974	0.956896551724	0.879310344828	31.9458128079	19.4973544974	3329.2	3099.6	203.0	189	28	10	16.4	11	D
2519978	0.974137931034	0.887931034483	19.0987654321	15.1095890411	1701.0	1533.0	81.0	73	28	9	21.0	12	E
2523932	0.672413793103	0.698275862069	22.3684210526	12.4951456311	3053.95012759	8277.81218793	38.0	103	64	7	80.3671086207	11	E
2525358	1.0	0.965517241379	77.0	87.3333333333	709.45862069	709.45862069	3.0	3	32	2	236.486206897	0	L
2558417	1.0	1.0	65.8	41.5333333333	5940.0	5940.0	30.0	30	6	3	198.0	3	Z
2558542	0.862068965517	0.775862068966	57.2857142857	93.8571428571	3570.0	3570.0	7.0	7	30	6	510.0	3	Z
2558544	1.0	1.0	61.1111111111	72.7777777778	4671.0	4671.0	9.0	9	16	8	519.0	3	Z
2567920	0.715517241379	0.706896551724	42.4666666667	60.0869565217	701.599137931	1075.78534483	15.0	23	72	6	46.7732758621	0	Z
2603995	0.913793103448	0.758620689655	32.4444444444	29.7333333333	896.4	747.0	18.0	15	36	9	49.8	10	L
2603997	0.793103448276	0.577586206897	15.9615384615	13.0434782609	1289.6	1140.8	26.0	23	93	8	49.6	7	L
2604122	0.956896551724	0.948275862069	23.3636363636	46.0	1309.0	1130.5	22.0	19	26	10	59.5	7	L
2604138	1.0	1.0	41.6946564885	38.6870229008	6987.97252586	6987.97252586	131.0	131	4	2	53.3433017241	5	D
2605767	0.948275862069	0.896551724138	32.2608695652	29.0476190476	2835.93346897	2589.33055862	23.0	21	13	5	123.301455172	5	E
2605820	0.758620689655	0.896551724138	12.5454545455	18.726618705	5698.0	7200.2	110.0	139	23	5	51.8	7	D
2630390	0.991379310345	0.905172413793	19.7865168539	13.3863636364	3827.0	3784.0	89.0	88	23	9	43.0	11	E
2635279	1.0	0.862068965517	17.3695652174	18.9	869.4	756.0	46.0	40	25	8	18.9	8	E
2635281	0.879310344828	0.887931034483	15.7272727273	16.1568627451	2208.8	2560.2	44.0	51	30	11	50.2	10	E
2636159	1.0	0.948275862069	34.24	24.52	583.467155172	583.467155172	25.0	25	18	9	23.3386862069	7	L
2636161	0.862068965517	0.844827586207	36.5714285714	52.5	343.760344828	343.760344828	14.0	14	40	6	24.5543103448	5	Z
2647940	0.98275862069	0.948275862069	23.875	24.62	1058.4	945.0	56.0	50	16	5	18.9	7	E
2647942	1.0	0.98275862069	53.3421052632	50.7567567568	718.2	699.3	38.0	37	8	4	18.9	3	Z
2647944	1.0	0.98275862069	29.4042553191	24.1827956989	1588.6	1571.7	94.0	93	17	8	16.9	10	E
2647948	0.965517241379	0.956896551724	18.05	19.8125	3874.0	3814.4	260.0	256	28	11	14.9	11	D
2647994	1.0	0.956896551724	22.0042016807	21.7903930131	3546.2	3412.1	238.0	229	19	8	14.9	11	D
2648044	1.0	1.0	19.36	19.0933333333	4252.5	4252.5	225.0	225	26	11	18.9	12	D
2648046	1.0	1.0	19.8523489933	20.6979865772	2518.1	2518.1	149.0	149	19	9	16.9	9	D
2649730	0.974137931034	1.0	37.3333333333	38.8888888889	381.444718966	381.444718966	18.0	18	14	4	21.1913732759	5	L
2682603	0.784482758621	0.568965517241	19.8709677419	30.8	1240.0	1000.0	31.0	25	18	5	40.0	0	E
2730981	0.991379310345	0.241379310345	26.2386363636	79.4242424242	5192.0	1947.0	88.0	33	9	3	59.0	0	L
2751322	1.0	1.0	61.2	75.6	244.5	244.5	5.0	5	6	1	48.9	0	Z
2751342	1.0	0.879310344828	141.6	106.2	244.5	244.5	5.0	5	0	0	48.9	0	Z
2777911	0.939655172414	0.318965517241	21.8372093023	11.1176470588	4859.0	3842.0	43.0	34	17	6	113.0	0	E
2796067	0.905172413793	0.879310344828	24.0277777778	21.5	824.4	870.2	36.0	38	32	7	22.9	9	Z
2796091	0.974137931034	0.844827586207	31.7727272727	47.9444444444	371.8	304.2	22.0	18	14	6	16.9	4	Z
2796121	0.974137931034	0.974137931034	29.7142857143	27.05	312.9	298.0	21.0	20	21	9	14.9	7	L
2796187	0.922413793103	0.922413793103	28.9230769231	35.3448275862	2189.2	2441.8	26.0	29	17	6	84.2	6	E
2796199	1.0	0.956896551724	30.9777777778	38.4318181818	12168.0	11897.6	90.0	88	15	5	135.2	6	E
2796211	1.0	1.0	21.0322580645	38.5419354839	7154.65168103	7154.65168103	155.0	155	23	10	46.1590431034	6	D
2796219	0.948275862069	1.0	46.5	46.0769230769	1010.4	1094.6	12.0	13	19	4	84.2	5	L
2796243	1.0	1.0	61.8888888889	62.1666666667	1209.6	1209.6	18.0	18	8	4	67.2	5	Z
2796245	0.948275862069	0.879310344828	25.0668523677	26.7683284457	27176.3	25813.7	359.0	341	30	10	75.7	10	C
2796251	0.948275862069	0.974137931034	21.2211055276	18.3219512195	4159.1	4284.5	199.0	205	28	13	20.9	15	D
2796297	0.913793103448	0.956896551724	41.2666666667	30.4705882353	193.5	219.3	15.0	17	24	8	12.9	8	Z
2796303	0.98275862069	0.870689655172	32.5	31.8666666667	180.6	193.5	14.0	15	60	8	12.9	10	Z
2796677	0.672413793103	0.741379310345	14.7692307692	11.2142857143	3432.0	3696.0	104.0	112	34	9	33.0	13	L
2796707	1.0	1.0	27.8042813456	61.4434250765	11772.0	11772.0	327.0	327	12	6	36.0	1	D
2798517	0.922413793103	0.508620689655	55.8333333333	42.0	1908.0	1272.0	12.0	8	38	0	159.0	0	L
2847527	1.0	0.818965517241	109.333333333	60.2857142857	12.0	14.0	12.0	14	0	0	1.0	0	L
2861645	0.836206896552	0.5	37.5454545455	21.9	1139.6	1036.0	22.0	20	17	5	51.8	0	L
2867925	0.913793103448	0.862068965517	24.9230769231	66.5	965.9	891.6	13.0	12	22	6	74.3	0	Z
2867993	0.672413793103	0.396551724138	10.7307692308	16.8571428571	1346.8	1087.8	26.0	21	52	8	51.8	0	E
2870550	0.689655172414	0.568965517241	15.4814814815	11.7391304348	1701.0	1449.0	54.0	46	20	4	31.5	8	L
2870552	0.922413793103	0.336206896552	16.2894736842	9.81818181818	1282.5	742.5	38.0	22	18	4	33.75	4	D
2870554	0.75	0.663793103448	11.5	7.66666666667	1345.5	1053.0	46.0	36	23	6	29.25	6	L
2876308	1.0	1.0	302.333333333	257.666666667	474.0	474.0	3.0	3	0	0	158.0	0	Z
2896877	0.879310344828	0.568965517241	17.5384615385	20.2352941176	1076.4	703.8	26.0	17	26	8	41.4	5	Z
2896881	0.948275862069	0.818965517241	89.8	78.2	175.0	175.0	5.0	5	4	1	35.0	1	Z
2896883	1.0	0.905172413793	50.9090909091	43.2	385.0	350.0	11.0	10	16	8	35.0	6	Z
2896895	1.0	0.939655172414	43.2	33.6875	351.0	374.4	15.0	16	15	7	23.4	5	Z
2896905	0.853448275862	0.818965517241	43.3571428571	39.4	418.6	448.5	14.0	15	18	6	29.9	6	L
2896907	0.862068965517	0.603448275862	17.5135135135	27.1666666667	844.397413793	547.717241379	37.0	24	23	6	22.8215517241	5	L
2896911	1.0	1.0	65.6666666667	57.8888888889	315.0	315.0	9.0	9	14	7	35.0	4	Z
2911822	0.965517241379	0.905172413793	26.5833333333	28.4666666667	1099.2	1030.5	48.0	45	18	8	22.9	10	E
2911836	0.887931034483	0.853448275862	21.0933333333	22.1527777778	1717.5	1648.8	75.0	72	20	5	22.9	10	E
2911852	0.956896551724	0.931034482759	23.68	29.28	497.5	497.5	25.0	25	23	9	19.9	6	L
2911864	1.0	1.0	27.6896551724	23.6896551724	577.1	577.1	29.0	29	19	9	19.9	10	L
2911880	1.0	0.956896551724	37.8947368421	34.5263157895	321.1	321.1	19.0	19	19	9	16.9	8	Z
2912066	0.939655172414	0.810344827586	21.4358974359	19.2790697674	4609.8	5082.6	39.0	43	29	11	118.2	10	E
2912076	0.844827586207	0.922413793103	39.0	26.5588235294	2441.8	2862.8	29.0	34	26	5	84.2	4	E
2912124	0.724137931034	0.706896551724	22.595959596	20.5873786408	8395.2	8734.4	198.0	206	48	10	42.4	14	C
2912132	1.0	0.991379310345	23.4096385542	19.1463414634	1485.7	1467.8	83.0	82	21	10	17.9	11	E
2912232	0.939655172414	0.922413793103	31.8378378378	28.3055555556	5601.8	5450.4	74.0	72	14	5	75.7	5	E
2912240	0.948275862069	0.948275862069	22.4	22.5	298.0	298.0	20.0	20	35	13	14.9	9	Z
2912244	1.0	0.913793103448	32.4074074074	30.3333333333	348.3	348.3	27.0	27	20	10	12.9	6	Z
2912248	0.991379310345	0.974137931034	23.3987341772	19.7532188841	11802.6	11603.4	474.0	466	30	13	24.9	16	C
2912252	1.0	1.0	19.2673796791	20.4652406417	3721.3	3721.3	187.0	187	25	12	19.9	9	D
2912944	1.0	0.887931034483	60.2	40.4	450.0	450.0	5.0	5	60	4	90.0	3	Z
2912984	0.620689655172	0.405172413793	23.4615384615	13.1111111111	650.0	450.0	13.0	9	130	6	50.0	5	L
2913010	0.629310344828	0.76724137931	13.5238095238	17.652173913	816.103448276	893.827586207	21.0	23	85	10	38.8620689655	10	L
2913018	0.715517241379	0.629310344828	13.0617283951	5.075	2673.0	2640.0	81.0	80	34	8	33.0	13	E
2913022	0.775862068966	0.793103448276	44.5588235294	18.7727272727	1564.0	2024.0	34.0	44	24	5	46.0	8	L
2913028	0.568965517241	0.405172413793	10.3157894737	6.5625	585.2	492.8	19.0	16	102	7	30.8	6	L
2913034	1.0	0.844827586207	64.8333333333	25.2857142857	234.0	273.0	6.0	7	10	5	39.0	4	Z
2913162	0.818965517241	0.801724137931	23.2380952381	76.8333333333	1767.15	1514.7	21.0	18	28	7	84.15	5	Z
2916790	1.0	0.724137931034	193.666666667	145.0	402.0	268.0	3.0	2	0	0	134.0	0	Z
2918579	1.0	0.75	150.571428571	53.7777777778	343.0	441.0	7.0	9	0	0	49.0	0	L
2918990	1.0	1.0	186.25	165.875	944.0	944.0	8.0	8	0	0	118.0	0	Z
2940627	0.224137931034	0.301724137931	15.3125	11.5238095238	186.769655172	245.135172414	16.0	21	145	2	11.6731034483	5	E
2940631	0.310344827586	0.448275862069	97.0	119.0	48.9517241379	48.9517241379	2.0	2	140	1	24.475862069	1	Z
2940635	0.310344827586	0.448275862069	43.0	82.6666666667	79.075862069	79.075862069	3.0	3	143	2	26.3586206897	1	Z
2940637	0.23275862069	0.448275862069	27.6666666667	46.0	107.317241379	143.089655172	3.0	4	143	2	35.7724137931	3	Z
3019502	1.0	1.0	61.6666666667	43.6666666667	5931.0	5931.0	9.0	9	23	3	659.0	3	Z
3019558	0.931034482759	0.741379310345	25.7692307692	24.2424242424	8541.0	7227.0	39.0	33	26	9	219.0	6	E
3019560	1.0	1.0	119.6	128.6	2095.0	2095.0	5.0	5	6	3	419.0	1	Z
3039766	0.844827586207	0.844827586207	40.7857142857	45.9375	725.2	828.8	14.0	16	26	7	51.8	0	L
3039906	0.844827586207	0.681034482759	52.1666666667	24.2666666667	1335.6	1113.0	18.0	15	8	2	74.2	0	L
3039942	0.672413793103	0.465517241379	9.13793103448	7.33333333333	1502.2	1864.8	29.0	36	60	7	51.8	0	L
3042086	0.905172413793	0.646551724138	37.6842105263	16.5967741935	2952.6	3211.6	57.0	62	10	3	51.8	0	E
3042208	0.870689655172	0.396551724138	19.2857142857	10.0869565217	4438.0	2916.4	35.0	23	19	7	126.8	0	L
3043112	0.844827586207	0.655172413793	85.1304347826	34.71875	1191.4	1657.6	23.0	32	10	3	51.8	0	L
3050962	0.741379310345	0.301724137931	15.8571428571	14.2857142857	1458.8	729.4	14.0	7	40	3	104.2	0	L
3055102	0.810344827586	0.525862068966	12.3157894737	17.0	1409.8	1187.2	19.0	16	31	8	74.2	0	L
3073482	0.448275862069	0.474137931034	6.78571428571	17.5	1460.2	1877.4	14.0	18	99	7	104.3	0	L
3074882	0.905172413793	0.646551724138	25.0833333333	19.5897435897	1864.8	2020.2	36.0	39	15	5	51.8	0	L
3095202	0.75	0.370689655172	42.25	30.0	297.2	371.5	4.0	5	83	1	74.3	0	L
3107916	0.913793103448	0.724137931034	21.3461538462	19.6956521739	1138.8	1007.4	26.0	23	25	7	43.8	5	E
3107946	0.870689655172	0.48275862069	59.0625	25.2352941176	504.0	535.5	16.0	17	12	3	31.5	7	E
3107962	0.879310344828	0.715517241379	19.3333333333	10.1071428571	1242.0	1159.2	30.0	28	23	6	41.4	7	L
3107964	0.931034482759	0.793103448276	27.4782608696	12.1739130435	952.2	952.2	23.0	23	18	8	41.4	7	L
3107970	1.0	0.896551724138	275.0	103.333333333	119.7	119.7	3.0	3	4	2	39.9	4	L
3107984	0.896551724138	0.73275862069	37.9285714286	37.56	655.2	585.0	28.0	25	16	3	23.4	4	L
3107990	0.870689655172	0.879310344828	81.0	99.0	279.3	319.2	7.0	8	36	4	39.9	1	Z
3107992	0.956896551724	0.775862068966	91.2	72.6	199.5	199.5	5.0	5	8	3	39.9	2	Z
3107994	0.862068965517	0.508620689655	16.22	20.2686567164	3500.0	2345.0	100.0	67	26	6	35.0	9	E
3108004	0.862068965517	0.73275862069	52.5	42.2857142857	331.2	289.8	8.0	7	47	3	41.4	3	Z
3108010	0.879310344828	0.741379310345	31.9333333333	29.2857142857	351.0	327.6	15.0	14	45	8	23.4	3	L
313679	1.0	1.0	29.5793991416	27.5450643777	15098.4	15098.4	233.0	233	16	7	64.8	10	C
3161980	0.353448275862	0.534482758621	90.5	49.5714285714	54.1965517241	94.8439655172	4.0	7	137	1	13.549137931	2	Z
3161984	0.387931034483	0.534482758621	105.666666667	59.75	40.3658844828	53.8211793103	3.0	4	140	3	13.4552948276	4	Z
3191750	0.215517241379	0.448275862069	15.5	54.0	145.6	145.6	4.0	4	142	0	36.4	3	Z
3191770	0.301724137931	0.448275862069	150.5	125.333333333	57.7379310345	86.6068965517	2.0	3	140	1	28.8689655172	2	Z
3191772	0.310344827586	0.448275862069	33.2	50.4	141.206896552	141.206896552	5.0	5	143	2	28.2413793103	2	L
3191778	0.310344827586	0.448275862069	192.0	298.0	24.475862069	24.475862069	1.0	1	140	1	24.475862069	2	Z
340963	0.956896551724	0.931034482759	39.8857142857	23.1512195122	6720.0	6560.0	210.0	205	16	7	32.0	6	C
340964	1.0	0.905172413793	33.6379018613	11.7743119266	14184.0	13080.0	591.0	545	18	8	24.0	9	B
517480	1.0	1.0	53.0778816199	41.4361370717	6034.8	6034.8	321.0	321	6	3	18.8	6	C
563078	0.922413793103	0.775862068966	50.1666666667	20.9473684211	1415.4	1280.6	42.0	38	14	5	33.7	6	E
589035	0.896551724138	0.48275862069	25.3015873016	4.71590909091	9828.0	6864.0	126.0	88	17	6	78.0	9	D
606475	1.0	0.586206896552	224.0	169.0	72.0	72.0	3.0	3	6	3	24.0	1	L
699414	1.0	1.0	22.9	40.7916666667	8520.0	8520.0	120.0	120	11	5	71.0	5	E
717709	0.879310344828	0.844827586207	27.8181818182	18.2307692308	242.0	286.0	11.0	13	26	5	22.0	5	Z
742281	0.810344827586	0.551724137931	42.0666666667	19.3846153846	411.0	356.2	15.0	13	20	5	27.4	3	Z
742313	1.0	0.663793103448	51.8314606742	25.5405405405	2398.24310345	1994.04482759	89.0	74	4	2	26.9465517241	4	D
747464	1.0	0.956896551724	28.1616766467	18.3435582822	3390.1	3308.9	167.0	163	19	9	20.3	11	D
747468	1.0	1.0	40.5280269058	36.4775784753	23816.4	23816.4	2676.0	2676	19	9	8.9	9	A
773053	0.775862068966	0.577586206897	15.1063829787	18.2894736842	1833.0	1482.0	47.0	38	30	8	39.0	9	E
773074	0.784482758621	0.637931034483	17.0967741935	7.84375	4278.0	4416.0	31.0	32	23	4	138.0	9	L
773075	0.724137931034	0.551724137931	13.2619047619	10.0	4695.6	3689.4	84.0	66	23	4	55.9	10	E
779778	0.98275862069	0.948275862069	33.4137931034	34.5357142857	870.0	840.0	29.0	28	14	6	30.0	3	E
796166	1.0	0.948275862069	66.9210526316	48.7297297297	646.0	629.0	38.0	37	3	1	17.0	4	E
796169	1.0	0.681034482759	321.653061224	179.774193548	1322.11293103	836.438793103	49.0	31	0	0	26.9818965517	1	E
796173	1.0	1.0	172.567567568	178.594594595	2590.0	2590.0	74.0	74	0	0	35.0	0	E
796175	1.0	1.0	256.137931034	142.896551724	1016.5428	1016.5428	29.0	29	0	0	35.0532	1	Z
818869	1.0	0.956896551724	25.6153846154	25.387755102	3120.0	2940.0	52.0	49	12	5	60.0	5	E
831717	0.741379310345	0.431034482759	9.62569832402	11.6944444444	5334.2	3218.4	179.0	108	31	8	29.8	11	D
831736	0.98275862069	1.0	53.0769230769	59.3846153846	780.0	780.0	13.0	13	11	4	60.0	5	L
842514	1.0	1.0	842.0	862.0	27.2	27.2	4.0	4	0	0	6.8	0	Z
847852	1.0	0.98275862069	21.5802469136	21.6049382716	3634.33544224	3634.33544224	81.0	81	24	10	44.8683387931	7	E
874826	0.637931034483	0.439655172414	61.0833333333	14.9166666667	154.8	154.8	12.0	12	74	5	12.9	4	L
874828	0.775862068966	0.663793103448	44.8666666667	42.2	193.5	193.5	15.0	15	14	5	12.9	1	L
874835	0.51724137931	0.275862068966	38.5	9.38461538462	338.8	200.2	22.0	13	88	6	15.4	4	L
876997	0.922413793103	0.689655172414	39.9230769231	34.8888888889	817.7	566.1	13.0	9	18	8	62.9	6	Z
877000	0.922413793103	0.681034482759	30.9468085106	19.6060606061	5865.6	4118.4	94.0	66	16	7	62.4	10	D
877017	0.939655172414	0.594827586207	12.5454545455	13.0	2310.0	1680.0	33.0	24	38	13	70.0	7	E
877053	0.879310344828	0.568965517241	19.619047619	26.8181818182	1470.0	770.0	21.0	11	21	7	70.0	8	L
896109	1.0	1.0	35.03125	31.5375	3326.4	3326.4	480.0	480	16	7	6.93	8	C
949309	0.784482758621	0.715517241379	32.4444444444	26.8	999.0	1110.0	27.0	30	18	5	37.0	5	L
949542	0.922413793103	0.905172413793	67.9523809524	79.24	173.46	206.5	21.0	25	24	10	8.26	1	Z
949548	1.0	1.0	42.8	74.05	165.2	165.2	20.0	20	12	5	8.26	2	Z
949604	0.534482758621	0.353448275862	22.25	10.3333333333	65.949662069	74.1933698276	8.0	9	35	5	8.24370775862	7	L
951072	0.991379310345	1.0	35.9015625	31.2580645161	9792.0	9960.3	640.0	651	14	5	15.3	7	C
951073	1.0	0.956896551724	37.9499374218	27.0634715026	7990.0	7720.0	799.0	772	11	4	10.0	10	B
951074	1.0	1.0	59.9761904762	52.9557823129	2704.55770345	2704.55770345	294.0	294	5	2	9.19917586207	5	C
951076	1.0	1.0	167.090909091	210.254545455	506.0	506.0	55.0	55	1	0	9.2	1	D
951077	1.0	1.0	28.2704918033	21.6639344262	4672.58369828	4672.58369828	122.0	122	13	6	38.2998663793	9	D
998166	1.0	1.0	36.4646464646	42.7878787879	1722.59240431	1722.59240431	99.0	99	7	3	17.3999232759	4	D
998192	1.0	1.0	145.957142857	106.714285714	805.0	805.0	70.0	70	0	0	11.5	4	D
