arrive_time	item_sku_id	arrive_quantity	int_org_num
NULL	1000115	15	4
NULL	1000242	0	4
NULL	1000490	240	4
NULL	1000609	30	4
NULL	1000632	172	4
NULL	1000716008	20	4
NULL	1000794392	24	4
NULL	1000797301	24	4
NULL	1000801309	100	4
NULL	1000855789	6	4
NULL	1000975	2	4
NULL	1001048	1	4
NULL	1001194	3	4
NULL	1001199	2	4
NULL	1001208	13	4
NULL	1001209	1	4
NULL	1001322360	108	4
NULL	1001322598	120	4
NULL	1001372	120	4
NULL	1001385	22	4
NULL	1001462921	10	4
NULL	1001463012	50	4
NULL	1001463241	10	4
NULL	1001463309	3	4
NULL	1001463310	3	4
NULL	1001573	19	4
NULL	1001575	3	4
NULL	1001816	24	4
NULL	1001957796	800	4
NULL	1002010972	20	4
NULL	1002046345	50	4
NULL	1002129673	16	4
NULL	1002129674	8	4
NULL	1002129675	4	4
NULL	1002144	4	4
NULL	1002148	25	4
NULL	1002249	41	4
NULL	1002256	80	4
NULL	1002263	31	4
NULL	1002363676	5	4
NULL	1002364071	200	4
NULL	1002364072	100	4
NULL	1002367	4	4
NULL	1002536825	20	4
NULL	1003031	20	4
NULL	1003079	96	4
NULL	1003105356	120	4
NULL	1003260694	96	4
NULL	1003263878	4	4
NULL	1003269170	30	4
NULL	1003403	20	4
NULL	1003590304	10	4
NULL	1003712	12	4
NULL	1003811	30	4
NULL	1003979	900	4
NULL	1003988	720	4
NULL	1003994	240	4
NULL	1004030058	90	4
NULL	1004200	9	4
NULL	1004231	6	4
NULL	1004499	5	4
NULL	1004504728	10	4
NULL	1004568292	50	4
NULL	1004905	15	4
NULL	1005283687	6	4
NULL	1005332	49	4
NULL	1005386	12	4
NULL	1005390	36	4
NULL	1005426	1	4
NULL	1005998	13	4
NULL	1006166	12	4
NULL	1006760918	3	4
NULL	1006792	120	4
NULL	1006873	2646	4
NULL	1006996768	18	4
NULL	1007055	100	4
NULL	1007056	200	4
NULL	1007061	50	4
NULL	1007315	5	4
NULL	1007967	10	4
NULL	1007968	15	4
NULL	1007970	192	4
NULL	1007976	9	4
NULL	1007978	17	4
NULL	1008346	1	4
NULL	1008580	60	4
NULL	1008986	60	4
NULL	1009196	4	4
NULL	1009724	35	4
NULL	1009738	2	4
NULL	1010254	2	4
NULL	1010271	24	4
NULL	1010272	24	4
NULL	1010277	72	4
NULL	1010281	120	4
NULL	1010364	40	4
NULL	1010708	2496	4
NULL	1010711	600	4
NULL	1010774	28	4
NULL	1010779	60	4
NULL	1010798	5	4
NULL	1010815770	6	4
NULL	1011026	2	4
NULL	1011043	10	4
NULL	1011311532	225	4
NULL	1012538411	105	4
NULL	1012583	2	4
NULL	1012748	1	4
NULL	1012849	257	4
NULL	1012893	2	4
NULL	1012906	2800	4
NULL	1012917	56	4
NULL	1012925	4	4
NULL	1012952	31	4
NULL	1013057	2	4
NULL	1013060	2	4
NULL	1013234	15	4
NULL	1013360	3	4
NULL	1013622947	152	4
NULL	1013668	4	4
NULL	1014489	300	4
NULL	101498	70	4
NULL	1015049619	120	4
NULL	1015062	0	4
NULL	1015091	10	4
NULL	1015092	110	4
NULL	1015219	0	4
NULL	1015224	45	4
NULL	1015234	4	4
NULL	1015253	28	4
NULL	1015257	10	4
NULL	1015360486	3	4
NULL	1015457	308	4
NULL	1015488	100	4
NULL	1015553	238	4
NULL	1015582846	5	4
NULL	1016278229	100	4
NULL	1016546	7	4
NULL	1016688	12	4
NULL	1016722048	900	4
NULL	1016815	1	4
NULL	1016821	1344	4
NULL	1016827	50	4
NULL	1017103	8	4
NULL	1017131	8	4
NULL	1017136	8	4
NULL	1017592	12	4
NULL	1017596	5	4
NULL	1017677	30	4
NULL	1017850	100	4
NULL	1018220	163	4
NULL	1018434	6	4
NULL	1018684	160	4
NULL	1018856	12	4
NULL	1019054	10	4
NULL	1019066454	15	4
NULL	1019176	72	4
NULL	1019305	720	4
NULL	1020616	5	4
NULL	1020732	0	4
NULL	1020734	22	4
NULL	1020758451	48	4
NULL	1020759083	36	4
NULL	1020760127	18	4
NULL	1020761721	6	4
NULL	1020763231	48	4
NULL	1020764129	18	4
NULL	1020765564	120	4
NULL	1020765974	36	4
NULL	1020766340	36	4
NULL	1020771015	72	4
NULL	1020772006	144	4
NULL	1020772543	24	4
NULL	1020772815	36	4
NULL	1020773844	352	4
NULL	1020774502	240	4
NULL	1020775114	32	4
NULL	1021033	72	4
NULL	1021040	36	4
NULL	1021043	120	4
NULL	1021046	120	4
NULL	1021099	1320	4
NULL	1021352	5	4
NULL	1021393	5	4
NULL	1021585	8	4
NULL	1021674	1	4
NULL	1021733	1	4
NULL	1021756	124	4
NULL	1021941162	40	4
NULL	102221	2	4
NULL	1022232	0	4
NULL	1022234	24	4
NULL	1022456037	100	4
NULL	1023153	0	4
NULL	1023252	2	4
NULL	102333	11	4
NULL	102335	13	4
NULL	1023596	42	4
NULL	1023662	5	4
NULL	1023923	60	4
NULL	1023925	160	4
NULL	1023926	96	4
NULL	1024564	168	4
NULL	1024582	2	4
NULL	1024659	12	4
NULL	1024710474	10	4
NULL	1024928	12	4
NULL	1025024	12	4
NULL	1025028	6	4
NULL	1025029	16	4
NULL	1025470670	20	4
NULL	1025520	45	4
NULL	1025558	0	4
NULL	1025608610	80	4
NULL	1025891909	24	4
NULL	1025892001	36	4
2017-01-01	1007176	2	4
2017-01-02	1001796	1	4
2017-01-02	1001805	7	4
2017-01-03	1001469233	199	4
2017-01-03	1001486665	10	4
2017-01-03	1001805	2	4
2017-01-03	1003976020	24	4
2017-01-03	1003987586	64	4
2017-01-03	1003987588	0	4
2017-01-03	1003988243	48	4
2017-01-03	1009824	1	4
2017-01-03	1010832	1	4
2017-01-03	1012520	1	4
2017-01-04	1000274	1	4
2017-01-04	1000516093	148	4
2017-01-04	1002404	2	4
2017-01-04	1002448	30	4
2017-01-04	1002656	2	4
2017-01-04	1002663	1	4
2017-01-04	1003105	0	4
2017-01-04	1006131	24	4
2017-01-04	1007176	8	4
2017-01-04	1009829	240	4
2017-01-04	1009850	20	4
2017-01-04	1009879	1	4
2017-01-04	1012567	1	4
2017-01-04	1013971	50	4
2017-01-04	1014665	3	4
2017-01-04	1016438	10	4
2017-01-04	1016452	30	4
2017-01-05	1001796	1	4
2017-01-05	1001805	1	4
2017-01-05	1006131	24	4
2017-01-05	1007176	2	4
2017-01-05	1009829	120	4
2017-01-05	1010832	6	4
2017-01-05	1013971	50	4
2017-01-05	1014661	2	4
2017-01-05	1014751	2	4
2017-01-05	1017503	0	4
2017-01-06	1001799	1	4
2017-01-06	1002404	3	4
2017-01-06	1002448	60	4
2017-01-06	1002449	30	4
2017-01-06	1007176	6	4
2017-01-06	1013977	24	4
2017-01-07	1001805	1	4
2017-01-07	1002448	20	4
2017-01-07	1003012	20	4
2017-01-07	1003062	29	4
2017-01-07	1004811	7	4
2017-01-07	1007176	3	4
2017-01-07	1008131	20	4
2017-01-07	1009816	60	4
2017-01-07	1013977	12	4
2017-01-07	1014661	3	4
2017-01-07	1014663	6	4
2017-01-07	1014667	3	4
2017-01-07	1022436	9	4
2017-01-07	1022439	25	4
2017-01-07	1024675	10	4
2017-01-08	1000294	110	4
2017-01-08	1000632	16	4
2017-01-08	1000895026	128	4
2017-01-08	1001805	2	4
2017-01-08	1002831501	100	4
2017-01-08	1003830	12	4
2017-01-08	1003831	0	4
2017-01-08	1003833	36	4
2017-01-08	1003842	12	4
2017-01-08	1012573	80	4
2017-01-08	1015553	1200	4
2017-01-08	1017884	16	4
2017-01-08	1017899	6	4
2017-01-08	1019819	5	4
2017-01-08	1024659	20	4
2017-01-08	1024757	0	4
2017-01-09	1000054	0	4
2017-01-09	1000231	1	4
2017-01-09	1000232	1	4
2017-01-09	1000468	20	4
2017-01-09	1000477	1	4
2017-01-09	1001805	2	4
2017-01-09	1002249	40	4
2017-01-09	1002256	200	4
2017-01-09	1002263	50	4
2017-01-09	1003460	63	4
2017-01-09	1006485	140	4
2017-01-09	1007176	5	4
2017-01-09	1008131	100	4
2017-01-09	1008185	1	4
2017-01-09	1010254	60	4
2017-01-09	1011084164	220	4
2017-01-09	1011084166	66	4
2017-01-09	1011086445	20	4
2017-01-09	1012583	3	4
2017-01-09	1012914	36	4
2017-01-09	1012915	100	4
2017-01-09	1012916	96	4
2017-01-09	1012921	264	4
2017-01-09	1012925	4	4
2017-01-09	1012926	28	4
2017-01-09	1012952	504	4
2017-01-09	1013060	1	4
2017-01-09	1013662	260	4
2017-01-09	1013663	80	4
2017-01-09	1013664	100	4
2017-01-09	1013666	50	4
2017-01-09	1014161	20	4
2017-01-09	1014162	30	4
2017-01-09	1014169	240	4
2017-01-09	1015234	6	4
2017-01-09	101609	11	4
2017-01-09	101610	10	4
2017-01-09	101613	52	4
2017-01-09	101666	20	4
2017-01-09	1020616	5	4
2017-01-09	1021585	1	4
2017-01-09	1021586	6	4
2017-01-09	1021591	3	4
2017-01-09	1021674	1	4
2017-01-09	1021680	0	4
2017-01-09	1021901	150	4
2017-01-09	1022957	800	4
2017-01-09	1025017	40	4
2017-01-09	1025021	40	4
2017-01-09	1025024	4	4
2017-01-09	1025027	160	4
2017-01-09	1025028	4	4
2017-01-09	1025029	40	4
2017-01-10	1000274	40	4
2017-01-10	1000294	70	4
2017-01-10	1001178867	800	4
2017-01-10	1001178945	600	4
2017-01-10	1001283	20	4
2017-01-10	1001297	25	4
2017-01-10	1003833	12	4
2017-01-10	1004231	12	4
2017-01-10	1004690	6	4
2017-01-10	1006131	24	4
2017-01-10	1007176	2	4
2017-01-10	1009824	180	4
2017-01-10	1009879	300	4
2017-01-10	1011063016	180	4
2017-01-10	1011311532	432	4
2017-01-10	1011662914	40	4
2017-01-10	1012567	2800	4
2017-01-10	1012569	1000	4
2017-01-10	1012573	160	4
2017-01-10	1012582	20	4
2017-01-10	1012738851	240	4
2017-01-10	1012867015	20	4
2017-01-10	1012868463	40	4
2017-01-10	1012961	10	4
2017-01-10	1013360	2	4
2017-01-10	1013957	43	4
2017-01-10	1013983	30	4
2017-01-10	1014687269	300	4
2017-01-10	1015016	60	4
2017-01-10	1016546	50	4
2017-01-10	1016564	60	4
2017-01-10	1016971	60	4
2017-01-10	1017454	48	4
2017-01-10	1017611452	5	4
2017-01-10	1017616042	125	4
2017-01-10	1017899	10	4
2017-01-10	1018461	50	4
2017-01-10	1019534	150	4
2017-01-10	1021786	4	4
2017-01-10	1022439	8	4
2017-01-10	1023424	6	4
2017-01-10	1023878	200	4
2017-01-10	1023880	14	4
2017-01-10	1023884	0	4
2017-01-10	1023890	100	4
2017-01-10	1023897	50	4
2017-01-10	1024134	0	4
2017-01-10	1024620	9	4
2017-01-10	1024623	95	4
2017-01-10	1024624	30	4
2017-01-10	1024659	30	4
2017-01-10	1024675	6	4
2017-01-10	1025460165	10	4
2017-01-11	1000609	80	4
2017-01-11	1001429	349	4
2017-01-11	1001601	50	4
2017-01-11	1002129673	8	4
2017-01-11	1002129674	12	4
2017-01-11	1002129676	4	4
2017-01-11	1002148	3	4
2017-01-11	1003032	10	4
2017-01-11	1003062	39	4
2017-01-11	1003066	1300	4
2017-01-11	1003403	50	4
2017-01-11	1003460	3	4
2017-01-11	1003832	8	4
2017-01-11	1003834	15	4
2017-01-11	1003837	40	4
2017-01-11	1003848	10	4
2017-01-11	1003851	10	4
2017-01-11	1003852	10	4
2017-01-11	100421	40	4
2017-01-11	1006153	2	4
2017-01-11	1006873	216	4
2017-01-11	1009724	6	4
2017-01-11	1009742	6	4
2017-01-11	1010277	144	4
2017-01-11	1010693	476	4
2017-01-11	1010832	6	4
2017-01-11	1011026	16	4
2017-01-11	1011072	300	4
2017-01-11	1011478	1	4
2017-01-11	1011480	18	4
2017-01-11	1011481	68	4
2017-01-11	1011485	4	4
2017-01-11	1011711	10	4
2017-01-11	1012143	120	4
2017-01-11	1012451	30	4
2017-01-11	1012519	50	4
2017-01-11	1012752	10	4
2017-01-11	1012849	50	4
2017-01-11	1012906	805	4
2017-01-11	1013234	20	4
2017-01-11	1013971	90	4
2017-01-11	1014489	900	4
2017-01-11	1017503	0	4
2017-01-11	1017677	39	4
2017-01-11	1018800	180	4
2017-01-11	1019265	20	4
2017-01-11	1019266	1	4
2017-01-11	1020423	900	4
2017-01-11	1021039	0	4
2017-01-11	1021503	100	4
2017-01-11	1021586	1	4
2017-01-11	1022456037	0	4
2017-01-11	1022456996	0	4
2017-01-11	1022958	1000	4
2017-01-11	1023247	10	4
2017-01-11	1023728	0	4
2017-01-11	1023882	24	4
2017-01-11	1023888	3	4
2017-01-11	1023935	10	4
2017-01-11	1023945	150	4
2017-01-11	1023946	30	4
2017-01-12	1001805	2	4
2017-01-12	1002126	0	4
2017-01-12	1002127	84	4
2017-01-12	1002129	19	4
2017-01-12	1004811	6	4
2017-01-12	1006808	30	4
2017-01-12	1007054	0	4
2017-01-12	1007056	50	4
2017-01-12	1007315	3	4
2017-01-12	1009567	6	4
2017-01-12	1009824	180	4
2017-01-12	1010827	96	4
2017-01-12	1010840	12	4
2017-01-12	1012849	100	4
2017-01-12	1012917	48	4
2017-01-12	1012923	80	4
2017-01-12	1013711	9	4
2017-01-12	1014667	7	4
2017-01-12	1015039705	7	4
2017-01-12	1015049619	192	4
2017-01-12	1015242	30	4
2017-01-12	1015582846	10	4
2017-01-12	1015582847	9	4
2017-01-12	1015583053	96	4
2017-01-12	1015583054	45	4
2017-01-12	1015583113	10	4
2017-01-12	1020104	12	4
2017-01-12	1022352	137	4
2017-01-12	1023878	168	4
2017-01-12	1023880	137	4
2017-01-12	1023884	41	4
2017-01-12	1023885	6	4
2017-01-12	1023890	79	4
2017-01-12	1023897	84	4
2017-01-12	1024134	8	4
2017-01-12	1024432	47	4
2017-01-12	1024490	1	4
2017-01-12	1024617	15	4
2017-01-12	1024620	24	4
2017-01-12	1024623	331	4
2017-01-12	1024624	120	4
2017-01-12	1024647	5	4
2017-01-12	1024710474	65	4
2017-01-12	1025470670	59	4
2017-01-12	1025792	1	4
2017-01-13	1000431	50	4
2017-01-13	1000459	120	4
2017-01-13	1000468	20	4
2017-01-13	1000517772	115	4
2017-01-13	1000711	96	4
2017-01-13	1001435	200	4
2017-01-13	1001805	2	4
2017-01-13	1002665	2	4
2017-01-13	1002677019	100	4
2017-01-13	1003013	2	4
2017-01-13	1004499	5	4
2017-01-13	1007176	4	4
2017-01-13	1008065	5	4
2017-01-13	1008131	20	4
2017-01-13	1009736	816	4
2017-01-13	1009750	2004	4
2017-01-13	1009751	120	4
2017-01-13	1009752	300	4
2017-01-13	1012769034	5	4
2017-01-13	1014661	10	4
2017-01-13	1014684	10	4
2017-01-13	1016688	12	4
2017-01-13	1019265	60	4
2017-01-13	1019305	80	4
2017-01-13	1021253	16	4
2017-01-13	1021895	30	4
2017-01-13	1021901	100	4
2017-01-13	1022098	20	4
2017-01-13	1022099	15	4
2017-01-13	1022100	60	4
2017-01-13	1022157	5	4
2017-01-13	1022439	7	4
2017-01-13	1022456037	100	4
2017-01-13	1022968670	10	4
2017-01-13	1022973871	10	4
2017-01-13	1023932	2	4
2017-01-13	1024256	120	4
2017-01-13	1024675	13	4
2017-01-13	1025476	1	4
2017-01-14	1000055708	49	4
2017-01-14	1000055736	20	4
2017-01-14	1000055865	50	4
2017-01-14	1000055905	100	4
2017-01-14	1000055909	50	4
2017-01-14	1000055910	48	4
2017-01-14	1001084511	128	4
2017-01-14	1001289695	2	4
2017-01-14	1001289907	10	4
2017-01-14	1001998	60	4
2017-01-14	1002449	30	4
2017-01-14	1002989	96	4
2017-01-14	1002992	0	4
2017-01-14	1003139978	8	4
2017-01-14	1003811	30	4
2017-01-14	1003833	12	4
2017-01-14	1004030058	60	4
2017-01-14	1004231	16	4
2017-01-14	1004690	8	4
2017-01-14	1004777875	24	4
2017-01-14	1006825	693	4
2017-01-14	1007344	90	4
2017-01-14	1007356	90	4
2017-01-14	1007358	48	4
2017-01-14	1007362	90	4
2017-01-14	1008986	19	4
2017-01-14	1009816	80	4
2017-01-14	1009824	108	4
2017-01-14	1009879	180	4
2017-01-14	1010254	6	4
2017-01-14	1010270	24	4
2017-01-14	1010277	192	4
2017-01-14	1012512	5	4
2017-01-14	1012560	48	4
2017-01-14	1012567	2800	4
2017-01-14	1012569	120	4
2017-01-14	1012573	160	4
2017-01-14	1012582	40	4
2017-01-14	1012915	100	4
2017-01-14	1012921	192	4
2017-01-14	1012926	8	4
2017-01-14	1012952	1116	4
2017-01-14	1012958	3	4
2017-01-14	1013664	60	4
2017-01-14	1013666	100	4
2017-01-14	1013674	40	4
2017-01-14	1014478670	60	4
2017-01-14	1015078	50	4
2017-01-14	1015457	212	4
2017-01-14	101609	18	4
2017-01-14	1016355	4860	4
2017-01-14	1016746191	0	4
2017-01-14	1017541	159	4
2017-01-14	1020213	30	4
2017-01-14	1021033	144	4
2017-01-14	1021047	240	4
2017-01-14	1021067	12	4
2017-01-14	1022234	40	4
2017-01-14	1023424	12	4
2017-01-14	1023914	48	4
2017-01-14	1024659	54	4
2017-01-14	1024757	6	4
2017-01-15	1000049561	400	4
2017-01-15	1000294	90	4
2017-01-15	1000375529	5	4
2017-01-15	1000632	52	4
2017-01-15	100077	7	4
2017-01-15	1000794392	48	4
2017-01-15	1000878768	100	4
2017-01-15	1001423	50	4
2017-01-15	1001429	143	4
2017-01-15	100143	3	4
2017-01-15	1002046345	30	4
2017-01-15	1002065	80	4
2017-01-15	1002071	40	4
2017-01-15	1002256	195	4
2017-01-15	1002263	5	4
2017-01-15	1002826991	8	4
2017-01-15	1002883813	0	4
2017-01-15	1002884916	32	4
2017-01-15	1002891567	48	4
2017-01-15	1003269170	12	4
2017-01-15	1003429761	50	4
2017-01-15	1003494928	28	4
2017-01-15	1003648	20	4
2017-01-15	100391	0	4
2017-01-15	1004234	30	4
2017-01-15	100470	43	4
2017-01-15	1004831000	50	4
2017-01-15	1004831506	12	4
2017-01-15	1005998	5	4
2017-01-15	1006131	27	4
2017-01-15	1006313822	60	4
2017-01-15	1006317	4	4
2017-01-15	1007315	3	4
2017-01-15	1007367	540	4
2017-01-15	1007981	34	4
2017-01-15	1008185	4	4
2017-01-15	100934	20	4
2017-01-15	1009834	96	4
2017-01-15	1010214	23	4
2017-01-15	1010289	1168	4
2017-01-15	1010774	0	4
2017-01-15	1010779	60	4
2017-01-15	1010798	24	4
2017-01-15	1011485	1	4
2017-01-15	1011662914	20	4
2017-01-15	1011711	95	4
2017-01-15	1012451	10	4
2017-01-15	1012538411	396	4
2017-01-15	1012849	300	4
2017-01-15	1013360	0	4
2017-01-15	1014161	60	4
2017-01-15	1014169	60	4
2017-01-15	1014489	354	4
2017-01-15	1014575	450	4
2017-01-15	1014581	350	4
2017-01-15	1014741353	240	4
2017-01-15	1016453	20	4
2017-01-15	1016834	15	4
2017-01-15	1017250	15	4
2017-01-15	1017569	75	4
2017-01-15	1017571	50	4
2017-01-15	1017574	50	4
2017-01-15	1017616042	40	4
2017-01-15	1017884	50	4
2017-01-15	1018791	7	4
2017-01-15	1018797	20	4
2017-01-15	1019913	10	4
2017-01-15	1020616	10	4
2017-01-15	1021503	494	4
2017-01-15	1024973	50	4
2017-01-15	1025460165	25	4
2017-01-15	1025469	197	4
2017-01-16	1000240	1	4
2017-01-16	1000243	2	4
2017-01-16	1000431	330	4
2017-01-16	1000459	400	4
2017-01-16	1000467	400	4
2017-01-16	1000468	150	4
2017-01-16	1000728	600	4
2017-01-16	1001573	2	4
2017-01-16	1001601	0	4
2017-01-16	1001805	3	4
2017-01-16	1002072	4	4
2017-01-16	1002126	2592	4
2017-01-16	1002489827	1	4
2017-01-16	1002489840	1	4
2017-01-16	1002489859	4	4
2017-01-16	1002490116	2	4
2017-01-16	1002490193	4	4
2017-01-16	1002563	3	4
2017-01-16	1002957247	0	4
2017-01-16	1003188	3	4
2017-01-16	1003800	20	4
2017-01-16	1003822	1	4
2017-01-16	1003832	10	4
2017-01-16	1003834	30	4
2017-01-16	1003837	40	4
2017-01-16	1003848	5	4
2017-01-16	1003851	25	4
2017-01-16	1003852	37	4
2017-01-16	100401	72	4
2017-01-16	100418	216	4
2017-01-16	1004811	23	4
2017-01-16	1006032	30	4
2017-01-16	1007176	7	4
2017-01-16	1007955	95	4
2017-01-16	1007970	458	4
2017-01-16	1007971	243	4
2017-01-16	1007976	256	4
2017-01-16	1007977	64	4
2017-01-16	1007978	90	4
2017-01-16	1008406	25	4
2017-01-16	1008452	13	4
2017-01-16	1011478	7	4
2017-01-16	1011481	5	4
2017-01-16	101498	120	4
2017-01-16	1017454	320	4
2017-01-16	1018295	119	4
2017-01-16	1018461	50	4
2017-01-16	1019305	40	4
2017-01-16	1021099	360	4
2017-01-16	1021586	3	4
2017-01-16	1021590	2	4
2017-01-16	1021591	1	4
2017-01-16	1021674	1	4
2017-01-16	1021680	6	4
2017-01-16	1021786	24	4
2017-01-16	1021894	100	4
2017-01-16	1021895	230	4
2017-01-16	1021900	50	4
2017-01-16	1021901	150	4
2017-01-16	102215	234	4
2017-01-16	102221	5	4
2017-01-16	1022867	16	4
2017-01-16	1024370	25	4
2017-01-16	1024490	104	4
2017-01-17	1001178867	2400	4
2017-01-17	1001178945	1800	4
2017-01-17	1001187130	300	4
2017-01-17	1001342450	5	4
2017-01-17	1002367	0	4
2017-01-17	1002449	30	4
2017-01-17	1002650	25	4
2017-01-17	1002656	50	4
2017-01-17	1002664	0	4
2017-01-17	1002665	3	4
2017-01-17	1002852	24	4
2017-01-17	1002996	299	4
2017-01-17	1003105	698	4
2017-01-17	1004474	60	4
2017-01-17	1004475	40	4
2017-01-17	1004501	120	4
2017-01-17	1004540	60	4
2017-01-17	1004545	60	4
2017-01-17	1004564	149	4
2017-01-17	1004607	19	4
2017-01-17	1004608	94	4
2017-01-17	1007054	0	4
2017-01-17	1008580	70	4
2017-01-17	1009130	54	4
2017-01-17	1010272	36	4
2017-01-17	101085	12	4
2017-01-17	1012916	15	4
2017-01-17	1013061	4	4
2017-01-17	1013653	6	4
2017-01-17	1013654	9	4
2017-01-17	1013662	3	4
2017-01-17	1013663	40	4
2017-01-17	1013910	0	4
2017-01-17	1013918	135	4
2017-01-17	1013925	1	4
2017-01-17	1013948	11	4
2017-01-17	1013957	35	4
2017-01-17	1013977	60	4
2017-01-17	1014489	258	4
2017-01-17	1014490	23	4
2017-01-17	1014663	4	4
2017-01-17	1016452	30	4
2017-01-17	1020758451	30	4
2017-01-17	1020759083	18	4
2017-01-17	1020760127	6	4
2017-01-17	1020764129	12	4
2017-01-17	1020765564	120	4
2017-01-17	1020765974	24	4
2017-01-17	1020766340	12	4
2017-01-17	1020771015	36	4
2017-01-17	1020772006	60	4
2017-01-17	1020772543	24	4
2017-01-17	1020772815	12	4
2017-01-17	1020773844	112	4
2017-01-17	1020774502	16	4
2017-01-17	1020775114	16	4
2017-01-17	1021352	5	4
2017-01-17	1022163	1	4
2017-01-17	1024675	6	4
2017-01-17	1025021	20	4
2017-01-17	1025024	12	4
2017-01-18	1000023352	600	4
2017-01-18	1000054	60	4
2017-01-18	1000061	20	4
2017-01-18	1000115	15	4
2017-01-18	1000477	3	4
2017-01-18	1001084511	48	4
2017-01-18	1002677019	0	4
2017-01-18	1002677157	2	4
2017-01-18	1002912	274	4
2017-01-18	1003012	80	4
2017-01-18	1003969	400	4
2017-01-18	1003976081	48	4
2017-01-18	1003987588	120	4
2017-01-18	1003988243	24	4
2017-01-18	1004002779	24	4
2017-01-18	1004002780	64	4
2017-01-18	1004200	30	4
2017-01-18	1006153	5	4
2017-01-18	1006168	0	4
2017-01-18	1006183	60	4
2017-01-18	1006985	21	4
2017-01-18	1007176	3	4
2017-01-18	1007955	135	4
2017-01-18	1007967	38	4
2017-01-18	1007971	162	4
2017-01-18	1007978	45	4
2017-01-18	1008185	2	4
2017-01-18	1008341	49	4
2017-01-18	1008368442	20	4
2017-01-18	1008986	80	4
2017-01-18	1009348	12	4
2017-01-18	1010289	0	4
2017-01-18	1010757	57	4
2017-01-18	1010950708	20	4
2017-01-18	1011477	0	4
2017-01-18	1011478	4	4
2017-01-18	1011480	5	4
2017-01-18	1011481	60	4
2017-01-18	1012143	60	4
2017-01-18	1012752	25	4
2017-01-18	1012769034	0	4
2017-01-18	1013983	30	4
2017-01-18	1014000	5	4
2017-01-18	1015091	20	4
2017-01-18	1015092	100	4
2017-01-18	1016548	5	4
2017-01-18	101666	59	4
2017-01-18	1017131	0	4
2017-01-18	1018412257	5	4
2017-01-18	1019006	30	4
2017-01-18	1020213	90	4
2017-01-18	1021303	60	4
2017-01-18	1021306	0	4
2017-01-18	1021317	150	4
2017-01-18	1021338	0	4
2017-01-18	1021516	150	4
2017-01-18	1022957	600	4
2017-01-18	1022958	800	4
2017-01-18	1022968670	0	4
2017-01-18	1022973871	4	4
2017-01-18	1023914	24	4
2017-01-19	1000240	1	4
2017-01-19	1000527929	120	4
2017-01-19	1000545817	24	4
2017-01-19	1000697	80	4
2017-01-19	1000711	24	4
2017-01-19	1001177	70	4
2017-01-19	1001180	16	4
2017-01-19	1001210	24	4
2017-01-19	1001215	85	4
2017-01-19	1001420	20	4
2017-01-19	1001444173	40	4
2017-01-19	1001444499	0	4
2017-01-19	1001462921	8	4
2017-01-19	1001463012	100	4
2017-01-19	1001892	24	4
2017-01-19	1001900525	5	4
2017-01-19	1002249	88	4
2017-01-19	1002256	80	4
2017-01-19	1002363676	8	4
2017-01-19	1002363954	9	4
2017-01-19	1002364071	200	4
2017-01-19	1002364072	150	4
2017-01-19	1002677019	7	4
2017-01-19	1002677157	3	4
2017-01-19	1003031	10	4
2017-01-19	1003062	20	4
2017-01-19	1003263590	2	4
2017-01-19	1003263879	6	4
2017-01-19	1003590304	9	4
2017-01-19	1003832	10	4
2017-01-19	1003834	20	4
2017-01-19	1003837	40	4
2017-01-19	1003848	10	4
2017-01-19	1003851	20	4
2017-01-19	1004234	20	4
2017-01-19	1005116	24	4
2017-01-19	1005316718	10	4
2017-01-19	100597	50	4
2017-01-19	1005998	8	4
2017-01-19	1006163	5	4
2017-01-19	1006985	30	4
2017-01-19	1009724	35	4
2017-01-19	1009736	804	4
2017-01-19	1009742	26	4
2017-01-19	1009750	456	4
2017-01-19	1009752	252	4
2017-01-19	1009816	80	4
2017-01-19	1010779	20	4
2017-01-19	1010830	12	4
2017-01-19	1011054	64	4
2017-01-19	1012520	728	4
2017-01-19	1012563	9	4
2017-01-19	1012769034	10	4
2017-01-19	1013975	6	4
2017-01-19	1013979	120	4
2017-01-19	1014651	144	4
2017-01-19	1014663	3	4
2017-01-19	1015242	60	4
2017-01-19	1015309237	28	4
2017-01-19	101609	17	4
2017-01-19	101610	34	4
2017-01-19	101613	54	4
2017-01-19	1016452	60	4
2017-01-19	1016985	450	4
2017-01-19	101709	36	4
2017-01-19	1017934	25	4
2017-01-19	1018412257	15	4
2017-01-19	1018461	80	4
2017-01-19	1018797	25	4
2017-01-19	1018856	12	4
2017-01-19	1019066454	15	4
2017-01-19	1019066455	8	4
2017-01-19	1019305	440	4
2017-01-19	1020541924	105	4
2017-01-19	1021270	32	4
2017-01-19	1021275	32	4
2017-01-19	1021584	4	4
2017-01-19	1021590	1	4
2017-01-19	1021591	2	4
2017-01-19	1021680	1	4
2017-01-19	1021733	1	4
2017-01-19	1021756	1	4
2017-01-19	1021941162	0	4
2017-01-19	1022099	10	4
2017-01-19	1022100	30	4
2017-01-19	1022163	4	4
2017-01-19	1022968670	10	4
2017-01-19	1022973871	16	4
2017-01-19	1023496	0	4
2017-01-19	1023728	20	4
2017-01-19	1023878	348	4
2017-01-19	1023880	58	4
2017-01-19	1023890	161	4
2017-01-19	1023897	36	4
2017-01-19	1023946	10	4
2017-01-19	1024134	133	4
2017-01-19	1024204	0	4
2017-01-19	1024209	80	4
2017-01-19	1024623	288	4
2017-01-19	1024624	24	4
2017-01-19	1024646	37	4
2017-01-19	1025548	6	4
2017-01-19	1025558	0	4
2017-01-20	1000055734	150	4
2017-01-20	1000431	100	4
2017-01-20	1000459	370	4
2017-01-20	1000467	400	4
2017-01-20	1000468	60	4
2017-01-20	100077	10	4
2017-01-20	1001131255	200	4
2017-01-20	1001131272	99	4
2017-01-20	1001131322	100	4
2017-01-20	1002065	30	4
2017-01-20	1002282	60	4
2017-01-20	1002664	0	4
2017-01-20	1002687	2	4
2017-01-20	1002852	10	4
2017-01-20	1002898	2	4
2017-01-20	1003012	40	4
2017-01-20	100470	30	4
2017-01-20	1005116	12	4
2017-01-20	1007358	30	4
2017-01-20	1009745	70	4
2017-01-20	1009758	30	4
2017-01-20	1009766	110	4
2017-01-20	1010721	10	4
2017-01-20	1010798	22	4
2017-01-20	1012505	2	4
2017-01-20	1012849	75	4
2017-01-20	1016422	39	4
2017-01-20	1016424	2	4
2017-01-20	1016834	2	4
2017-01-20	1018797	40	4
2017-01-20	1019916	10	4
2017-01-20	1020211	0	4
2017-01-20	1020616	10	4
2017-01-20	1020732	0	4
2017-01-20	1020734	20	4
2017-01-20	1021066	60	4
2017-01-20	1021067	48	4
2017-01-20	1021894	350	4
2017-01-20	1021901	400	4
2017-01-20	1024490	133	4
2017-01-20	1024659	20	4
2017-01-20	1025519	80	4
2017-01-21	1001268	54	4
2017-01-21	1001372	252	4
2017-01-21	1002330576	24	4
2017-01-21	1002331582	24	4
2017-01-21	1002421	4	4
2017-01-21	1003066	3700	4
2017-01-21	1003080	240	4
2017-01-21	1003263050	6	4
2017-01-21	1003629	96	4
2017-01-21	1003636	96	4
2017-01-21	1003867	4	4
2017-01-21	1004092278	60	4
2017-01-21	1004328596	6	4
2017-01-21	1005268	29	4
2017-01-21	1006131	288	4
2017-01-21	1008185	12	4
2017-01-21	1008341	16	4
2017-01-21	1009824	108	4
2017-01-21	1010471	211	4
2017-01-21	1010830	12	4
2017-01-21	1012135	120	4
2017-01-21	1012153	240	4
2017-01-21	1014351	26	4
2017-01-21	1014667	10	4
2017-01-21	1014711	7	4
2017-01-21	101498	130	4
2017-01-21	1015091	20	4
2017-01-21	1015092	400	4
2017-01-21	1016438	10	4
2017-01-21	1016453	80	4
2017-01-21	1016841	30	4
2017-01-21	1017541	897	4
2017-01-21	1017596	8	4
2017-01-21	1019198	3648	4
2017-01-21	1019271	224	4
2017-01-21	1019438876	16	4
2017-01-21	1019455846	39	4
2017-01-21	1021584	1	4
2017-01-21	1021585	5	4
2017-01-21	1021680	6	4
2017-01-21	1021733	25	4
2017-01-21	1022044	40	4
2017-01-21	1022958	600	4
2017-01-21	1025025	100	4
2017-01-21	1025519	0	4
2017-01-22	1001194	1	4
2017-01-22	1001465	100	4
2017-01-22	100391	200	4
2017-01-22	1005998	6	4
2017-01-22	1007963	80	4
2017-01-22	1009743	70	4
2017-01-22	1009745	230	4
2017-01-22	1009766	170	4
2017-01-22	1010972	3	4
2017-01-22	1012752	10	4
2017-01-22	1012849	100	4
2017-01-22	1013063	700	4
2017-01-22	1013070	110	4
2017-01-22	1013101	40	4
2017-01-22	1013108	150	4
2017-01-22	1013136	6	4
2017-01-22	1013360	4	4
2017-01-22	1013979	96	4
2017-01-22	1014056	90	4
2017-01-22	101666	57	4
2017-01-22	1018295	10	4
2017-01-22	1019326	60	4
2017-01-22	1019442704	48	4
2017-01-22	1019696	24	4
2017-01-22	1020423	6	4
2017-01-22	1021591	1	4
2017-01-22	1023241	22	4
2017-01-22	1023596	151	4
2017-01-22	1023662	22	4
2017-01-22	1023878	300	4
2017-01-22	1023884	24	4
2017-01-22	1023897	144	4
2017-01-22	1024432	29	4
2017-01-22	1024617	3	4
2017-01-22	1024623	95	4
2017-01-22	1024624	60	4
2017-01-22	1025469	0	4
2017-01-22	1025472	2	4
2017-01-22	1025476	15	4
2017-01-23	1000055710	275	4
2017-01-23	1000055733	339	4
2017-01-23	1000055734	302	4
2017-01-23	100077	32	4
2017-01-23	1001131255	61	4
2017-01-23	1001131272	50	4
2017-01-23	1001131322	36	4
2017-01-23	1001420	7	4
2017-01-23	100143	4	4
2017-01-23	1002071	40	4
2017-01-23	1002650	10	4
2017-01-23	1003061	2000	4
2017-01-23	1003460	9	4
2017-01-23	1004200	10	4
2017-01-23	1004811	15	4
2017-01-23	1006808	20	4
2017-01-23	1007094	140	4
2017-01-23	1007108	10	4
2017-01-23	1008346	8	4
2017-01-23	1008452	17	4
2017-01-23	1009196	4	4
2017-01-23	1010133	11	4
2017-01-23	1011043	67	4
2017-01-23	1012451	50	4
2017-01-23	1015091	60	4
2017-01-23	1015092	50	4
2017-01-23	1015234	15	4
2017-01-23	1017675	9	4
2017-01-23	1017677	30	4
2017-01-23	1019913	0	4
2017-01-23	1019918	10	4
2017-01-23	1020092	10	4
2017-01-23	1020422	24	4
2017-01-23	1021352	5	4
2017-01-23	1022439	28	4
2017-01-23	1023241	0	4
2017-01-23	1023884	5	4
2017-01-23	1023890	35	4
2017-01-23	1024620	17	4
2017-01-23	1024675	20	4
2017-01-23	1025459	3	4
2017-01-24	1001120240	24	4
2017-01-24	1001230650	16	4
2017-01-24	1001282	2	4
2017-01-24	1001283	40	4
2017-01-24	1001297	40	4
2017-01-24	1001385	20	4
2017-01-24	1001949	120	4
2017-01-24	1002406	0	4
2017-01-24	1003204	3	4
2017-01-24	1003442	3	4
2017-01-24	1003460	2	4
2017-01-24	1004234	60	4
2017-01-24	1004513	6	4
2017-01-24	1007315	4	4
2017-01-24	1009738	2	4
2017-01-24	1010322	40	4
2017-01-24	1010693	317	4
2017-01-24	1010774	44	4
2017-01-24	1010779	72	4
2017-01-24	1013983	20	4
2017-01-24	1014162	60	4
2017-01-24	1014169	60	4
2017-01-24	1015074	80	4
2017-01-24	1017565	35	4
2017-01-24	1017574	50	4
2017-01-24	1020541924	105	4
2017-01-24	1020954	12	4
2017-01-24	1021000	2	4
2017-01-24	1022456037	100	4
2017-01-24	1024714	3	4
2017-01-24	1024721	10	4
2017-01-24	1025025	80	4
2017-01-24	1025520	99	4
2017-01-25	1000867311	8	4
2017-01-25	1001301	24	4
2017-01-25	1006889	350	4
2017-01-25	1006891	370	4
2017-01-25	1006893	150	4
2017-01-25	1006894	280	4
2017-01-25	1013234	16	4
2017-01-25	1014622	10	4
2017-01-25	1015074	150	4
2017-01-25	1021000	48	4
2017-01-25	1024370	15	4
2017-01-25	1024580	50	4
2017-01-26	1000103010	60	4
2017-01-26	1000103012	200	4
2017-01-26	1000103013	20	4
2017-01-26	1000103014	20	4
2017-01-26	1000103075	10	4
2017-01-26	1000103088	60	4
2017-01-26	1000335182	300	4
2017-01-26	1000335207	60	4
2017-01-26	1000336420	30	4
2017-01-26	1001180	5	4
2017-01-26	1001208	25	4
2017-01-26	1001210	25	4
2017-01-26	1001805	3	4
2017-01-26	1003062	60	4
2017-01-26	1014026380	48	4
2017-01-26	1015074	110	4
2017-01-26	1015091	10	4
2017-01-26	1016707358	20	4
2017-01-26	1021352	5	4
2017-01-27	1001805	1	4
2017-01-28	1001805	1	4
2017-01-29	1001805	1	4
2017-01-30	1001805	1	4
2017-01-31	1001805	1	4
2017-02-01	1001805	4	4
2017-02-02	1001805	3	4
2017-02-03	1001805	2	4
2017-02-04	1001805	4	4
2017-02-04	1007278	1	4
2017-02-04	101085	10	4
2017-02-04	1014565	0	4
2017-02-05	1001805	5	4
2017-02-05	1002065	40	4
2017-02-05	1022328	58	4
2017-02-06	1001805	8	4
2017-02-06	1006825	870	4
2017-02-07	1001796	1	4
2017-02-07	1001805	7	4
2017-02-07	1013910	120	4
2017-02-07	1013950	39	4
2017-02-07	1015016	28	4
2017-02-07	1020749405	20	4
2017-02-08	1000274	12	4
2017-02-08	1000841	40	4
2017-02-08	1001799	1	4
2017-02-08	1001805	3	4
2017-02-08	1003055	348	4
2017-02-08	1003066	1100	4
2017-02-08	1003080	240	4
2017-02-08	1004458	16	4
2017-02-08	1009879	30	4
2017-02-08	1012567	560	4
2017-02-08	1012569	800	4
2017-02-08	1012573	40	4
2017-02-08	1012582	80	4
2017-02-08	1016821	0	4
2017-02-08	1021066	12	4
2017-02-08	1021067	12	4
2017-02-08	1022146	1120	4
2017-02-08	1023902	0	4
2017-02-08	1024659	30	4
2017-02-09	1001178867	800	4
2017-02-09	1001187297	600	4
2017-02-09	1001805	3	4
2017-02-09	1003055	360	4
2017-02-09	1003061	2000	4
2017-02-09	1003066	2200	4
2017-02-09	1003460	30	4
2017-02-09	1004558	600	4
2017-02-09	1007176	1	4
2017-02-09	1009736	360	4
2017-02-09	1009750	2004	4
2017-02-09	1009752	180	4
2017-02-09	1010289	104	4
2017-02-09	1010290	12	4
2017-02-09	1012135	60	4
2017-02-09	1017541	1	4
2017-02-09	1020704	2	4
2017-02-09	1021030	0	4
2017-02-09	1021047	840	4
2017-02-09	1021585	5	4
2017-02-09	1021674	3	4
2017-02-09	1021675	1	4
2017-02-09	1021680	0	4
2017-02-09	1021786	1	4
2017-02-10	1001796	1	4
2017-02-10	1001805	8	4
2017-02-10	1003031	20	4
2017-02-10	1003055	240	4
2017-02-10	1003057	300	4
2017-02-10	1003061	1800	4
2017-02-10	1006759	30	4
2017-02-10	1007315	1	4
2017-02-10	1009197	30	4
2017-02-10	1010214	3	4
2017-02-10	1010271	24	4
2017-02-10	1010273	120	4
2017-02-10	1010277	60	4
2017-02-10	1012856949	20	4
2017-02-10	1012867015	20	4
2017-02-10	1012868463	40	4
2017-02-10	1012958	5	4
2017-02-10	1013060	2	4
2017-02-10	1014161	100	4
2017-02-10	1014565	0	4
2017-02-10	1021303	60	4
2017-02-10	1021306	60	4
2017-02-10	1021338	20	4
2017-02-10	1023247	75	4
2017-02-10	1023914	48	4
2017-02-10	1023923	24	4
2017-02-10	1023926	12	4
2017-02-10	1023946	100	4
2017-02-11	1000055710	1000	4
2017-02-11	1000210	60	4
2017-02-11	1001426	72	4
2017-02-11	1001796	1	4
2017-02-11	1001805	3	4
2017-02-11	1002650	80	4
2017-02-11	1002656	20	4
2017-02-11	1003831	0	4
2017-02-11	100418	288	4
2017-02-11	1004542	6	4
2017-02-11	1004777875	32	4
2017-02-11	1004804	130	4
2017-02-11	1004808	55	4
2017-02-11	1004811	47	4
2017-02-11	1004812	18	4
2017-02-11	1009834	134	4
2017-02-11	1012451	20	4
2017-02-11	1013234	7	4
2017-02-11	1013727	15	4
2017-02-11	1016355	888	4
2017-02-11	1016746191	0	4
2017-02-11	1017250	7	4
2017-02-11	1018873	15	4
2017-02-11	1021756	207	4
2017-02-11	1021819	0	4
2017-02-11	1022044	64	4
2017-02-11	1022581	0	4
2017-02-11	1023880	0	4
2017-02-11	1024432	30	4
2017-02-11	1024659	20	4
2017-02-11	1024661	12	4
2017-02-11	1024817	1	4
2017-02-12	1000232	1	4
2017-02-12	1001342450	10	4
2017-02-12	1001486072	25	4
2017-02-12	1001486714	20	4
2017-02-12	1001796	2	4
2017-02-12	1001805	6	4
2017-02-12	1002449	7	4
2017-02-12	1002664	2	4
2017-02-12	1002831501	40	4
2017-02-12	1002852	15	4
2017-02-12	1002890	18	4
2017-02-12	1002893	20	4
2017-02-12	1002899	20	4
2017-02-12	1002912	294	4
2017-02-12	1002921	16	4
2017-02-12	1003066	1400	4
2017-02-12	1003429761	150	4
2017-02-12	1003460	0	4
2017-02-12	1003487741	70	4
2017-02-12	1003648	10	4
2017-02-12	1004811	19	4
2017-02-12	1005251	8	4
2017-02-12	1006032	19	4
2017-02-12	1006899	24	4
2017-02-12	1008131	100	4
2017-02-12	1009758	20	4
2017-02-12	1010370	20	4
2017-02-12	1010377	0	4
2017-02-12	1010378	0	4
2017-02-12	1010693	96	4
2017-02-12	1012143	120	4
2017-02-12	1012153	294	4
2017-02-12	1012752	6	4
2017-02-12	1012906	945	4
2017-02-12	1014687520	100	4
2017-02-12	1016303	3	4
2017-02-12	1017103	19	4
2017-02-12	1017454	32	4
2017-02-12	1018485071	50	4
2017-02-12	1019819	15	4
2017-02-12	1021019	8400	4
2017-02-12	1021041	36	4
2017-02-12	1021585	5	4
2017-02-12	1021680	1	4
2017-02-12	1022456037	40	4
2017-02-13	100077	12	4
2017-02-13	1001268	42	4
2017-02-13	100143	8	4
2017-02-13	1001805	2	4
2017-02-13	1002065	40	4
2017-02-13	1003460	11	4
2017-02-13	1003629	0	4
2017-02-13	1003636	0	4
2017-02-13	1003760703	4	4
2017-02-13	100391	50	4
2017-02-13	100421	100	4
2017-02-13	100470	48	4
2017-02-13	1007176	6	4
2017-02-13	1010689	12	4
2017-02-13	1010798	20	4
2017-02-13	1013680	24	4
2017-02-13	1016564	10	4
2017-02-13	1017596	5	4
2017-02-13	1019819	5	4
2017-02-13	1021099	504	4
2017-02-13	1022957	50	4
2017-02-13	1023241	0	4
2017-02-14	1000975	2	4
2017-02-14	1001283	6	4
2017-02-14	1001297	25	4
2017-02-14	1001301	36	4
2017-02-14	1001379	64	4
2017-02-14	1001796	4	4
2017-02-14	1001805	12	4
2017-02-14	1001809	12	4
2017-02-14	1001816	60	4
2017-02-14	1002065	50	4
2017-02-14	1002071	44	4
2017-02-14	1002665439	44	4
2017-02-14	1002665880	40	4
2017-02-14	1002735040	44	4
2017-02-14	1003648	12	4
2017-02-14	1004542	20	4
2017-02-14	1006890	12	4
2017-02-14	1006899	36	4
2017-02-14	1009543	100	4
2017-02-14	1009724	30	4
2017-02-14	1009738	5	4
2017-02-14	1010132	2	4
2017-02-14	1011084164	220	4
2017-02-14	1011084165	110	4
2017-02-14	1011086444	60	4
2017-02-14	1011477	6	4
2017-02-14	1011478	0	4
2017-02-14	1011485	4	4
2017-02-14	1011662914	25	4
2017-02-14	1012451	15	4
2017-02-14	1012752	8	4
2017-02-14	1013136	6	4
2017-02-14	1013654	4	4
2017-02-14	1013662	20	4
2017-02-14	1015382	42	4
2017-02-14	1016564	60	4
2017-02-14	1017541	300	4
2017-02-14	1017611452	6	4
2017-02-14	1017616042	60	4
2017-02-14	1017755	5	4
2017-02-14	1017761	10	4
2017-02-14	1017884	36	4
2017-02-14	1019515	6	4
2017-02-14	1020092	10	4
2017-02-14	1020732	0	4
2017-02-14	1020734	9	4
2017-02-14	1021584	0	4
2017-02-14	1021585	12	4
2017-02-14	1021590	3	4
2017-02-14	1021591	10	4
2017-02-14	1021675	1	4
2017-02-14	1022809	63	4
2017-02-14	1022867	1	4
2017-02-14	1022958	200	4
2017-02-14	1023863	5	4
2017-02-14	1023890	80	4
2017-02-14	1024432	20	4
2017-02-14	1024620	10	4
2017-02-14	1024623	96	4
2017-02-14	1025017	9	4
2017-02-14	1025021	16	4
2017-02-14	1025028	12	4
2017-02-14	1025029	42	4
2017-02-14	1025460165	8	4
2017-02-14	1025792	2	4
2017-02-15	1000274	12	4
2017-02-15	1000298	0	4
2017-02-15	1000320477	0	4
2017-02-15	1000603474	48	4
2017-02-15	1000867313	24	4
2017-02-15	1001429	200	4
2017-02-15	1001796	10	4
2017-02-15	1001805	20	4
2017-02-15	1003013	2	4
2017-02-15	1003212	2	4
2017-02-15	1003216	3	4
2017-02-15	1003403	110	4
2017-02-15	1003808	5	4
2017-02-15	100421	100	4
2017-02-15	1004808	0	4
2017-02-15	1004811	0	4
2017-02-15	1004812	44	4
2017-02-15	100597	2	4
2017-02-15	1005998	5	4
2017-02-15	1007315	9	4
2017-02-15	1007981	38	4
2017-02-15	1008185	15	4
2017-02-15	100935	100	4
2017-02-15	1009567	4	4
2017-02-15	1009742	15	4
2017-02-15	1009745	40	4
2017-02-15	1009758	10	4
2017-02-15	1009834	346	4
2017-02-15	1009850	40	4
2017-02-15	1009879	900	4
2017-02-15	1010757	100	4
2017-02-15	1010827	55	4
2017-02-15	1010830	18	4
2017-02-15	1010832	11	4
2017-02-15	1010972	0	4
2017-02-15	1010973	10	4
2017-02-15	1012512	6	4
2017-02-15	1012582	60	4
2017-02-15	1013063	320	4
2017-02-15	1013106	5	4
2017-02-15	1013108	130	4
2017-02-15	1013680	48	4
2017-02-15	1013727	6	4
2017-02-15	1013922	0	4
2017-02-15	1013925	3	4
2017-02-15	1013948	17	4
2017-02-15	1013957	43	4
2017-02-15	1013977	30	4
2017-02-15	1013979	250	4
2017-02-15	1013983	20	4
2017-02-15	1014489	300	4
2017-02-15	1014706	0	4
2017-02-15	1015016	60	4
2017-02-15	1015315409	0	4
2017-02-15	1016355	1395	4
2017-02-15	101709	26	4
2017-02-15	1017438	5	4
2017-02-15	1018800	25	4
2017-02-15	1020104	18	4
2017-02-15	1020932	0	4
2017-02-15	1021018	30	4
2017-02-15	1021030	90	4
2017-02-15	1021047	0	4
2017-02-15	1021067	12	4
2017-02-15	1021756	50	4
2017-02-15	1021819	0	4
2017-02-15	1022581	0	4
2017-02-15	1022912	10	4
2017-02-15	1022957	400	4
2017-02-15	102333	50	4
2017-02-15	1024661	12	4
2017-02-15	1025025	80	4
2017-02-15	1025043	4	4
2017-02-16	1000602850	90	4
2017-02-16	1001385	36	4
2017-02-16	100143	9	4
2017-02-16	1001796	3	4
2017-02-16	1001805	13	4
2017-02-16	1002126	1008	4
2017-02-16	1002129	6	4
2017-02-16	1002677019	80	4
2017-02-16	1002677157	30	4
2017-02-16	1002853547	30	4
2017-02-16	1002885550	40	4
2017-02-16	1002890	2	4
2017-02-16	1002893	2	4
2017-02-16	1002896240	20	4
2017-02-16	1002899	5	4
2017-02-16	1002984	0	4
2017-02-16	1003057	600	4
2017-02-16	1003066	300	4
2017-02-16	1003895027	0	4
2017-02-16	1004149446	3	4
2017-02-16	1004181453	3	4
2017-02-16	1004181896	3	4
2017-02-16	1004192115	40	4
2017-02-16	1004197312	3	4
2017-02-16	1005251	1	4
2017-02-16	1006155	5	4
2017-02-16	1006317	7	4
2017-02-16	1007176	1	4
2017-02-16	1008065	10	4
2017-02-16	1010798	42	4
2017-02-16	1012143	150	4
2017-02-16	1012153	252	4
2017-02-16	1012769034	30	4
2017-02-16	1013024	800	4
2017-02-16	1013999	200	4
2017-02-16	1014684	10	4
2017-02-16	1015234	15	4
2017-02-16	1021756	58	4
2017-02-16	1024672122	3	4
2017-02-17	1000507188	500	4
2017-02-17	1001641077	1	4
2017-02-17	1001796	6	4
2017-02-17	1001805	20	4
2017-02-17	1001949	30	4
2017-02-17	1002065	30	4
2017-02-17	1002071	20	4
2017-02-17	1002129674	16	4
2017-02-17	1002129676	8	4
2017-02-17	1002256	2	4
2017-02-17	1002263	22	4
2017-02-17	1002665438	132	4
2017-02-17	1002665439	44	4
2017-02-17	1002735040	44	4
2017-02-17	1003494928	10	4
2017-02-17	100421	90	4
2017-02-17	1006168	0	4
2017-02-17	1009543	300	4
2017-02-17	1009829	144	4
2017-02-17	1010243	250	4
2017-02-17	1010774	10	4
2017-02-17	1010779	18	4
2017-02-17	1010827	41	4
2017-02-17	1011084164	198	4
2017-02-17	1011084165	110	4
2017-02-17	1011086444	20	4
2017-02-17	1011086445	40	4
2017-02-17	1011480	20	4
2017-02-17	1011662914	40	4
2017-02-17	1013070	50	4
2017-02-17	1013101	25	4
2017-02-17	1013106	1	4
2017-02-17	1013108	30	4
2017-02-17	1013983	50	4
2017-02-17	1014622	14	4
2017-02-17	1015078	0	4
2017-02-17	1015488	160	4
2017-02-17	1015553	638	4
2017-02-17	1017472	66	4
2017-02-17	1017503	0	4
2017-02-17	1017611452	5	4
2017-02-17	1017616042	80	4
2017-02-17	1019922	4	4
2017-02-17	1021030	0	4
2017-02-17	1021043	0	4
2017-02-17	1022098	15	4
2017-02-17	1022100	50	4
2017-02-17	1022127495	22	4
2017-02-17	1022659735	4	4
2017-02-17	1022957	250	4
2017-02-17	1022958	700	4
2017-02-17	1023880	80	4
2017-02-17	1023884	35	4
2017-02-17	1023885	30	4
2017-02-17	1023890	50	4
2017-02-17	1023932	5	4
2017-02-17	1024134	50	4
2017-02-17	1024204	150	4
2017-02-17	1024432	50	4
2017-02-17	1024513	3000	4
2017-02-17	1024620	20	4
2017-02-17	1024623	380	4
2017-02-17	1025459	10	4
2017-02-18	1000894827	60	4
2017-02-18	1000895026	96	4
2017-02-18	1001573	8	4
2017-02-18	1001796	4	4
2017-02-18	1001805	24	4
2017-02-18	1002447450	0	4
2017-02-18	1002447451	12	4
2017-02-18	1002447452	12	4
2017-02-18	1002665	3	4
2017-02-18	1002890	4	4
2017-02-18	1002921	16	4
2017-02-18	1003061	1000	4
2017-02-18	1004480	0	4
2017-02-18	1004483	300	4
2017-02-18	1004485	0	4
2017-02-18	1004487	1000	4
2017-02-18	1004490	120	4
2017-02-18	1004492	60	4
2017-02-18	1004493	0	4
2017-02-18	1004501	0	4
2017-02-18	1004530	48	4
2017-02-18	1004531	80	4
2017-02-18	1004532	0	4
2017-02-18	1004538	100	4
2017-02-18	1004545	120	4
2017-02-18	1004564	0	4
2017-02-18	1006808	20	4
2017-02-18	1007054	6	4
2017-02-18	1007056	150	4
2017-02-18	1007061	144	4
2017-02-18	1007955	45	4
2017-02-18	1007967	0	4
2017-02-18	1007968	45	4
2017-02-18	1008341	250	4
2017-02-18	1009751	60	4
2017-02-18	1009752	600	4
2017-02-18	1010260	0	4
2017-02-18	1010708	648	4
2017-02-18	1010744467	15	4
2017-02-18	1012451	30	4
2017-02-18	1013584	2	4
2017-02-18	1013653	7	4
2017-02-18	1013975	10	4
2017-02-18	1014489	300	4
2017-02-18	1014565	200	4
2017-02-18	1014923	25	4
2017-02-18	1015092	60	4
2017-02-18	1016452	60	4
2017-02-18	1016841	20	4
2017-02-18	1018779	80	4
2017-02-18	1018781	800	4
2017-02-18	1018785	40	4
2017-02-18	1018789	200	4
2017-02-18	1022163	2	4
2017-02-18	1022234	3	4
2017-02-18	1022353	7	4
2017-02-18	1023890	500	4
2017-02-18	1023897	80	4
2017-02-18	1024256	192	4
2017-02-18	1024432	20	4
2017-02-18	1024624	140	4
2017-02-18	1024647	12	4
2017-02-18	1025017	2	4
2017-02-18	1025021	16	4
2017-02-18	1025028	4	4
2017-02-18	1025723769	0	4
2017-02-18	1025736	0	4
2017-02-19	1000054	10	4
2017-02-19	1000115	45	4
2017-02-19	1000294	70	4
2017-02-19	1000298	19	4
2017-02-19	1000394	40	4
2017-02-19	1000477	2	4
2017-02-19	1000632	13	4
2017-02-19	1000975	4	4
2017-02-19	1001180	12	4
2017-02-19	1001207	0	4
2017-02-19	1001230840	24	4
2017-02-19	1001231120	12	4
2017-02-19	1001379	16	4
2017-02-19	1001796	5	4
2017-02-19	1001799	9	4
2017-02-19	1001805	22	4
2017-02-19	1002065	80	4
2017-02-19	1002071	10	4
2017-02-19	1002680308	18	4
2017-02-19	1003188	20	4
2017-02-19	1003372	12	4
2017-02-19	1003403	20	4
2017-02-19	1003442	5	4
2017-02-19	1003834	50	4
2017-02-19	1003837	10	4
2017-02-19	1003851	25	4
2017-02-19	1003852	45	4
2017-02-19	1003867	4	4
2017-02-19	1004200	48	4
2017-02-19	1004804	0	4
2017-02-19	1004811	0	4
2017-02-19	1004812	19	4
2017-02-19	1005386	0	4
2017-02-19	1006112	30	4
2017-02-19	1006163	20	4
2017-02-19	1006808	20	4
2017-02-19	1008346	8	4
2017-02-19	1009745	40	4
2017-02-19	1010830	42	4
2017-02-19	1010832	24	4
2017-02-19	1010840	18	4
2017-02-19	1011485	3	4
2017-02-19	1012520	1440	4
2017-02-19	1013024	600	4
2017-02-19	1013316	15	4
2017-02-19	1013325	20	4
2017-02-19	1013330	25	4
2017-02-19	1013332	25	4
2017-02-19	1013333	0	4
2017-02-19	1013336	10	4
2017-02-19	1013999	90	4
2017-02-19	1014000	5	4
2017-02-19	1014575	325	4
2017-02-19	1014581	430	4
2017-02-19	1015328	0	4
2017-02-19	101613	12	4
2017-02-19	1016452	40	4
2017-02-19	1016827	30	4
2017-02-19	1017884	12	4
2017-02-19	1018800	0	4
2017-02-19	1019461974	13	4
2017-02-19	1019819	5	4
2017-02-19	1019922	6	4
2017-02-19	1020616	4	4
2017-02-19	1021585	11	4
2017-02-19	1021586	6	4
2017-02-19	1021590	1	4
2017-02-19	1021669	15	4
2017-02-19	1021680	12	4
2017-02-19	1021733	11	4
2017-02-19	1021756	7	4
2017-02-19	1021894	120	4
2017-02-19	1023926	36	4
2017-02-19	1024757	10	4
2017-02-20	1000232	1	4
2017-02-20	1001194	1	4
2017-02-20	1001199	5	4
2017-02-20	1001799	5	4
2017-02-20	1001805	8	4
2017-02-20	1002065	100	4
2017-02-20	1002071	70	4
2017-02-20	1002151553	20	4
2017-02-20	1002421	20	4
2017-02-20	1002489057	2	4
2017-02-20	1002489840	2	4
2017-02-20	1002489859	1	4
2017-02-20	1002562	8	4
2017-02-20	1003460	0	4
2017-02-20	100391	100	4
2017-02-20	1004608	53	4
2017-02-20	1004610	3400	4
2017-02-20	1004777875	40	4
2017-02-20	1004804	0	4
2017-02-20	1004808	3	4
2017-02-20	1004811	0	4
2017-02-20	1004812	0	4
2017-02-20	1006155	6	4
2017-02-20	1006166	20	4
2017-02-20	1007176	2	4
2017-02-20	1008131	100	4
2017-02-20	1008986	60	4
2017-02-20	1009742	30	4
2017-02-20	1009758	10	4
2017-02-20	1010798	14	4
2017-02-20	1011026	5	4
2017-02-20	1013061	5	4
2017-02-20	1013063	400	4
2017-02-20	1013098	20	4
2017-02-20	1013101	30	4
2017-02-20	1013108	50	4
2017-02-20	1013360	0	4
2017-02-20	1015039705	5	4
2017-02-20	1015049320	10	4
2017-02-20	1015583113	10	4
2017-02-20	1016746191	0	4
2017-02-20	1019918	10	4
2017-02-20	1021585	1	4
2017-02-20	1021586	3	4
2017-02-20	1021590	1	4
2017-02-20	1021591	9	4
2017-02-20	102216	5	4
2017-02-20	102221	0	4
2017-02-20	1022291	40	4
2017-02-20	1022328	60	4
2017-02-20	1022436	6	4
2017-02-20	1022809	45	4
2017-02-20	102332	129	4
2017-02-20	1024710474	20	4
2017-02-20	1025469	30	4
2017-02-20	1025470670	30	4
2017-02-20	1025472	5	4
2017-02-21	1000055707	100	4
2017-02-21	1000055768	20	4
2017-02-21	1000055895	10	4
2017-02-21	1000298	15	4
2017-02-21	1000609	10	4
2017-02-21	1000711	72	4
2017-02-21	1001084511	64	4
2017-02-21	1001227932	360	4
2017-02-21	1001796	2	4
2017-02-21	1001799	8	4
2017-02-21	1001805	8	4
2017-02-21	1001895993	360	4
2017-02-21	1002071	10	4
2017-02-21	1002282	0	4
2017-02-21	1002883813	60	4
2017-02-21	1002988	60	4
2017-02-21	1002989	120	4
2017-02-21	1002991	360	4
2017-02-21	1003063	300	4
2017-02-21	1003069	420	4
2017-02-21	1003081	800	4
2017-02-21	1003269170	30	4
2017-02-21	1003629	48	4
2017-02-21	1003636	24	4
2017-02-21	1003979476	12	4
2017-02-21	1003987588	84	4
2017-02-21	1003988243	12	4
2017-02-21	1003999539	24	4
2017-02-21	100418	1584	4
2017-02-21	1004231	16	4
2017-02-21	1004607	150	4
2017-02-21	1004612	0	4
2017-02-21	1004831000	100	4
2017-02-21	1004831506	6	4
2017-02-21	1005386	0	4
2017-02-21	1006166	12	4
2017-02-21	1006181	23	4
2017-02-21	1006250757	10	4
2017-02-21	1006292	20	4
2017-02-21	1007176	2	4
2017-02-21	1008346	3	4
2017-02-21	1009743	20	4
2017-02-21	1009745	50	4
2017-02-21	1009766	50	4
2017-02-21	1009879	180	4
2017-02-21	1010715	80	4
2017-02-21	1010721	15	4
2017-02-21	1010832	12	4
2017-02-21	1010950708	10	4
2017-02-21	1012512	12	4
2017-02-21	1012538411	210	4
2017-02-21	1012567	560	4
2017-02-21	1012573	100	4
2017-02-21	1012582	80	4
2017-02-21	1012752	10	4
2017-02-21	1013584	4	4
2017-02-21	1013727	6	4
2017-02-21	1013918	249	4
2017-02-21	1013922	55	4
2017-02-21	1013948	3	4
2017-02-21	1013950	55	4
2017-02-21	1013957	35	4
2017-02-21	1013977	36	4
2017-02-21	1014622	20	4
2017-02-21	1014751	3	4
2017-02-21	1015004801	15	4
2017-02-21	1015012807	50	4
2017-02-21	1015016	0	4
2017-02-21	1015255	598	4
2017-02-21	1015284381	59	4
2017-02-21	1016355	1512	4
2017-02-21	1016452	40	4
2017-02-21	1016564	13	4
2017-02-21	1016843	8	4
2017-02-21	1017223815	32	4
2017-02-21	1017236047	6	4
2017-02-21	1017265	24	4
2017-02-21	1017454	0	4
2017-02-21	1017472	48	4
2017-02-21	1017502	312	4
2017-02-21	1017541	148	4
2017-02-21	1017569	75	4
2017-02-21	1017573	40	4
2017-02-21	1017575	40	4
2017-02-21	1017582	120	4
2017-02-21	1018764	20	4
2017-02-21	1020704	1	4
2017-02-21	1021067	48	4
2017-02-21	1021674	1	4
2017-02-21	1021900	30	4
2017-02-21	1022814	10	4
2017-02-21	1023459	96	4
2017-02-21	1023902	16	4
2017-02-21	1024209	50	4
2017-02-21	1024672	12	4
2017-02-21	1024817	2	4
2017-02-21	1025237	4	4
2017-02-22	1000338808	72	4
2017-02-22	1000700186	8	4
2017-02-22	1000855789	18	4
2017-02-22	1001180	15	4
2017-02-22	1001194	5	4
2017-02-22	1001203	10	4
2017-02-22	1001209	2	4
2017-02-22	1001379	88	4
2017-02-22	1001439	80	4
2017-02-22	1001805	5	4
2017-02-22	1002129674	8	4
2017-02-22	1002148	5	4
2017-02-22	1002664	2	4
2017-02-22	1002677019	80	4
2017-02-22	1002686	11	4
2017-02-22	1002852	72	4
2017-02-22	1002890	15	4
2017-02-22	1002893	15	4
2017-02-22	1002899	14	4
2017-02-22	1003014188	119	4
2017-02-22	1003031	6	4
2017-02-22	1003061	2000	4
2017-02-22	1003066	1000	4
2017-02-22	1003216	2	4
2017-02-22	1003562907	17	4
2017-02-22	1003648	0	4
2017-02-22	1003831	12	4
2017-02-22	100401	72	4
2017-02-22	1004200	10	4
2017-02-22	1004542	25	4
2017-02-22	1006032	80	4
2017-02-22	1006759	15	4
2017-02-22	1007176	1	4
2017-02-22	1008185	2	4
2017-02-22	1008341	23	4
2017-02-22	1009247	48	4
2017-02-22	1009252	0	4
2017-02-22	1009738	1	4
2017-02-22	1009742	5	4
2017-02-22	1009829	288	4
2017-02-22	1010721	20	4
2017-02-22	1011001	180	4
2017-02-22	1011480	20	4
2017-02-22	1011481	40	4
2017-02-22	1011485	1	4
2017-02-22	1011662914	40	4
2017-02-22	1012143	120	4
2017-02-22	1012505	20	4
2017-02-22	1012512	12	4
2017-02-22	1012752	10	4
2017-02-22	1013234	30	4
2017-02-22	1013999	110	4
2017-02-22	1014161	20	4
2017-02-22	1014162	30	4
2017-02-22	1014169	96	4
2017-02-22	1014575	300	4
2017-02-22	1014651	144	4
2017-02-22	1014657	6	4
2017-02-22	1014665	10	4
2017-02-22	1016334	120	4
2017-02-22	1016827	100	4
2017-02-22	1017064	9	4
2017-02-22	1017265	24	4
2017-02-22	1017438	10	4
2017-02-22	1017611452	7	4
2017-02-22	1017616042	60	4
2017-02-22	1017675	35	4
2017-02-22	1017677	18	4
2017-02-22	1019298	49	4
2017-02-22	1019913	10	4
2017-02-22	1019918	20	4
2017-02-22	1020541924	105	4
2017-02-22	1020732	0	4
2017-02-22	1020734	8	4
2017-02-22	1020932	0	4
2017-02-22	1021018	40	4
2017-02-22	1021066	48	4
2017-02-22	1021533785	30	4
2017-02-22	1021586	2	4
2017-02-22	1021591	1	4
2017-02-22	1021756	0	4
2017-02-22	1021786	0	4
2017-02-22	1021894	100	4
2017-02-22	1021900	16	4
2017-02-22	1022659735	0	4
2017-02-22	1022867	9	4
2017-02-22	1022973871	50	4
2017-02-22	1023252	2	4
2017-02-22	102332	64	4
2017-02-22	102333	17	4
2017-02-22	1023494	0	4
2017-02-22	1023728	100	4
2017-02-22	1023935	20	4
2017-02-22	1023946	100	4
2017-02-22	1024513	0	4
2017-02-23	1000490	360	4
2017-02-23	1001207	0	4
2017-02-23	1001208	10	4
2017-02-23	1001283	15	4
2017-02-23	1001297	25	4
2017-02-23	1001805	1	4
2017-02-23	1002065	50	4
2017-02-23	1002071	70	4
2017-02-23	1002126	0	4
2017-02-23	1002129	20	4
2017-02-23	1002367	0	4
2017-02-23	1002449	20	4
2017-02-23	1002562	3	4
2017-02-23	1002650	32	4
2017-02-23	1002656	67	4
2017-02-23	1003712	15	4
2017-02-23	1004454	6	4
2017-02-23	1004527	1	4
2017-02-23	1005998	11	4
2017-02-23	1006131	132	4
2017-02-23	1007055	0	4
2017-02-23	1007056	0	4
2017-02-23	1007315	0	4
2017-02-23	1008040895	50	4
2017-02-23	1009196	3	4
2017-02-23	100934	30	4
2017-02-23	1010506	0	4
2017-02-23	1010693	552	4
2017-02-23	1012849	78	4
2017-02-23	1015315409	36	4
2017-02-23	1017454	0	4
2017-02-23	1018434	1	4
2017-02-23	1019696	0	4
2017-02-23	1020211	6	4
2017-02-23	1020678	1424	4
2017-02-23	1022099	7	4
2017-02-23	1022163	11	4
2017-02-23	1022353	5	4
2017-02-23	1022957	200	4
2017-02-23	1022958	100	4
2017-02-23	1025887325	36	4
2017-02-23	1025887468	36	4
2017-02-23	1025891909	0	4
2017-02-23	1025892001	0	4
2017-02-24	1001435	100	4
2017-02-24	1001444173	0	4
2017-02-24	1001444499	0	4
2017-02-24	1001444500	0	4
2017-02-24	1001573	20	4
2017-02-24	1001796	1	4
2017-02-24	1001805	13	4
2017-02-24	1002256	45	4
2017-02-24	1002263	18	4
2017-02-24	1003263590	4	4
2017-02-24	1003442	2	4
2017-02-24	1003590304	5	4
2017-02-24	1003811	10	4
2017-02-24	1007955	0	4
2017-02-24	1007968	0	4
2017-02-24	1007970	216	4
2017-02-24	1007971	0	4
2017-02-24	1007976	0	4
2017-02-24	1007977	65	4
2017-02-24	1009816	88	4
2017-02-24	1010370	30	4
2017-02-24	1010779	0	4
2017-02-24	1011662	1	4
2017-02-24	1011662914	40	4
2017-02-24	1012135	120	4
2017-02-24	1012153	149	4
2017-02-24	1013971	60	4
2017-02-24	1013975	9	4
2017-02-24	1013977	40	4
2017-02-24	1014663	3	4
2017-02-24	1016452	60	4
2017-02-24	1016453	20	4
2017-02-24	1017611452	13	4
2017-02-24	1017616042	45	4
2017-02-24	1019066454	0	4
2017-02-24	1019066455	7	4
2017-02-24	1019257	144	4
2017-02-24	1020932	0	4
2017-02-24	1020954	12	4
2017-02-24	1021019	6840	4
2017-02-24	1021028	288	4
2017-02-24	1021033	144	4
2017-02-24	1021041	36	4
2017-02-24	1021047	480	4
2017-02-24	1021941162	40	4
2017-02-24	1022146	1000	4
2017-02-24	1023878	500	4
2017-02-24	1023880	90	4
2017-02-24	1023884	10	4
2017-02-24	1023885	50	4
2017-02-24	1023890	100	4
2017-02-24	1024134	110	4
2017-02-24	1024432	150	4
2017-02-24	1024617	50	4
2017-02-24	1024620	50	4
2017-02-24	1024623	1046	4
2017-02-24	1024624	36	4
2017-02-24	1024646	0	4
2017-02-24	1024647	30	4
2017-02-24	1024757	4	4
2017-02-24	1025460165	80	4
2017-02-24	1025520	45	4
2017-02-24	1025736	24	4
2017-02-25	1000029531	204	4
2017-02-25	1000029532	176	4
2017-02-25	1000029535	84	4
2017-02-25	1000029536	312	4
2017-02-25	1000029557	0	4
2017-02-25	1000030344	72	4
2017-02-25	1000030382	96	4
2017-02-25	1000030454	0	4
2017-02-25	1000030457	60	4
2017-02-25	1000459	100	4
2017-02-25	1000467	200	4
2017-02-25	1000517772	198	4
2017-02-25	1000801309	50	4
2017-02-25	1000867311	10	4
2017-02-25	1001194	3	4
2017-02-25	1001208	15	4
2017-02-25	1001210	0	4
2017-02-25	1001215	0	4
2017-02-25	1001342363	5	4
2017-02-25	1001379	48	4
2017-02-25	1001805	3	4
2017-02-25	1002256	54	4
2017-02-25	1002263	11	4
2017-02-25	1002406	0	4
2017-02-25	1002570020	10	4
2017-02-25	1002751761	5	4
2017-02-25	1002763726	40	4
2017-02-25	1002763888	40	4
2017-02-25	1002763897	60	4
2017-02-25	1002792901	9	4
2017-02-25	1003403	40	4
2017-02-25	1003460	0	4
2017-02-25	1003648	30	4
2017-02-25	1004804	0	4
2017-02-25	1004808	0	4
2017-02-25	1004811	0	4
2017-02-25	1004812	0	4
2017-02-25	1005047888	28	4
2017-02-25	1005332	79	4
2017-02-25	1006155	24	4
2017-02-25	1006166	12	4
2017-02-25	1006168	5	4
2017-02-25	1006825	6800	4
2017-02-25	1006992628	54	4
2017-02-25	1007040	0	4
2017-02-25	1007046	240	4
2017-02-25	1009130	108	4
2017-02-25	1009752	84	4
2017-02-25	1010322	78	4
2017-02-25	1010708	600	4
2017-02-25	1011927	33	4
2017-02-25	1012867015	10	4
2017-02-25	1012868463	40	4
2017-02-25	1012915	26	4
2017-02-25	1012916	56	4
2017-02-25	1012921	360	4
2017-02-25	1012952	1200	4
2017-02-25	1013024	870	4
2017-02-25	1013653	10	4
2017-02-25	1013663	7	4
2017-02-25	1014000	5	4
2017-02-25	1014684	5	4
2017-02-25	1015219	0	4
2017-02-25	1015224	15	4
2017-02-25	1016769023	166	4
2017-02-25	1018220	119	4
2017-02-25	1018461	150	4
2017-02-25	1018800	0	4
2017-02-25	1018873	45	4
2017-02-25	1021769207	20	4
2017-02-25	1021894	150	4
2017-02-25	1022439	3	4
2017-02-25	1023925	96	4
2017-02-25	1024204	0	4
2017-02-25	1024209	100	4
2017-02-25	1024513	6000	4
2017-02-25	1025017	11	4
2017-02-25	1025021	8	4
2017-02-25	1025025	80	4
2017-02-25	1025027	34	4
2017-02-26	1000298	5	4
2017-02-26	1000477	2	4
2017-02-26	1000609	50	4
2017-02-26	1000894827	58	4
2017-02-26	1000895026	100	4
2017-02-26	1001048	3	4
2017-02-26	1001805	1	4
2017-02-26	1001854778	48	4
2017-02-26	1003055	480	4
2017-02-26	1003062	199	4
2017-02-26	1003069	468	4
2017-02-26	1003081	448	4
2017-02-26	1003372	12	4
2017-02-26	1004542	30	4
2017-02-26	1004610	800	4
2017-02-26	1005998	5	4
2017-02-26	1008185	2	4
2017-02-26	1009197	30	4
2017-02-26	1009567	6	4
2017-02-26	1009829	360	4
2017-02-26	1010506	36	4
2017-02-26	1010830	72	4
2017-02-26	1010832	24	4
2017-02-26	1010960389	60	4
2017-02-26	1011485	2	4
2017-02-26	1011662	78	4
2017-02-26	1012906	1300	4
2017-02-26	1013057	1	4
2017-02-26	1013061	2	4
2017-02-26	1013063	500	4
2017-02-26	1013070	20	4
2017-02-26	1013078	2	4
2017-02-26	1013101	25	4
2017-02-26	1013106	2	4
2017-02-26	1013234	5	4
2017-02-26	1013360	5	4
2017-02-26	1014489	600	4
2017-02-26	1014665	10	4
2017-02-26	1014684	10	4
2017-02-26	1015092	80	4
2017-02-26	1016452	40	4
2017-02-26	1017454	464	4
2017-02-26	1019916	5	4
2017-02-26	1020704	1	4
2017-02-26	1021393	2	4
2017-02-26	1021585	2	4
2017-02-26	1025025	100	4
2017-02-26	1025727	1	4
2017-02-27	1000029699	18	4
2017-02-27	1000030300	0	4
2017-02-27	1000201557	15	4
2017-02-27	1000203230	0	4
2017-02-27	1000526708	0	4
2017-02-27	1001805	1	4
2017-02-27	1002330576	12	4
2017-02-27	1003832	10	4
2017-02-27	1003834	10	4
2017-02-27	1003837	15	4
2017-02-27	1003848	5	4
2017-02-27	1003851	20	4
2017-02-27	1003852	15	4
2017-02-27	1004454	2	4
2017-02-27	1005251	2	4
2017-02-27	1006729	0	4
2017-02-27	1006743	0	4
2017-02-27	1007102	80	4
2017-02-27	1007176	2	4
2017-02-27	1010246	0	4
2017-02-27	1011477	8	4
2017-02-27	1011480	30	4
2017-02-27	1011481	10	4
2017-02-27	1011672	30	4
2017-02-27	1012849	95	4
2017-02-27	1013983	20	4
2017-02-27	1014169	120	4
2017-02-27	1014392	40	4
2017-02-27	1015074	320	4
2017-02-27	1016422	19	4
2017-02-27	1016424	5	4
2017-02-27	1016843	1	4
2017-02-27	101709	12	4
2017-02-27	1017850	50	4
2017-02-27	1018295	40	4
2017-02-27	1018791	19	4
2017-02-27	1018800	20	4
2017-02-27	1021099	360	4
2017-02-27	1021498047	44	4
2017-02-27	1021586	1	4
2017-02-27	1021680	4	4
2017-02-27	1021918	20	4
2017-02-28	1000394	20	4
2017-02-28	1001180	5	4
2017-02-28	1001209	2	4
2017-02-28	1001267	240	4
2017-02-28	1001268	89	4
2017-02-28	1001301	120	4
2017-02-28	1001379	8	4
2017-02-28	1001805	5	4
2017-02-28	1002422	16	4
2017-02-28	1002563	1	4
2017-02-28	1002852	30	4
2017-02-28	1002912	1698	4
2017-02-28	1003629	78	4
2017-02-28	1003636	168	4
2017-02-28	1003648	30	4
2017-02-28	1007108	30	4
2017-02-28	1008185	12	4
2017-02-28	1009738	4	4
2017-02-28	1009742	20	4
2017-02-28	1010689	11	4
2017-02-28	1012520	864	4
2017-02-28	1012569	1000	4
2017-02-28	1012752	25	4
2017-02-28	1012851	19	4
2017-02-28	1016278520	12	4
2017-02-28	1016355	735	4
2017-02-28	1016564	5	4
2017-02-28	101666	40	4
2017-02-28	1016841	60	4
2017-02-28	1017265	36	4
2017-02-28	1017472	72	4
2017-02-28	1017503	0	4
2017-02-28	1017761	10	4
2017-02-28	1019054	10	4
2017-02-28	1019442704	32	4
2017-02-28	1020639	30	4
2017-02-28	1021676	5	4
2017-02-28	1022954	40	4
2017-02-28	1022957	400	4
2017-02-28	1022958	1000	4
2017-02-28	1023424	36	4
2017-02-28	1023459	288	4
2017-02-28	1023662	11	4
2017-02-28	1025043	20	4
2017-02-28	1025792	1	4
2017-03-01	1000055710	1400	4
2017-03-01	1000055733	100	4
2017-03-01	1000096777	50	4
2017-03-01	1000096845	40	4
2017-03-01	1000102999	20	4
2017-03-01	1000103007	10	4
2017-03-01	1000103010	40	4
2017-03-01	1000103012	300	4
2017-03-01	1000103013	10	4
2017-03-01	1000103014	10	4
2017-03-01	1000103075	20	4
2017-03-01	1000103084	20	4
2017-03-01	1000103088	10	4
2017-03-01	1000232	1	4
2017-03-01	1000274	80	4
2017-03-01	1000335182	400	4
2017-03-01	1000335207	100	4
2017-03-01	1000336122	100	4
2017-03-01	1000336246	10	4
2017-03-01	1000336420	20	4
2017-03-01	1000697	80	4
2017-03-01	1001131255	100	4
2017-03-01	1001131272	100	4
2017-03-01	1001379	80	4
2017-03-01	1001799	1	4
2017-03-01	1001805	1	4
2017-03-01	1002123	0	4
2017-03-01	1002126	600	4
2017-03-01	1002148	4	4
2017-03-01	1002446137	20	4
2017-03-01	1002446139	20	4
2017-03-01	1002447451	24	4
2017-03-01	1002447452	24	4
2017-03-01	1002536825	30	4
2017-03-01	1003031	20	4
2017-03-01	1003061	180	4
2017-03-01	1003066	1000	4
2017-03-01	1003188	5	4
2017-03-01	1003204	2	4
2017-03-01	1003212	2	4
2017-03-01	1003648	2	4
2017-03-01	1003830	12	4
2017-03-01	100391	50	4
2017-03-01	1004607	20	4
2017-03-01	1004608	120	4
2017-03-01	1004610	600	4
2017-03-01	1005570	10	4
2017-03-01	100597	129	4
2017-03-01	1005998	10	4
2017-03-01	1006759	20	4
2017-03-01	1007963	100	4
2017-03-01	1007981	54	4
2017-03-01	1008677	20	4
2017-03-01	1008986	140	4
2017-03-01	1009543	360	4
2017-03-01	1009743	60	4
2017-03-01	1009745	110	4
2017-03-01	1009758	20	4
2017-03-01	1009766	70	4
2017-03-01	1009879	150	4
2017-03-01	1010693	0	4
2017-03-01	1010840	6	4
2017-03-01	1010972	3	4
2017-03-01	1011072	30	4
2017-03-01	1011478	5	4
2017-03-01	1011481	28	4
2017-03-01	1011485	2	4
2017-03-01	1012143	420	4
2017-03-01	1012560	24	4
2017-03-01	1012569	200	4
2017-03-01	1012582	40	4
2017-03-01	1012851	6	4
2017-03-01	1012906	740	4
2017-03-01	1013136	7	4
2017-03-01	1013234	8	4
2017-03-01	1013584	4	4
2017-03-01	1013668	4	4
2017-03-01	1013674	24	4
2017-03-01	1013910	0	4
2017-03-01	1013918	0	4
2017-03-01	1013922	25	4
2017-03-01	1013933	13	4
2017-03-01	1013948	15	4
2017-03-01	1013950	0	4
2017-03-01	1013975	10	4
2017-03-01	1013999	100	4
2017-03-01	1014007693	24	4
2017-03-01	1014026380	48	4
2017-03-01	1014392	20	4
2017-03-01	1014565	154	4
2017-03-01	1014621	12	4
2017-03-01	1014657	16	4
2017-03-01	1015016	80	4
2017-03-01	1015315409	48	4
2017-03-01	1016453	20	4
2017-03-01	1016704547	20	4
2017-03-01	1016707358	30	4
2017-03-01	1016898341	120	4
2017-03-01	1016899871	60	4
2017-03-01	1016901160	24	4
2017-03-01	1016901596	180	4
2017-03-01	1016971	2	4
2017-03-01	1016984	30	4
2017-03-01	1016985	200	4
2017-03-01	101709	40	4
2017-03-01	1019310	19	4
2017-03-01	1019317	4	4
2017-03-01	1019515	6	4
2017-03-01	1020763231	0	4
2017-03-01	1020772006	24	4
2017-03-01	1020773844	48	4
2017-03-01	1020774502	31	4
2017-03-01	1020775114	31	4
2017-03-01	1021352	10	4
2017-03-01	1021669	12	4
2017-03-01	1021756	186	4
2017-03-01	1021918	14	4
2017-03-01	1022044	16	4
2017-03-01	1022912	20	4
2017-03-01	1022915	10	4
2017-03-01	1022957	300	4
2017-03-01	1023252	5	4
2017-03-01	1023728	90	4
2017-03-01	1023878	100	4
2017-03-01	1023935	40	4
2017-03-01	1023946	140	4
2017-03-01	1024434	180	4
2017-03-01	1024721	2	4
2017-03-01	1025237	12	4
2017-03-01	1025469	20	4
2017-03-02	1001805	2	4
2017-03-02	1002256	14	4
2017-03-02	1002263	17	4
2017-03-02	1002650	0	4
2017-03-02	1002656	30	4
2017-03-02	1002662	15	4
2017-03-02	1003012	20	4
2017-03-02	1003204	2	4
2017-03-02	1003442	16	4
2017-03-02	1003987	0	4
2017-03-02	1004030058	150	4
2017-03-02	1005047889	28	4
2017-03-02	1006131	86	4
2017-03-02	1006890	6	4
2017-03-02	1006991244	48	4
2017-03-02	1006992628	27	4
2017-03-02	1007106	15	4
2017-03-02	1007176	3	4
2017-03-02	1008065	10	4
2017-03-02	1009758	10	4
2017-03-02	1010518	0	4
2017-03-02	1010714	150	4
2017-03-02	1010840	6	4
2017-03-02	1012748	2	4
2017-03-02	1013095	3	4
2017-03-02	1013108	100	4
2017-03-02	1013977	50	4
2017-03-02	1015255	478	4
2017-03-02	101609	29	4
2017-03-02	101610	19	4
2017-03-02	101613	52	4
2017-03-02	1016334	72	4
2017-03-02	1016438	3	4
2017-03-02	1016841	42	4
2017-03-02	1016992	60	4
2017-03-02	1017136	2	4
2017-03-02	1017438	7	4
2017-03-02	1018295	30	4
2017-03-02	1019363	20	4
2017-03-02	1021019	7200	4
2017-03-02	1021027	192	4
2017-03-02	1021028	144	4
2017-03-02	1021030	270	4
2017-03-02	1021033	216	4
2017-03-02	1021034	72	4
2017-03-02	1021036	0	4
2017-03-02	1021043	120	4
2017-03-02	1021047	840	4
2017-03-02	1022352	22	4
2017-03-02	1022353	6	4
2017-03-02	1022436	6	4
2017-03-02	1022439	7	4
2017-03-02	1022809	27	4
2017-03-02	1022810	24	4
2017-03-02	1022814	12	4
2017-03-02	1024675	2	4
2017-03-03	1000054	60	4
2017-03-03	1000294	30	4
2017-03-03	1000298	10	4
2017-03-03	1000477	2	4
2017-03-03	1001796	1	4
2017-03-03	1001805	1	4
2017-03-03	1002129676	8	4
2017-03-03	1002256	18	4
2017-03-03	1002831501	20	4
2017-03-03	1002984	924	4
2017-03-03	1003057	498	4
2017-03-03	1003061	4200	4
2017-03-03	1003066	6800	4
2017-03-03	1003460	50	4
2017-03-03	1003842	12	4
2017-03-03	1004808	0	4
2017-03-03	1004811	0	4
2017-03-03	1005386	0	4
2017-03-03	1006131	70	4
2017-03-03	1007278	1	4
2017-03-03	1007955	90	4
2017-03-03	1007967	45	4
2017-03-03	1007968	135	4
2017-03-03	1007971	270	4
2017-03-03	1007976	135	4
2017-03-03	1007977	180	4
2017-03-03	1007978	90	4
2017-03-03	1008185	2	4
2017-03-03	1010714	100	4
2017-03-03	1010774	0	4
2017-03-03	1010779	0	4
2017-03-03	101085	20	4
2017-03-03	1012135	120	4
2017-03-03	1012153	180	4
2017-03-03	1012451	40	4
2017-03-03	1012520	576	4
2017-03-03	1012569	800	4
2017-03-03	1012582	60	4
2017-03-03	1013136	4	4
2017-03-03	1013732	4	4
2017-03-03	1014490	8	4
2017-03-03	1014923	10	4
2017-03-03	1015553	254	4
2017-03-03	1016355	1065	4
2017-03-03	1016438	17	4
2017-03-03	1017250	70	4
2017-03-03	1017265	36	4
2017-03-03	1017899	0	4
2017-03-03	1018800	40	4
2017-03-03	1018859	2	4
2017-03-03	1019298	60	4
2017-03-03	1019363	1	4
2017-03-03	1020422	12	4
2017-03-03	1020932	0	4
2017-03-03	102191	0	4
2017-03-03	1022099	15	4
2017-03-03	1022100	58	4
2017-03-03	102216	1	4
2017-03-03	1022232	5	4
2017-03-03	1022234	7	4
2017-03-03	102333	6	4
2017-03-03	102335	3	4
2017-03-03	1023424	12	4
2017-03-03	1023932	1	4
2017-03-04	1001799	1	4
2017-03-04	1002065	130	4
2017-03-04	1003811	12	4
2017-03-04	1003979	120	4
2017-03-04	1003988	720	4
2017-03-04	1007981	18	4
2017-03-04	1009816	140	4
2017-03-04	1010246	0	4
2017-03-04	1010708	0	4
2017-03-04	1012137	1200	4
2017-03-04	1012952	1200	4
2017-03-04	1012959	10	4
2017-03-04	1013653	6	4
2017-03-04	1013654	10	4
2017-03-04	1013971	100	4
2017-03-04	1014169	24	4
2017-03-04	1016452	70	4
2017-03-04	1016453	20	4
2017-03-04	1016841	28	4
2017-03-04	1017611452	1	4
2017-03-04	1017616042	80	4
2017-03-04	1018461	100	4
2017-03-04	1020211	6	4
2017-03-04	1022436	2	4
2017-03-04	1022439	5	4
2017-03-04	1024646	10	4
2017-03-04	1024675	2	4
2017-03-04	1025460165	40	4
2017-03-05	1000294	30	4
2017-03-05	1000431	200	4
2017-03-05	1000459	300	4
2017-03-05	1000467	300	4
2017-03-05	1001439	20	4
2017-03-05	1001465	50	4
2017-03-05	1001855459	36	4
2017-03-05	1002826991	20	4
2017-03-05	1002882050	60	4
2017-03-05	1002883813	30	4
2017-03-05	1002884916	64	4
2017-03-05	1002888427	12	4
2017-03-05	1002891823	32	4
2017-03-05	1003012	20	4
2017-03-05	1003260694	96	4
2017-03-05	1003442	1	4
2017-03-05	1003822	1	4
2017-03-05	1003832	8	4
2017-03-05	1003834	24	4
2017-03-05	1003837	10	4
2017-03-05	1003851	15	4
2017-03-05	1005283687	6	4
2017-03-05	1006868	756	4
2017-03-05	1006873	810	4
2017-03-05	1007315	1	4
2017-03-05	1008346	2	4
2017-03-05	1009567	6	4
2017-03-05	1010827	96	4
2017-03-05	1011477	2	4
2017-03-05	1011480	50	4
2017-03-05	1011481	50	4
2017-03-05	1011485	3	4
2017-03-05	1011672	20	4
2017-03-05	1012143	420	4
2017-03-05	1013060	3	4
2017-03-05	1013063	998	4
2017-03-05	1013078	2	4
2017-03-05	1013091	3	4
2017-03-05	1013098	30	4
2017-03-05	1013104	15	4
2017-03-05	1013999	100	4
2017-03-05	1014657	4	4
2017-03-05	1014923	0	4
2017-03-05	1015457	0	4
2017-03-05	1017103	20	4
2017-03-05	1017454	80	4
2017-03-05	1018507	1	4
2017-03-05	1020104	36	4
2017-03-05	1021590	6	4
2017-03-05	1021895	100	4
2017-03-05	1021900	60	4
2017-03-05	1023241	10	4
2017-03-06	1000459	300	4
2017-03-06	1000467	500	4
2017-03-06	1000609	15	4
2017-03-06	1000632	30	4
2017-03-06	1000975	10	4
2017-03-06	1001342362	20	4
2017-03-06	1001796	1	4
2017-03-06	1001805	1	4
2017-03-06	1002682	7	4
2017-03-06	1002687	8	4
2017-03-06	1002688	10	4
2017-03-06	1002852	6	4
2017-03-06	1002912	282	4
2017-03-06	1003063	558	4
2017-03-06	1003066	1000	4
2017-03-06	100391	50	4
2017-03-06	1005998	3	4
2017-03-06	1007176	6	4
2017-03-06	1009738	2	4
2017-03-06	1009742	30	4
2017-03-06	1009743	30	4
2017-03-06	1009745	20	4
2017-03-06	1009758	10	4
2017-03-06	1009766	20	4
2017-03-06	1013979	100	4
2017-03-06	1014489	1200	4
2017-03-06	101498	200	4
2017-03-06	1015255	2950	4
2017-03-06	1016984	20	4
2017-03-06	1017541	400	4
2017-03-06	1017596	20	4
2017-03-06	1018779	120	4
2017-03-06	1018781	1200	4
2017-03-06	1018789	480	4
2017-03-06	1018800	0	4
2017-03-06	1018950	0	4
2017-03-06	1020092	10	4
2017-03-06	1020734	8	4
2017-03-06	1021393	23	4
2017-03-06	1021894	400	4
2017-03-06	1021901	400	4
2017-03-06	1022439	7	4
2017-03-06	1022867	100	4
2017-03-06	1023888	2	4
2017-03-06	1023914	24	4
2017-03-06	1023923	72	4
2017-03-06	1023925	160	4
2017-03-06	1023926	72	4
2017-03-06	1024204	300	4
2017-03-06	1024675	4	4
2017-03-06	1024973	19	4
2017-03-06	1025548	80	4
2017-03-06	1025558	0	4
2017-03-07	1000294	30	4
2017-03-07	1000298	10	4
2017-03-07	1001280	3	4
2017-03-07	1001283	15	4
2017-03-07	1001297	55	4
2017-03-07	100143	4	4
2017-03-07	1001601	15	4
2017-03-07	1001796	1	4
2017-03-07	1001805	1	4
2017-03-07	1001853281	30	4
2017-03-07	1002664	0	4
2017-03-07	1002665	2	4
2017-03-07	1002898	6	4
2017-03-07	1002962573	18	4
2017-03-07	1003313158	64	4
2017-03-07	1003384301	120	4
2017-03-07	1003403	10	4
2017-03-07	1003760366	10	4
2017-03-07	1004472	720	4
2017-03-07	1004474	60	4
2017-03-07	1004480	0	4
2017-03-07	1004484	96	4
2017-03-07	1004485	0	4
2017-03-07	1004486	40	4
2017-03-07	1004493	100	4
2017-03-07	1004501	0	4
2017-03-07	1004532	50	4
2017-03-07	1004539	32	4
2017-03-07	1004540	60	4
2017-03-07	1004545	60	4
2017-03-07	1004550	60	4
2017-03-07	1004564	300	4
2017-03-07	1006317	2	4
2017-03-07	1007176	1	4
2017-03-07	1007315	5	4
2017-03-07	1008185	7	4
2017-03-07	1008341	38	4
2017-03-07	1008662	294	4
2017-03-07	1009252	96	4
2017-03-07	1010693	47	4
2017-03-07	1010798	50	4
2017-03-07	1010840	18	4
2017-03-07	1011485	3	4
2017-03-07	1011662914	15	4
2017-03-07	1012560	24	4
2017-03-07	1012567	1120	4
2017-03-07	1012582	100	4
2017-03-07	1012849	14	4
2017-03-07	1013971	150	4
2017-03-07	1013975	10	4
2017-03-07	1013977	72	4
2017-03-07	1014663	5	4
2017-03-07	1015062	0	4
2017-03-07	1015219	0	4
2017-03-07	1016564	20	4
2017-03-07	101666	11	4
2017-03-07	1016843	2	4
2017-03-07	1017064	10	4
2017-03-07	1017438	5	4
2017-03-07	1017611452	1	4
2017-03-07	1017616042	80	4
2017-03-07	1017934	30	4
2017-03-07	1018434	2	4
2017-03-07	1019006	20	4
2017-03-07	1019257	720	4
2017-03-07	1020639	60	4
2017-03-07	1021018	10	4
2017-03-07	1021270	16	4
2017-03-07	1021586	2	4
2017-03-07	1021674	1	4
2017-03-07	1021680	6	4
2017-03-07	1022456037	60	4
2017-03-07	1023662	4	4
2017-03-07	1024661	20	4
2017-03-08	1000125	48	4
2017-03-08	1000232	1	4
2017-03-08	1000416738	60	4
2017-03-08	1000477	2	4
2017-03-08	1001379	40	4
2017-03-08	1001429	98	4
2017-03-08	1001805	2	4
2017-03-08	1001895920	360	4
2017-03-08	1002123	60	4
2017-03-08	1002126	720	4
2017-03-08	1002148	12	4
2017-03-08	1002404	5	4
2017-03-08	1003031	8	4
2017-03-08	1003204	2	4
2017-03-08	1003460	0	4
2017-03-08	100391	100	4
2017-03-08	1006153	3	4
2017-03-08	1006163	1	4
2017-03-08	1007176	3	4
2017-03-08	1007791913	50	4
2017-03-08	1009196	7	4
2017-03-08	1009752	504	4
2017-03-08	1010270	0	4
2017-03-08	1010370	10	4
2017-03-08	1010377	20	4
2017-03-08	1010521	50	4
2017-03-08	1010721	20	4
2017-03-08	1010827	30	4
2017-03-08	1011485	3	4
2017-03-08	1012520	864	4
2017-03-08	1012849	39	4
2017-03-08	1012958	18	4
2017-03-08	1013024	340	4
2017-03-08	1013668	8	4
2017-03-08	1013674	28	4
2017-03-08	1013711	20	4
2017-03-08	1013999	200	4
2017-03-08	1014490	8	4
2017-03-08	1014581	10	4
2017-03-08	1014622	40	4
2017-03-08	1014751	2	4
2017-03-08	1015049619	39	4
2017-03-08	1015582846	8	4
2017-03-08	1017565	70	4
2017-03-08	1017569	45	4
2017-03-08	1017570	30	4
2017-03-08	1018295	10	4
2017-03-08	1018791	18	4
2017-03-08	1018800	40	4
2017-03-08	1018950	10	4
2017-03-08	1019916	5	4
2017-03-08	1020616	10	4
2017-03-08	1021585	40	4
2017-03-08	1021590	2	4
2017-03-08	1021680	3	4
2017-03-08	1023247	0	4
2017-03-08	1023252	15	4
2017-03-08	1023728	50	4
2017-03-08	1023935	20	4
2017-03-08	1023945	10	4
2017-03-08	1024721	2	4
2017-03-08	1025469	30	4
2017-03-08	1025470670	17	4
2017-03-09	1001796	1	4
2017-03-09	1001805	2	4
2017-03-09	1002642	3	4
2017-03-09	1003055	600	4
2017-03-09	1003057	400	4
2017-03-09	1003066	1500	4
2017-03-09	1003069	1319	4
2017-03-09	1003081	2240	4
2017-03-09	1005426	1	4
2017-03-09	1006112	58	4
2017-03-09	1006131	288	4
2017-03-09	1007981	72	4
2017-03-09	100934	20	4
2017-03-09	1009348	10	4
2017-03-09	100935	100	4
2017-03-09	1010708	0	4
2017-03-09	1010717	100	4
2017-03-09	1010827	40	4
2017-03-09	1012153	300	4
2017-03-09	1013910	80	4
2017-03-09	1013918	0	4
2017-03-09	1013922	48	4
2017-03-09	1013948	20	4
2017-03-09	1013950	30	4
2017-03-09	1013977	72	4
2017-03-09	1016438	20	4
2017-03-09	1016688	45	4
2017-03-09	1020732	0	4
2017-03-09	1021756	26	4
2017-03-09	1022044	14	4
2017-03-09	1022163	4	4
2017-03-09	1022456037	80	4
2017-03-09	1022456996	40	4
2017-03-09	1022867	0	4
2017-03-09	1024513	4008	4
2017-03-09	1025025	400	4
2017-03-10	1000294	30	4
2017-03-10	1000609	5	4
2017-03-10	1001177889	360	4
2017-03-10	1001178867	160	4
2017-03-10	1001805	2	4
2017-03-10	1002256	89	4
2017-03-10	1002263	25	4
2017-03-10	1002406	140	4
2017-03-10	1002563	3	4
2017-03-10	1003212	2	4
2017-03-10	1003216	1	4
2017-03-10	1003648	0	4
2017-03-10	1003832	12	4
2017-03-10	1003834	30	4
2017-03-10	1003837	45	4
2017-03-10	1003848	8	4
2017-03-10	1003852	8	4
2017-03-10	1004808	4	4
2017-03-10	1005317697	120	4
2017-03-10	1005319892	120	4
2017-03-10	1005386	0	4
2017-03-10	1008185	2	4
2017-03-10	1008346	3	4
2017-03-10	1010774	0	4
2017-03-10	1010779	0	4
2017-03-10	1010840	18	4
2017-03-10	1011672	4	4
2017-03-10	1011805	20	4
2017-03-10	1012519	50	4
2017-03-10	101498	40	4
2017-03-10	101610	8	4
2017-03-10	1016841	50	4
2017-03-10	1017502	256	4
2017-03-10	1018220	74	4
2017-03-10	1019176	48	4
2017-03-10	1019364	4	4
2017-03-10	1020422	24	4
2017-03-10	1021756	94	4
2017-03-10	102191	30	4
2017-03-10	1022044	4	4
2017-03-10	102216	17	4
2017-03-10	1022234	15	4
2017-03-10	1022439	10	4
2017-03-10	1022456037	0	4
2017-03-10	1022456996	0	4
2017-03-10	1022827	878	4
2017-03-10	102332	40	4
2017-03-10	102336	5	4
2017-03-10	1024564	80	4
2017-03-10	1024646	10	4
2017-03-10	1025472	1	4
2017-03-11	1000075	5	4
2017-03-11	1000609	20	4
2017-03-11	1001084511	64	4
2017-03-11	1001796	1	4
2017-03-11	1001805	1	4
2017-03-11	1002489057	5	4
2017-03-11	1002489827	2	4
2017-03-11	1002489859	2	4
2017-03-11	1002490193	6	4
2017-03-11	1002650	45	4
2017-03-11	1002656	27	4
2017-03-11	1002663	23	4
2017-03-11	1002985	360	4
2017-03-11	1003057	600	4
2017-03-11	1003066	3500	4
2017-03-11	1003069	240	4
2017-03-11	1003139978	8	4
2017-03-11	1003460	15	4
2017-03-11	1003629	48	4
2017-03-11	1003636	36	4
2017-03-11	1003811	30	4
2017-03-11	1003979	900	4
2017-03-11	1003988	480	4
2017-03-11	1006131	144	4
2017-03-11	1007040	0	4
2017-03-11	1009196	8	4
2017-03-11	1009816	110	4
2017-03-11	1010254	28	4
2017-03-11	1010689	6	4
2017-03-11	1010711	60	4
2017-03-11	1010774	80	4
2017-03-11	1011026	10	4
2017-03-11	1012520	0	4
2017-03-11	1012917	88	4
2017-03-11	1012952	2280	4
2017-03-11	1013653	16	4
2017-03-11	1013668	4	4
2017-03-11	1013674	20	4
2017-03-11	1013971	90	4
2017-03-11	1013977	72	4
2017-03-11	1013999	200	4
2017-03-11	1014489	600	4
2017-03-11	1014661	4	4
2017-03-11	1014667	10	4
2017-03-11	1015074	8	4
2017-03-11	1015234	4	4
2017-03-11	1016453	10	4
2017-03-11	101666	80	4
2017-03-11	1016992	200	4
2017-03-11	1019363	20	4
2017-03-11	1022098	26	4
2017-03-11	1022146	1500	4
2017-03-11	1022439	8	4
2017-03-11	1023932	6	4
2017-03-11	1024973	35	4
2017-03-11	1025023	10	4
2017-03-11	1025027	12	4
2017-03-11	1025472	0	4
2017-03-12	1000281	12	4
2017-03-12	1000602850	200	4
2017-03-12	1001208	20	4
2017-03-12	100143	2	4
2017-03-12	1001444173	20	4
2017-03-12	1001463012	20	4
2017-03-12	1001641077	1	4
2017-03-12	1001805	2	4
2017-03-12	1002363676	8	4
2017-03-12	1002364071	100	4
2017-03-12	1002665438	110	4
2017-03-12	1002665439	66	4
2017-03-12	1002665880	60	4
2017-03-12	1002666010	18	4
2017-03-12	1002666021	60	4
2017-03-12	1002676937	20	4
2017-03-12	1002677157	100	4
2017-03-12	1003061	200	4
2017-03-12	1003263590	4	4
2017-03-12	1003263879	3	4
2017-03-12	1003895027	30	4
2017-03-12	1003969	120	4
2017-03-12	1003987	30	4
2017-03-12	1003994	12	4
2017-03-12	1004231	20	4
2017-03-12	1005639550	30	4
2017-03-12	1005998	19	4
2017-03-12	1006317	7	4
2017-03-12	1007055	50	4
2017-03-12	1010798	20	4
2017-03-12	1011072	20	4
2017-03-12	1011084164	110	4
2017-03-12	1011086444	40	4
2017-03-12	1011485	5	4
2017-03-12	1011662914	20	4
2017-03-12	1012153	300	4
2017-03-12	1012560	36	4
2017-03-12	1012567	560	4
2017-03-12	1012851	20	4
2017-03-12	1013060	2	4
2017-03-12	1013360	4	4
2017-03-12	1013732	4	4
2017-03-12	1014288	7	4
2017-03-12	1015091	30	4
2017-03-12	1016278520	45	4
2017-03-12	1017611452	2	4
2017-03-12	1017616042	80	4
2017-03-12	1017899	0	4
2017-03-12	1018295	20	4
2017-03-12	1018791	5	4
2017-03-12	1019066454	20	4
2017-03-12	1019066455	7	4
2017-03-12	1019442704	18	4
2017-03-12	1020704	4	4
2017-03-12	1020954	24	4
2017-03-12	1021018	60	4
2017-03-12	1021067	31	4
2017-03-12	1021596	2	4
2017-03-12	1021680	5	4
2017-03-12	1021941162	20	4
2017-03-12	1022352	14	4
2017-03-12	1022353	9	4
2017-03-12	102335	12	4
2017-03-12	1023459	192	4
2017-03-12	1023914	0	4
2017-03-12	1023925	64	4
2017-03-12	1024204	9	4
2017-03-12	1024672	12	4
2017-03-12	1025237	6	4
2017-03-12	1025460165	40	4
2017-03-13	1000232	3	4
2017-03-13	1000294	100	4
2017-03-13	1000298	10	4
2017-03-13	1000490	48	4
2017-03-13	1001208	14	4
2017-03-13	1001209	3	4
2017-03-13	1001459736	12	4
2017-03-13	1001805	1	4
2017-03-13	1002367	0	4
2017-03-13	1002406	311	4
2017-03-13	1002664	3	4
2017-03-13	1003188	25	4
2017-03-13	1006166	12	4
2017-03-13	1007176	8	4
2017-03-13	1007315	4	4
2017-03-13	1009745	40	4
2017-03-13	1009758	20	4
2017-03-13	1009766	100	4
2017-03-13	1010693	600	4
2017-03-13	1011481	10	4
2017-03-13	1012451	30	4
2017-03-13	1014706	2	4
2017-03-13	1016564	20	4
2017-03-13	1018434	10	4
2017-03-13	1018800	20	4
2017-03-13	1018950	40	4
2017-03-13	1019313	19	4
2017-03-13	1021586	5	4
2017-03-13	1021733	2	4
2017-03-13	1021756	114	4
2017-03-13	1022044	20	4
2017-03-13	1022436	1	4
2017-03-13	1022439	2	4
2017-03-13	1022809	54	4
2017-03-13	1022810	48	4
2017-03-13	1022816	100	4
2017-03-13	1023494	15	4
2017-03-13	1023496	16	4
2017-03-13	1023498	18	4
2017-03-13	1023500	20	4
2017-03-13	1023507	15	4
2017-03-13	1023662	2	4
2017-03-13	1023888	3	4
2017-03-13	1024646	4	4
2017-03-13	1024675	1	4
2017-03-13	1025472	1	4
2017-03-13	1025476	1	4
2017-03-14	1000299263	40	4
2017-03-14	1000477	2	4
2017-03-14	1000855789	6	4
2017-03-14	1001280	2	4
2017-03-14	1001283	40	4
2017-03-14	1001297	33	4
2017-03-14	1001422	72	4
2017-03-14	1001426	72	4
2017-03-14	1001796	1	4
2017-03-14	1001809	48	4
2017-03-14	1002129673	0	4
2017-03-14	1002129675	4	4
2017-03-14	1002562	5	4
2017-03-14	1002563	3	4
2017-03-14	1003204	2	4
2017-03-14	1003372	18	4
2017-03-14	1003988243	84	4
2017-03-14	1004607	180	4
2017-03-14	100597	66	4
2017-03-14	1006112	26	4
2017-03-14	1007176	2	4
2017-03-14	1008065	10	4
2017-03-14	1008346	0	4
2017-03-14	1009738	5	4
2017-03-14	1009742	40	4
2017-03-14	1009824	144	4
2017-03-14	1010827	26	4
2017-03-14	1011001	150	4
2017-03-14	1011478	1	4
2017-03-14	1011927	33	4
2017-03-14	1012958	8	4
2017-03-14	1013063	200	4
2017-03-14	1013070	50	4
2017-03-14	1013095	15	4
2017-03-14	1013101	100	4
2017-03-14	1013234	25	4
2017-03-14	1013971	110	4
2017-03-14	1014169	252	4
2017-03-14	1014657	10	4
2017-03-14	1014667	10	4
2017-03-14	1015001861	72	4
2017-03-14	1015002900	166	4
2017-03-14	1015219	0	4
2017-03-14	1015382	12	4
2017-03-14	1016355	1683	4
2017-03-14	1016898341	240	4
2017-03-14	1016899871	96	4
2017-03-14	1016901046	60	4
2017-03-14	1016901160	24	4
2017-03-14	1016901596	144	4
2017-03-14	101709	3	4
2017-03-14	1017541	299	4
2017-03-14	1017576	120	4
2017-03-14	1019344265	12	4
2017-03-14	1019696	144	4
2017-03-14	1020211	12	4
2017-03-14	1020651	40	4
2017-03-14	1020732	0	4
2017-03-14	1020734	4	4
2017-03-14	1021034	144	4
2017-03-14	1021036	90	4
2017-03-14	1022659735	24	4
2017-03-14	1023241	10	4
2017-03-14	1025520	36	4
2017-03-15	1000210895	30	4
2017-03-15	1000338808	64	4
2017-03-15	1000394	30	4
2017-03-15	1000700186	8	4
2017-03-15	1000728	216	4
2017-03-15	1001251590	18	4
2017-03-15	1001372	0	4
2017-03-15	1001375	40	4
2017-03-15	1001379	102	4
2017-03-15	1001573	8	4
2017-03-15	1001796	1	4
2017-03-15	1001805	3	4
2017-03-15	1002256	0	4
2017-03-15	1002263	0	4
2017-03-15	1002406	1	4
2017-03-15	1002662	25	4
2017-03-15	1002663	10	4
2017-03-15	1003014188	36	4
2017-03-15	1003080	120	4
2017-03-15	1003648	60	4
2017-03-15	1004200	10	4
2017-03-15	1004480	0	4
2017-03-15	1004530	72	4
2017-03-15	1004547	72	4
2017-03-15	1004610	110	4
2017-03-15	1004808	0	4
2017-03-15	1004905	15	4
2017-03-15	100597	118	4
2017-03-15	1005998	7	4
2017-03-15	1007102	80	4
2017-03-15	1007278	1	4
2017-03-15	1007970	0	4
2017-03-15	1007976	23	4
2017-03-15	1007978	0	4
2017-03-15	1008185	3	4
2017-03-15	1010260	16	4
2017-03-15	1010270	24	4
2017-03-15	1010271	24	4
2017-03-15	1010689	12	4
2017-03-15	1011043	20	4
2017-03-15	1012893	0	4
2017-03-15	1013024	390	4
2017-03-15	1013566	1	4
2017-03-15	1014065630	8	4
2017-03-15	1014923	10	4
2017-03-15	1016546	10	4
2017-03-15	101666	58	4
2017-03-15	1016992	30	4
2017-03-15	101709	35	4
2017-03-15	1017454	80	4
2017-03-15	1017569	59	4
2017-03-15	1017571	50	4
2017-03-15	1018800	15	4
2017-03-15	1018881	78	4
2017-03-15	1019198	3024	4
2017-03-15	1020422	36	4
2017-03-15	1020541924	140	4
2017-03-15	1021584	1	4
2017-03-15	1021591	15	4
2017-03-15	1021756	13	4
2017-03-15	1022098	7	4
2017-03-15	1022099	30	4
2017-03-15	1022100	50	4
2017-03-15	1022954	40	4
2017-03-15	1022957	500	4
2017-03-15	1022958	800	4
2017-03-16	1000274	20	4
2017-03-16	1001194	7	4
2017-03-16	1001199	2	4
2017-03-16	1001209	2	4
2017-03-16	1001439	90	4
2017-03-16	1001465	10	4
2017-03-16	1001796	4	4
2017-03-16	1001805	3	4
2017-03-16	1002065	120	4
2017-03-16	1002123	24	4
2017-03-16	1002148	10	4
2017-03-16	1002404	5	4
2017-03-16	1003055	1740	4
2017-03-16	1003061	4000	4
2017-03-16	1003066	2000	4
2017-03-16	1003429761	100	4
2017-03-16	1003487741	300	4
2017-03-16	1003979	720	4
2017-03-16	1003988	300	4
2017-03-16	1004690	24	4
2017-03-16	1006131	120	4
2017-03-16	1006759	10	4
2017-03-16	1007176	6	4
2017-03-16	1008131	40	4
2017-03-16	1009130	0	4
2017-03-16	1009543	200	4
2017-03-16	1009743	20	4
2017-03-16	1009745	20	4
2017-03-16	1009758	5	4
2017-03-16	1009766	30	4
2017-03-16	1009824	141	4
2017-03-16	1010827	96	4
2017-03-16	1011672	13	4
2017-03-16	1012560	48	4
2017-03-16	1012567	1400	4
2017-03-16	1012849	39	4
2017-03-16	1013910	70	4
2017-03-16	1013918	0	4
2017-03-16	1013925	2	4
2017-03-16	1015016	60	4
2017-03-16	1015382	12	4
2017-03-16	1015488	300	4
2017-03-16	1016827	30	4
2017-03-16	1017064	5	4
2017-03-16	1017265	12	4
2017-03-16	1017472	72	4
2017-03-16	1018764	2	4
2017-03-16	1020616	30	4
2017-03-16	1020732	0	4
2017-03-16	1020734	6	4
2017-03-16	1020749405	20	4
2017-03-16	1022146	1000	4
2017-03-16	1022439	6	4
2017-03-16	1022867	37	4
2017-03-16	1023247	0	4
2017-03-16	1023252	38	4
2017-03-16	1023728	0	4
2017-03-16	1023935	20	4
2017-03-16	1023945	10	4
2017-03-16	1023946	160	4
2017-03-16	1024255	432	4
2017-03-16	1024256	336	4
2017-03-16	1024513	4008	4
2017-03-16	1025237	12	4
2017-03-16	1025432788	28	4
2017-03-16	1025472	5	4
2017-03-17	1000023352	50	4
2017-03-17	1000609	20	4
2017-03-17	1000895026	128	4
2017-03-17	1001420	50	4
2017-03-17	1001435	50	4
2017-03-17	1001796	1	4
2017-03-17	1001805	2	4
2017-03-17	1002665	1	4
2017-03-17	1002852	30	4
2017-03-17	1002893	10	4
2017-03-17	1003977226	4	4
2017-03-17	1004483	300	4
2017-03-17	1004490	180	4
2017-03-17	1004538	100	4
2017-03-17	1004545	0	4
2017-03-17	1005386	0	4
2017-03-17	1007176	1	4
2017-03-17	1009829	154	4
2017-03-17	1009912	20	4
2017-03-17	1010708	0	4
2017-03-17	1011662914	10	4
2017-03-17	1012520	2304	4
2017-03-17	1015062	0	4
2017-03-17	1017616042	40	4
2017-03-17	1020758451	29	4
2017-03-17	1020759083	18	4
2017-03-17	1020760127	18	4
2017-03-17	1020765564	24	4
2017-03-17	1020766340	24	4
2017-03-17	1020772815	24	4
2017-03-17	1020773844	240	4
2017-03-17	1020774502	128	4
2017-03-17	1020775114	48	4
2017-03-17	1021352	7	4
2017-03-17	1022814	24	4
2017-03-17	1025460165	24	4
2017-03-17	1025548	30	4
2017-03-17	1025731	11	4
2017-03-18	1000075	17	4
2017-03-18	1000288508	48	4
2017-03-18	1000288648	48	4
2017-03-18	1000294	20	4
2017-03-18	1000467	200	4
2017-03-18	1000477	2	4
2017-03-18	100077	50	4
2017-03-18	1001796	1	4
2017-03-18	1001805	3	4
2017-03-18	1002256	12	4
2017-03-18	1002263	8	4
2017-03-18	1002421	10	4
2017-03-18	1002562	4	4
2017-03-18	1002563	4	4
2017-03-18	1002663	20	4
2017-03-18	100293	3	4
2017-03-18	1003012	40	4
2017-03-18	1003077	96	4
2017-03-18	1003105	100	4
2017-03-18	1003442	2	4
2017-03-18	1003800	4	4
2017-03-18	1003811	30	4
2017-03-18	1003832	15	4
2017-03-18	1003834	20	4
2017-03-18	1003837	40	4
2017-03-18	1003848	8	4
2017-03-18	1003852	25	4
2017-03-18	1003867	2	4
2017-03-18	100391	100	4
2017-03-18	1003911	64	4
2017-03-18	1004200	2	4
2017-03-18	1007055	50	4
2017-03-18	1007779949	2	4
2017-03-18	1009750	660	4
2017-03-18	1009751	34	4
2017-03-18	1009752	0	4
2017-03-18	1009816	40	4
2017-03-18	1010830	18	4
2017-03-18	1011485	8	4
2017-03-18	1011672	100	4
2017-03-18	1012143	780	4
2017-03-18	1012153	600	4
2017-03-18	1012567	840	4
2017-03-18	1012748	1	4
2017-03-18	1012849	39	4
2017-03-18	1012867015	20	4
2017-03-18	1012868463	40	4
2017-03-18	1012915	42	4
2017-03-18	1012917	32	4
2017-03-18	1013136	24	4
2017-03-18	1014161	20	4
2017-03-18	1014169	24	4
2017-03-18	1014489	900	4
2017-03-18	1015078	20	4
2017-03-18	1015255	2496	4
2017-03-18	101613	30	4
2017-03-18	101666	48	4
2017-03-18	1016984	20	4
2017-03-18	1017884	8	4
2017-03-18	1018220	125	4
2017-03-18	1018684	80	4
2017-03-18	1018800	18	4
2017-03-18	1019260	0	4
2017-03-18	1019916	5	4
2017-03-18	1021041	36	4
2017-03-18	1021046	20	4
2017-03-18	1021585	5	4
2017-03-18	1021591	2	4
2017-03-18	1022353	24	4
2017-03-18	1022439	8	4
2017-03-18	1022957	800	4
2017-03-18	1022958	100	4
2017-03-18	1023241	8	4
2017-03-18	1024564	88	4
2017-03-18	1024721	5	4
2017-03-18	1024973	20	4
2017-03-18	1025008	5	4
2017-03-18	1025024	10	4
2017-03-18	1025469	10	4
2017-03-18	1025472	2	4
2017-03-19	1000507188	283	4
2017-03-19	1000508396	20	4
2017-03-19	1000510135	24	4
2017-03-19	1001144995	3	4
2017-03-19	1001342362	20	4
2017-03-19	1001385	0	4
2017-03-19	1001805	3	4
2017-03-19	1001892	50	4
2017-03-19	1003204	2	4
2017-03-19	1003260139	0	4
2017-03-19	1003260140	10	4
2017-03-19	1003260201	10	4
2017-03-19	1004480	100	4
2017-03-19	1004487	800	4
2017-03-19	1004545	120	4
2017-03-19	1004777875	16	4
2017-03-19	1005998	13	4
2017-03-19	1008677	10	4
2017-03-19	1010254	4	4
2017-03-19	1010521	80	4
2017-03-19	1010693	518	4
2017-03-19	1010774	24	4
2017-03-19	1010779	0	4
2017-03-19	1011477	4	4
2017-03-19	1012769034	40	4
2017-03-19	1012906	1900	4
2017-03-19	1012952	420	4
2017-03-19	1013060	2	4
2017-03-19	1013654	4	4
2017-03-19	1013663	6	4
2017-03-19	1013975	10	4
2017-03-19	1014565	200	4
2017-03-19	1016355	2208	4
2017-03-19	1016841	40	4
2017-03-19	1017596	5	4
2017-03-19	1018412257	30	4
2017-03-19	1018779	200	4
2017-03-19	1018797	5	4
2017-03-19	1018950	10	4
2017-03-19	1019922	5	4
2017-03-19	1020309	30	4
2017-03-19	1020678	30	4
2017-03-19	1022867	50	4
2017-03-19	1024434	180	4
2017-03-19	1025027	8	4
2017-03-19	1025029	2	4
2017-03-20	1001199	3	4
2017-03-20	1001203	3	4
2017-03-20	1001208	0	4
2017-03-20	1001209	1	4
2017-03-20	1001601	50	4
2017-03-20	1001805	3	4
2017-03-20	1001854778	96	4
2017-03-20	1002065	100	4
2017-03-20	1002249	0	4
2017-03-20	1002256	106	4
2017-03-20	1002263	40	4
2017-03-20	1002663	62	4
2017-03-20	1002893	4	4
2017-03-20	1003012	10	4
2017-03-20	1003403	20	4
2017-03-20	1004200	3	4
2017-03-20	1005013	16	4
2017-03-20	1006485	1050	4
2017-03-20	1007176	3	4
2017-03-20	1008131	200	4
2017-03-20	1008346	12	4
2017-03-20	1013063	100	4
2017-03-20	1013091	5	4
2017-03-20	1013108	220	4
2017-03-20	1014288	8	4
2017-03-20	1015091	10	4
2017-03-20	1015092	30	4
2017-03-20	1018764	15	4
2017-03-20	102216	1	4
2017-03-20	102221	11	4
2017-03-20	1022328	40	4
2017-03-20	1022954	80	4
2017-03-20	1022957	400	4
2017-03-20	1022958	500	4
2017-03-20	102335	37	4
2017-03-20	1023923	12	4
2017-03-20	1023925	96	4
2017-03-20	1023926	48	4
2017-03-21	1000294	50	4
2017-03-21	1000298	6	4
2017-03-21	1001280	10	4
2017-03-21	1001283	30	4
2017-03-21	1001379	40	4
2017-03-21	1001895993	240	4
2017-03-21	1002448	20	4
2017-03-21	1002852	20	4
2017-03-21	1002899	15	4
2017-03-21	1002989	1243	4
2017-03-21	1003105	200	4
2017-03-21	1003372	48	4
2017-03-21	1004485	150	4
2017-03-21	1004610	2050	4
2017-03-21	1005426	3	4
2017-03-21	1006112	28	4
2017-03-21	1006131	312	4
2017-03-21	1007981	82	4
2017-03-21	1008406	80	4
2017-03-21	1009829	14	4
2017-03-21	1009834	84	4
2017-03-21	1009912	40	4
2017-03-21	1010364	90	4
2017-03-21	1010370	90	4
2017-03-21	1010377	10	4
2017-03-21	1010378	50	4
2017-03-21	1010708	468	4
2017-03-21	1010709	211	4
2017-03-21	1010711	288	4
2017-03-21	1011001	150	4
2017-03-21	1012520	1008	4
2017-03-21	1012567	558	4
2017-03-21	1012573	20	4
2017-03-21	1014575	498	4
2017-03-21	1014581	610	4
2017-03-21	1015001861	117	4
2017-03-21	1015002900	143	4
2017-03-21	1016355	317	4
2017-03-21	1016843	2	4
2017-03-21	1016898341	144	4
2017-03-21	1016899871	96	4
2017-03-21	1016901046	71	4
2017-03-21	1016901160	34	4
2017-03-21	1016901596	240	4
2017-03-21	1017570	30	4
2017-03-21	1018856	60	4
2017-03-21	1019054	5	4
2017-03-21	1019784	6	4
2017-03-21	1020422	0	4
2017-03-21	1021018	30	4
2017-03-21	1021067	0	4
2017-03-21	1021352	8	4
2017-03-21	1021584	2	4
2017-03-21	1021585	5	4
2017-03-21	1021590	5	4
2017-03-21	1022439	7	4
2017-03-21	1025472	1	4
2017-03-21	1025476	1	4
2017-03-22	1000055710	900	4
2017-03-22	1000055733	800	4
2017-03-22	1000102999	20	4
2017-03-22	1000103007	20	4
2017-03-22	1000103010	50	4
2017-03-22	1000103012	300	4
2017-03-22	1000103088	40	4
2017-03-22	1000115	25	4
2017-03-22	1000335182	500	4
2017-03-22	1000336246	20	4
2017-03-22	1000336420	30	4
2017-03-22	1001131255	200	4
2017-03-22	1001131272	50	4
2017-03-22	1001131322	100	4
2017-03-22	1001375	104	4
2017-03-22	1002129673	24	4
2017-03-22	1002129675	4	4
2017-03-22	1002421	10	4
2017-03-22	1003648	30	4
2017-03-22	1003972	240	4
2017-03-22	1003987586	64	4
2017-03-22	1003987587	48	4
2017-03-22	1003987588	120	4
2017-03-22	1004527	2	4
2017-03-22	1004608	118	4
2017-03-22	1005116	8	4
2017-03-22	1005251	7	4
2017-03-22	1006720	6	4
2017-03-22	1007040	72	4
2017-03-22	1007108	10	4
2017-03-22	1008452	90	4
2017-03-22	1009567	4	4
2017-03-22	1009743	90	4
2017-03-22	1009745	150	4
2017-03-22	1009758	20	4
2017-03-22	1009766	160	4
2017-03-22	1010133	1	4
2017-03-22	1010689	30	4
2017-03-22	1011072	200	4
2017-03-22	1012153	414	4
2017-03-22	1012906	290	4
2017-03-22	1013234	30	4
2017-03-22	1013918	0	4
2017-03-22	1013922	0	4
2017-03-22	1013925	1	4
2017-03-22	1013948	0	4
2017-03-22	1014000	10	4
2017-03-22	1014651	180	4
2017-03-22	1015016	40	4
2017-03-22	1015255	1440	4
2017-03-22	1016355	1146	4
2017-03-22	1016971	5	4
2017-03-22	1017506	100	4
2017-03-22	1017541	197	4
2017-03-22	1017884	8	4
2017-03-22	1018295	30	4
2017-03-22	1018485071	50	4
2017-03-22	1018791	19	4
2017-03-22	1018881	18	4
2017-03-22	1019313	26	4
2017-03-22	1020659	200	4
2017-03-22	1021019	15560	4
2017-03-22	1021024	240	4
2017-03-22	1021027	288	4
2017-03-22	1021030	270	4
2017-03-22	1021033	216	4
2017-03-22	1021034	216	4
2017-03-22	1021035	576	4
2017-03-22	1021036	90	4
2017-03-22	1021047	1680	4
2017-03-22	1021585	4	4
2017-03-22	1021590	6	4
2017-03-22	1021596	1	4
2017-03-22	1021674	2	4
2017-03-22	1021675	2	4
2017-03-22	1021680	2	4
2017-03-22	1021733	1	4
2017-03-22	1021756	60	4
2017-03-22	1022659735	24	4
2017-03-22	1023596	82	4
2017-03-22	1023882	17	4
2017-03-22	1023888	4	4
2017-03-22	1025792	0	4
2017-03-23	1000242	0	4
2017-03-23	1000460770	12	4
2017-03-23	1000527929	120	4
2017-03-23	1000543	300	4
2017-03-23	1000728	48	4
2017-03-23	1002071	40	4
2017-03-23	1002468641	6	4
2017-03-23	1002650	40	4
2017-03-23	1002656	159	4
2017-03-23	1003204	5	4
2017-03-23	1003216	2	4
2017-03-23	1004513	4	4
2017-03-23	1005316718	20	4
2017-03-23	1007955	37	4
2017-03-23	1007963	120	4
2017-03-23	1007967	33	4
2017-03-23	1007968	32	4
2017-03-23	1007970	25	4
2017-03-23	1007971	13	4
2017-03-23	1007976	22	4
2017-03-23	1008341	20	4
2017-03-23	1008368442	6	4
2017-03-23	1009751	96	4
2017-03-23	1009752	120	4
2017-03-23	1010322	60	4
2017-03-23	1010950708	10	4
2017-03-23	1011477	2	4
2017-03-23	1011478	1	4
2017-03-23	1011697	1	4
2017-03-23	1013999	150	4
2017-03-23	1014392	0	4
2017-03-23	1015287289	6	4
2017-03-23	1015774	300	4
2017-03-23	101609	29	4
2017-03-23	1016992	120	4
2017-03-23	101709	20	4
2017-03-23	1018434	2	4
2017-03-23	1019363	20	4
2017-03-23	1022098	4	4
2017-03-23	1022099	11	4
2017-03-23	1022100	30	4
2017-03-23	1022353	5	4
2017-03-23	1022439	9	4
2017-03-23	1024204	400	4
2017-03-23	1024209	220	4
2017-03-23	1024721	5	4
2017-03-23	1025472	2	4
