item_sku_id,dc_id,stock_quantity
405,1,0
405,0,524
405,2,0
405,3,0
405,4,0
405,5,0
684,1,1
684,0,368
684,2,1
684,3,1
684,4,3
684,5,2
767,1,0
767,0,5408
767,2,40
767,3,8
767,4,314
767,5,42
853,1,41
853,0,5387
853,2,220
853,3,5
853,4,132
853,5,25
490,1,4
490,0,473
490,2,8
490,3,0
490,4,4
490,5,23
709,1,1
709,0,221
709,2,3
709,3,9
709,4,11
709,5,4
837,1,0
837,0,0
837,2,0
837,3,0
837,4,0
837,5,0
345,1,0
345,0,5
345,2,0
345,3,0
345,4,0
345,5,0
947,1,0
947,0,496
947,2,0
947,3,0
947,4,0
947,5,0
868,1,0
868,0,31
868,2,0
868,3,0
868,4,6
868,5,1
588,1,5
588,0,109
588,2,2
588,3,8
588,4,8
588,5,8
278,1,7
278,0,2141
278,2,13
278,3,7
278,4,19
278,5,2
695,1,6
695,0,88
695,2,5
695,3,2
695,4,6
695,5,1
474,1,0
474,0,236
474,2,0
474,3,0
474,4,94
474,5,0
276,1,9
276,0,7
276,2,0
276,3,1
276,4,13
276,5,2
8,1,1
8,0,49
8,2,1
8,3,0
8,4,0
8,5,0
142,1,2
142,0,121
142,2,2
142,3,3
142,4,4
142,5,1
277,1,3
277,0,77
277,2,0
277,3,2
277,4,10
277,5,2
771,1,20
771,0,109
771,2,15
771,3,4
771,4,17
771,5,7
696,1,2
696,0,363
696,2,1
696,3,0
696,4,0
696,5,0
610,1,4
610,0,7805
610,2,40
610,3,11
610,4,482
610,5,53
10,1,0
10,0,0
10,2,0
10,3,0
10,4,0
10,5,0
965,1,4
965,0,329
965,2,2
965,3,2
965,4,8
965,5,2
330,1,5
330,0,0
330,2,2
330,3,0
330,4,19
330,5,0
190,1,2
190,0,129
190,2,10
190,3,10
190,4,10
190,5,3
307,1,0
307,0,137
307,2,0
307,3,0
307,4,0
307,5,0
980,1,5
980,0,29
980,2,8
980,3,0
980,4,2
980,5,1
7,1,2
7,0,2
7,2,9
7,3,1
7,4,22
7,5,5
337,1,0
337,0,2256
337,2,20
337,3,1
337,4,353
337,5,15
765,1,92
765,0,594
765,2,51
765,3,83
765,4,227
765,5,189
820,1,2
820,0,68
820,2,4
820,3,1
820,4,51
820,5,12
327,1,118
327,0,7289
327,2,75
327,3,4
327,4,1112
327,5,10
925,1,13
925,0,1253
925,2,49
925,3,21
925,4,62
925,5,60
743,1,6
743,0,76
743,2,9
743,3,3
743,4,11
743,5,5
339,1,52
339,0,3445
339,2,92
339,3,34
339,4,467
339,5,125
288,1,6
288,0,2172
288,2,5
288,3,6
288,4,270
288,5,11
129,1,13
129,0,113
129,2,6
129,3,4
129,4,11
129,5,13
53,1,5
53,0,246
53,2,5
53,3,3
53,4,8
53,5,6
941,1,89
941,0,3745
941,2,328
941,3,18
941,4,598
941,5,36
713,1,0
713,0,0
713,2,0
713,3,0
713,4,0
713,5,0
553,1,3
553,0,136
553,2,4
553,3,1
553,4,9
553,5,4
334,1,11
334,0,1286
334,2,5
334,3,8
334,4,22
334,5,10
840,1,3
840,0,74
840,2,10
840,3,3
840,4,0
840,5,1
905,1,0
905,0,0
905,2,0
905,3,0
905,4,0
905,5,0
540,1,0
540,0,0
540,2,0
540,3,0
540,4,0
540,5,0
585,1,2
585,0,73
585,2,2
585,3,1
585,4,5
585,5,2
50,1,1370
50,0,1072
50,2,8
50,3,22
50,4,1033
50,5,7
23,1,15
23,0,2169
23,2,10
23,3,23
23,4,12
23,5,16
660,1,16
660,0,3517
660,2,47
660,3,7
660,4,163
660,5,34
745,1,45
745,0,244
745,2,38
745,3,0
745,4,63
745,5,0
137,1,0
137,0,98
137,2,0
137,3,0
137,4,1
137,5,0
796,1,307
796,0,3537
796,2,273
796,3,49
796,4,1060
796,5,815
282,1,37
282,0,933
282,2,2
282,3,3
282,4,17
282,5,7
90,1,15
90,0,300
90,2,13
90,3,3
90,4,24
90,5,7
607,1,66
607,0,1506
607,2,17
607,3,11
607,4,410
607,5,6
865,1,11
865,0,139
865,2,3
865,3,2
865,4,4
865,5,0
459,1,0
459,0,0
459,2,0
459,3,0
459,4,8
459,5,10
931,1,4
931,0,345
931,2,4
931,3,3
931,4,6
931,5,7
92,1,3
92,0,36
92,2,2
92,3,0
92,4,3
92,5,2
968,1,3
968,0,722
968,2,37
968,3,3
968,4,15
968,5,4
385,1,18
385,0,500
385,2,24
385,3,5
385,4,2
385,5,5
256,1,0
256,0,54
256,2,0
256,3,0
256,4,0
256,5,0
990,1,0
990,0,196
990,2,0
990,3,0
990,4,0
990,5,0
522,1,2
522,0,219
522,2,2
522,3,0
522,4,5
522,5,14
302,1,10
302,0,337
302,2,11
302,3,3
302,4,9
302,5,2
704,1,9
704,0,1106
704,2,22
704,3,1
704,4,15
704,5,6
397,1,5
397,0,473
397,2,8
397,3,7
397,4,17
397,5,11
829,1,2
829,0,1503
829,2,7
829,3,1
829,4,132
829,5,46
504,1,57
504,0,177
504,2,16
504,3,6
504,4,14
504,5,33
206,1,5
206,0,70
206,2,0
206,3,1
206,4,7
206,5,4
995,1,0
995,0,43
995,2,4
995,3,0
995,4,1
995,5,1
147,1,4
147,0,222
147,2,6
147,3,10
147,4,51
147,5,4
807,1,7
807,0,515
807,2,9
807,3,1
807,4,7
807,5,2
361,1,0
361,0,213
361,2,2
361,3,1
361,4,4
361,5,0
401,1,0
401,0,226
401,2,0
401,3,0
401,4,0
401,5,0
489,1,25
489,0,414
489,2,12
489,3,3
489,4,75
489,5,22
871,1,4
871,0,335
871,2,7
871,3,0
871,4,12
871,5,4
201,1,29
201,0,1339
201,2,46
201,3,11
201,4,5
201,5,14
400,1,2
400,0,510
400,2,2
400,3,0
400,4,0
400,5,6
269,1,513
269,0,6438
269,2,42
269,3,9
269,4,67
269,5,103
97,1,3
97,0,149
97,2,2
97,3,2
97,4,7
97,5,2
803,1,0
803,0,859
803,2,3
803,3,7
803,4,13
803,5,4
864,1,0
864,0,764
864,2,12
864,3,3
864,4,29
864,5,10
134,1,0
134,0,0
134,2,0
134,3,0
134,4,0
134,5,0
861,1,0
861,0,7
861,2,0
861,3,0
861,4,0
861,5,0
708,1,218
708,0,777
708,2,77
708,3,44
708,4,291
708,5,165
144,1,0
144,0,0
144,2,0
144,3,0
144,4,0
144,5,0
970,1,0
970,0,0
970,2,0
970,3,0
970,4,0
970,5,0
413,1,5
413,0,126
413,2,4
413,3,2
413,4,8
413,5,1
260,1,2
260,0,16
260,2,1
260,3,0
260,4,4
260,5,0
59,1,48
59,0,9869
59,2,229
59,3,16
59,4,823
59,5,79
948,1,0
948,0,1
948,2,0
948,3,0
948,4,0
948,5,0
435,1,0
435,0,0
435,2,0
435,3,0
435,4,0
435,5,0
355,1,13
355,0,85
355,2,13
355,3,0
355,4,19
355,5,4
422,1,3
422,0,0
422,2,1
422,3,0
422,4,0
422,5,0
224,1,0
224,0,0
224,2,1
224,3,0
224,4,0
224,5,0
263,1,217
263,0,3816
263,2,292
263,3,40
263,4,830
263,5,517
928,1,0
928,0,1
928,2,0
928,3,0
928,4,1
928,5,0
22,1,6
22,0,123
22,2,4
22,3,3
22,4,17
22,5,0
202,1,3
202,0,503
202,2,3
202,3,2
202,4,17
202,5,3
379,1,2
379,0,371
379,2,18
379,3,0
379,4,11
379,5,2
326,1,0
326,0,46
326,2,2
326,3,2
326,4,3
326,5,1
570,1,0
570,0,242
570,2,5
570,3,4
570,4,9
570,5,5
827,1,1
827,0,7
827,2,0
827,3,0
827,4,4
827,5,6
139,1,8
139,0,106
139,2,0
139,3,1
139,4,2
139,5,2
756,1,6
756,0,1836
756,2,9
756,3,5
756,4,4
756,5,4
49,1,1
49,0,50
49,2,4
49,3,0
49,4,1
49,5,0
41,1,10
41,0,182
41,2,16
41,3,8
41,4,31
41,5,10
674,1,376
674,0,6580
674,2,588
674,3,40
674,4,490
674,5,685
826,1,208
826,0,1297
826,2,80
826,3,12
826,4,118
826,5,244
105,1,12
105,0,1820
105,2,87
105,3,7
105,4,24
105,5,15
313,1,2
313,0,145
313,2,5
313,3,2
313,4,2
313,5,4
404,1,20
404,0,6330
404,2,10
404,3,2
404,4,1846
404,5,204
955,1,17
955,0,8
955,2,44
955,3,0
955,4,72
955,5,21
802,1,4
802,0,6
802,2,1
802,3,7
802,4,3
802,5,0
673,1,0
673,0,0
673,2,6
673,3,30
673,4,0
673,5,14
138,1,1
138,0,3
138,2,0
138,3,0
138,4,3
138,5,0
149,1,3
149,0,21
149,2,3
149,3,2
149,4,3
149,5,1
2,1,9
2,0,711
2,2,33
2,3,32
2,4,45
2,5,6
904,1,5
904,0,393
904,2,1
904,3,0
904,4,9
904,5,5
462,1,125
462,0,7398
462,2,481
462,3,29
462,4,116
462,5,362
982,1,622
982,0,4522
982,2,486
982,3,120
982,4,611
982,5,644
457,1,0
457,0,158
457,2,0
457,3,1
457,4,0
457,5,0
655,1,7
655,0,141
655,2,7
655,3,4
655,4,7
655,5,1
376,1,27
376,0,758
376,2,34
376,3,9
376,4,336
376,5,41
896,1,4
896,0,168
896,2,12
896,3,10
896,4,2
896,5,11
693,1,0
693,0,0
693,2,0
693,3,0
693,4,0
693,5,0
909,1,0
909,0,0
909,2,0
909,3,0
909,4,0
909,5,0
747,1,0
747,0,0
747,2,0
747,3,0
747,4,0
747,5,0
148,1,1
148,0,91
148,2,4
148,3,2
148,4,4
148,5,13
497,1,12
497,0,1705
497,2,12
497,3,0
497,4,79
497,5,0
332,1,1
332,0,1324
332,2,51
332,3,32
332,4,163
332,5,45
716,1,2
716,0,95
716,2,2
716,3,4
716,4,3
716,5,2
280,1,4
280,0,157
280,2,3
280,3,1
280,4,1
280,5,8
293,1,0
293,0,108
293,2,0
293,3,0
293,4,0
293,5,0
153,1,1
153,0,3
153,2,0
153,3,0
153,4,0
153,5,0
6,1,14
6,0,3660
6,2,30
6,3,8
6,4,143
6,5,68
777,1,0
777,0,509
777,2,0
777,3,0
777,4,68
777,5,0
189,1,9
189,0,13
189,2,8
189,3,0
189,4,6
189,5,20
547,1,4
547,0,85
547,2,6
547,3,0
547,4,6
547,5,3
325,1,0
325,0,32
325,2,4
325,3,3
325,4,3
325,5,5
36,1,7
36,0,77
36,2,6
36,3,0
36,4,1
36,5,1
198,1,0
198,0,0
198,2,0
198,3,0
198,4,0
198,5,0
915,1,25
915,0,189
915,2,22
915,3,11
915,4,313
915,5,53
384,1,6
384,0,198
384,2,1
384,3,0
384,4,0
384,5,1
110,1,5
110,0,28
110,2,2
110,3,1
110,4,1
110,5,3
167,1,5
167,0,69
167,2,3
167,3,1
167,4,1
167,5,3
65,1,8
65,0,4253
65,2,3
65,3,7
65,4,9
65,5,10
594,1,81
594,0,11755
594,2,232
594,3,10
594,4,821
594,5,42
247,1,7
247,0,79
247,2,25
247,3,9
247,4,25
247,5,109
237,1,0
237,0,0
237,2,0
237,3,15
237,4,0
237,5,0
305,1,0
305,0,707
305,2,0
305,3,0
305,4,0
305,5,0
83,1,84
83,0,1709
83,2,58
83,3,6
83,4,351
83,5,36
733,1,0
733,0,0
733,2,0
733,3,0
733,4,0
733,5,0
271,1,66
271,0,1139
271,2,31
271,3,39
271,4,184
271,5,44
637,1,3
637,0,196
637,2,1
637,3,2
637,4,4
637,5,4
667,1,0
667,0,0
667,2,4
667,3,1
667,4,0
667,5,0
368,1,0
368,0,49
368,2,0
368,3,0
368,4,0
368,5,0
215,1,0
215,0,0
215,2,0
215,3,0
215,4,4
215,5,0
423,1,2
423,0,19
423,2,7
423,3,1
423,4,1
423,5,1
642,1,0
642,0,103
642,2,3
642,3,4
642,4,5
642,5,5
778,1,44
778,0,5417
778,2,50
778,3,33
778,4,47
778,5,51
39,1,0
39,0,88
39,2,2
39,3,10
39,4,4
39,5,2
200,1,181
200,0,4913
200,2,5
200,3,8
200,4,474
200,5,102
113,1,13
113,0,374
113,2,3
113,3,2
113,4,9
113,5,5
924,1,8
924,0,107
924,2,4
924,3,0
924,4,3
924,5,0
155,1,0
155,0,0
155,2,0
155,3,0
155,4,0
155,5,0
714,1,3
714,0,1062
714,2,17
714,3,1
714,4,0
714,5,0
285,1,2
285,0,0
285,2,0
285,3,0
285,4,0
285,5,8
885,1,0
885,0,0
885,2,0
885,3,0
885,4,0
885,5,0
524,1,0
524,0,3
524,2,1
524,3,1
524,4,2
524,5,1
238,1,3
238,0,89
238,2,1
238,3,2
238,4,7
238,5,6
54,1,10
54,0,627
54,2,9
54,3,4
54,4,3
54,5,7
626,1,356
626,0,3428
626,2,258
626,3,51
626,4,769
626,5,784
847,1,0
847,0,1
847,2,0
847,3,0
847,4,0
847,5,0
375,1,4
375,0,711
375,2,12
375,3,5
375,4,20
375,5,6
793,1,6
793,0,122
793,2,1
793,3,0
793,4,3
793,5,0
363,1,17
363,0,748
363,2,21
363,3,11
363,4,21
363,5,12
496,1,1
496,0,73
496,2,4
496,3,3
496,4,5
496,5,1
988,1,15
988,0,2027
988,2,16
988,3,2
988,4,44
988,5,5
598,1,5
598,0,3215
598,2,48
598,3,9
598,4,18
598,5,13
45,1,0
45,0,53
45,2,5
45,3,5
45,4,8
45,5,2
464,1,17
464,0,354
464,2,39
464,3,13
464,4,30
464,5,21
887,1,0
887,0,1084
887,2,14
887,3,8
887,4,28
887,5,16
297,1,315
297,0,3300
297,2,289
297,3,9
297,4,1561
297,5,100
615,1,6
615,0,178
615,2,8
615,3,9
615,4,1
615,5,2
634,1,139
634,0,3393
634,2,307
634,3,122
634,4,294
634,5,345
749,1,126
749,0,317
749,2,23
749,3,29
749,4,42
749,5,17
561,1,2
561,0,12
561,2,4
561,3,0
561,4,0
561,5,0
772,1,0
772,0,1
772,2,0
772,3,0
772,4,0
772,5,2
106,1,1
106,0,60
106,2,5
106,3,1
106,4,0
106,5,0
574,1,4
574,0,101
574,2,0
574,3,0
574,4,5
574,5,0
426,1,0
426,0,0
426,2,0
426,3,0
426,4,0
426,5,0
852,1,0
852,0,196
852,2,3
852,3,1
852,4,5
852,5,2
338,1,2
338,0,60
338,2,8
338,3,3
338,4,10
338,5,5
111,1,1
111,0,0
111,2,2
111,3,8
111,4,5
111,5,0
997,1,6
997,0,661
997,2,6
997,3,16
997,4,6
997,5,11
726,1,9
726,0,589
726,2,6
726,3,1
726,4,6
726,5,20
601,1,0
601,0,2
601,2,0
601,3,0
601,4,0
601,5,0
314,1,1
314,0,0
314,2,0
314,3,2
314,4,4
314,5,3
432,1,10
432,0,1160
432,2,11
432,3,2
432,4,12
432,5,0
878,1,4
878,0,92
878,2,1
878,3,0
878,4,25
878,5,0
12,1,6
12,0,7
12,2,2
12,3,1
12,4,9
12,5,0
636,1,0
636,0,0
636,2,0
636,3,0
636,4,0
636,5,0
472,1,0
472,0,0
472,2,0
472,3,0
472,4,0
472,5,0
291,1,1
291,0,9
291,2,7
291,3,0
291,4,0
291,5,0
358,1,0
358,0,71
358,2,0
358,3,0
358,4,0
358,5,10
742,1,62
742,0,325
742,2,2
742,3,20
742,4,664
742,5,112
587,1,0
587,0,0
587,2,0
587,3,0
587,4,0
587,5,0
867,1,46
867,0,412
867,2,31
867,3,0
867,4,0
867,5,36
11,1,4
11,0,15
11,2,3
11,3,1
11,4,1
11,5,2
317,1,0
317,0,482
317,2,0
317,3,1
317,4,0
317,5,0
131,1,0
131,0,0
131,2,0
131,3,3
131,4,7
131,5,0
475,1,9
475,0,37
475,2,26
475,3,0
475,4,32
475,5,9
74,1,1
74,0,0
74,2,0
74,3,0
74,4,0
74,5,0
811,1,47
811,0,1440
811,2,34
811,3,3
811,4,939
811,5,88
485,1,4
485,0,83
485,2,2
485,3,10
485,4,2
485,5,2
469,1,0
469,0,0
469,2,0
469,3,0
469,4,4
469,5,0
818,1,0
818,0,319
818,2,0
818,3,0
818,4,0
818,5,0
331,1,7
331,0,349
331,2,10
331,3,1
331,4,1
331,5,8
499,1,0
499,0,0
499,2,0
499,3,0
499,4,0
499,5,0
431,1,4
431,0,34
431,2,3
431,3,10
431,4,0
431,5,5
702,1,0
702,0,0
702,2,0
702,3,0
702,4,0
702,5,0
876,1,3
876,0,256
876,2,6
876,3,1
876,4,6
876,5,6
233,1,10
233,0,675
233,2,6
233,3,2
233,4,10
233,5,7
619,1,0
619,0,112
619,2,9
619,3,2
619,4,32
619,5,16
589,1,0
589,0,77
589,2,3
589,3,2
589,4,6
589,5,2
482,1,545
482,0,1495
482,2,139
482,3,32
482,4,621
482,5,45
94,1,0
94,0,472
94,2,8
94,3,0
94,4,69
94,5,0
77,1,1
77,0,140
77,2,6
77,3,11
77,4,22
77,5,4
246,1,11
246,0,33
246,2,0
246,3,1
246,4,3
246,5,3
723,1,7
723,0,128
723,2,0
723,3,4
723,4,8
723,5,6
322,1,3
322,0,165
322,2,6
322,3,4
322,4,5
322,5,1
806,1,4
806,0,162
806,2,6
806,3,0
806,4,13
806,5,0
354,1,0
354,0,241
354,2,21
354,3,3
354,4,23
354,5,5
946,1,0
946,0,5
946,2,1
946,3,0
946,4,0
946,5,5
311,1,0
311,0,0
311,2,12
311,3,0
311,4,9
311,5,8
898,1,0
898,0,0
898,2,0
898,3,0
898,4,0
898,5,0
991,1,1
991,0,215
991,2,0
991,3,0
991,4,0
991,5,0
508,1,84
508,0,9237
508,2,519
508,3,10
508,4,1995
508,5,745
299,1,5
299,0,544
299,2,19
299,3,3
299,4,1
299,5,21
103,1,4
103,0,354
103,2,14
103,3,18
103,4,90
103,5,4
145,1,2
145,0,0
145,2,1
145,3,1
145,4,4
145,5,0
58,1,2
58,0,71
58,2,1
58,3,1
58,4,3
58,5,1
710,1,3
710,0,70
710,2,4
710,3,3
710,4,2
710,5,8
300,1,13
300,0,59
300,2,10
300,3,1
300,4,19
300,5,8
662,1,15
662,0,50
662,2,26
662,3,1
662,4,17
662,5,12
183,1,5
183,0,71
183,2,0
183,3,0
183,4,0
183,5,0
393,1,0
393,0,5
393,2,0
393,3,0
393,4,0
393,5,0
899,1,6
899,0,142
899,2,1
899,3,1
899,4,0
899,5,2
500,1,26
500,0,29
500,2,34
500,3,5
500,4,12
500,5,14
367,1,1
367,0,584
367,2,7
367,3,1
367,4,74
367,5,2
895,1,10
895,0,151
895,2,0
895,3,2
895,4,0
895,5,3
758,1,17
758,0,3068
758,2,65
758,3,6
758,4,233
758,5,17
436,1,24
436,0,325
436,2,5
436,3,6
436,4,2
436,5,1
388,1,0
388,0,57
388,2,1
388,3,0
388,4,0
388,5,2
91,1,26
91,0,878
91,2,10
91,3,6
91,4,13
91,5,11
320,1,0
320,0,0
320,2,0
320,3,0
320,4,0
320,5,0
236,1,1
236,0,42
236,2,2
236,3,2
236,4,3
236,5,5
27,1,28
27,0,631
27,2,11
27,3,19
27,4,62
27,5,12
910,1,2
910,0,179
910,2,2
910,3,4
910,4,7
910,5,0
165,1,4
165,0,185
165,2,6
165,3,1
165,4,10
165,5,6
73,1,1
73,0,96
73,2,1
73,3,2
73,4,2
73,5,1
552,1,0
552,0,0
552,2,0
552,3,0
552,4,0
552,5,0
289,1,1
289,0,97
289,2,4
289,3,2
289,4,1
289,5,5
985,1,58
985,0,1526
985,2,13
985,3,2
985,4,0
985,5,4
661,1,0
661,0,0
661,2,8
661,3,1
661,4,5
661,5,5
5,1,0
5,0,0
5,2,0
5,3,0
5,4,0
5,5,0
352,1,0
352,0,5
352,2,0
352,3,0
352,4,0
352,5,0
603,1,12
603,0,14
603,2,4
603,3,4
603,4,7
603,5,7
310,1,0
310,0,1
310,2,0
310,3,0
310,4,0
310,5,0
621,1,1
621,0,64
621,2,0
621,3,2
621,4,0
621,5,2
960,1,15
960,0,498
960,2,14
960,3,4
960,4,53
960,5,18
93,1,0
93,0,809
93,2,0
93,3,0
93,4,0
93,5,0
721,1,0
721,0,1348
721,2,0
721,3,0
721,4,18
721,5,0
118,1,0
118,0,1
118,2,0
118,3,0
118,4,0
118,5,0
577,1,0
577,0,162
577,2,8
577,3,6
577,4,4
577,5,2
532,1,0
532,0,50
532,2,4
532,3,0
532,4,0
532,5,1
725,1,1
725,0,23
725,2,2
725,3,1
725,4,8
725,5,4
399,1,7
399,0,33
399,2,4
399,3,0
399,4,5
399,5,0
805,1,0
805,0,469
805,2,4
805,3,6
805,4,11
805,5,1
80,1,3
80,0,66
80,2,5
80,3,4
80,4,2
80,5,4
958,1,16
958,0,291
958,2,21
958,3,2
958,4,36
958,5,10
72,1,3
72,0,24
72,2,4
72,3,5
72,4,5
72,5,5
691,1,13
691,0,16
691,2,8
691,3,4
691,4,18
691,5,6
969,1,16
969,0,134
969,2,10
969,3,8
969,4,10
969,5,2
128,1,1
128,0,1015
128,2,2
128,3,1
128,4,0
128,5,10
333,1,3
333,0,55
333,2,1
333,3,1
333,4,5
333,5,10
226,1,0
226,0,386
226,2,5
226,3,6
226,4,3
226,5,2
525,1,2
525,0,243
525,2,1
525,3,0
525,4,0
525,5,2
511,1,1
511,0,136
511,2,1
511,3,2
511,4,2
511,5,1
448,1,2
448,0,41
448,2,1
448,3,3
448,4,5
448,5,1
42,1,15
42,0,25
42,2,1
42,3,8
42,4,18
42,5,3
140,1,0
140,0,117
140,2,5
140,3,5
140,4,0
140,5,13
451,1,0
451,0,117
451,2,0
451,3,1
451,4,9
451,5,4
243,1,11
243,0,110
243,2,12
243,3,1
243,4,26
243,5,11
707,1,47
707,0,492
707,2,31
707,3,8
707,4,61
707,5,17
618,1,5
618,0,362
618,2,7
618,3,6
618,4,20
618,5,6
347,1,2
347,0,190
347,2,6
347,3,15
347,4,2
347,5,3
998,1,32
998,0,379
998,2,43
998,3,6
998,4,154
998,5,20
255,1,0
255,0,0
255,2,0
255,3,0
255,4,0
255,5,0
380,1,5
380,0,1002
380,2,8
380,3,3
380,4,0
380,5,7
501,1,0
501,0,338
501,2,3
501,3,2
501,4,5
501,5,4
996,1,0
996,0,0
996,2,0
996,3,0
996,4,0
996,5,0
447,1,0
447,0,0
447,2,0
447,3,0
447,4,0
447,5,0
544,1,2
544,0,160
544,2,2
544,3,8
544,4,4
544,5,6
672,1,3
672,0,1437
672,2,0
672,3,9
672,4,19
672,5,54
373,1,0
373,0,0
373,2,0
373,3,1
373,4,0
373,5,3
449,1,0
449,0,0
449,2,27
449,3,24
449,4,0
449,5,5
9,1,0
9,0,122
9,2,4
9,3,2
9,4,0
9,5,8
939,1,24
939,0,292
939,2,7
939,3,3
939,4,21
939,5,3
962,1,86
962,0,3
962,2,27
962,3,0
962,4,1
962,5,16
671,1,7
671,0,78
671,2,3
671,3,1
671,4,4
671,5,4
835,1,0
835,0,195
835,2,4
835,3,2
835,4,4
835,5,12
244,1,8
244,0,240
244,2,8
244,3,4
244,4,0
244,5,3
487,1,12
487,0,190
487,2,9
487,3,12
487,4,39
487,5,11
265,1,0
265,0,1
265,2,5
265,3,2
265,4,0
265,5,0
181,1,3
181,0,84
181,2,3
181,3,2
181,4,10
181,5,2
912,1,7
912,0,134
912,2,2
912,3,7
912,4,9
912,5,2
757,1,0
757,0,5
757,2,0
757,3,0
757,4,0
757,5,0
418,1,0
418,0,0
418,2,0
418,3,0
418,4,0
418,5,0
268,1,7
268,0,583
268,2,3
268,3,10
268,4,36
268,5,3
127,1,9
127,0,289
127,2,12
127,3,3
127,4,29
127,5,6
86,1,265
86,0,1744
86,2,11
86,3,2
86,4,621
86,5,27
477,1,179
477,0,482
477,2,36
477,3,26
477,4,85
477,5,49
392,1,0
392,0,0
392,2,2
392,3,0
392,4,5
392,5,4
294,1,2
294,0,0
294,2,0
294,3,0
294,4,4
294,5,0
690,1,0
690,0,9
690,2,3
690,3,0
690,4,6
690,5,2
101,1,1
101,0,3257
101,2,50
101,3,15
101,4,54
101,5,13
631,1,0
631,0,331
631,2,7
631,3,2
631,4,7
631,5,8
703,1,24
703,0,2923
703,2,52
703,3,27
703,4,59
703,5,10
596,1,7
596,0,206
596,2,9
596,3,3
596,4,8
596,5,2
329,1,0
329,0,527
329,2,0
329,3,1
329,4,181
329,5,0
934,1,0
934,0,335
934,2,0
934,3,0
934,4,0
934,5,0
365,1,11
365,0,1838
365,2,9
365,3,7
365,4,32
365,5,32
981,1,0
981,0,0
981,2,0
981,3,0
981,4,2
981,5,0
954,1,3
954,0,392
954,2,3
954,3,3
954,4,5
954,5,1
109,1,0
109,0,0
109,2,0
109,3,0
109,4,0
109,5,0
1000,1,8
1000,0,114
1000,2,5
1000,3,1
1000,4,0
1000,5,5
565,1,0
565,0,5
565,2,0
565,3,0
565,4,0
565,5,0
424,1,0
424,0,5
424,2,0
424,3,0
424,4,0
424,5,0
481,1,0
481,0,5
481,2,0
481,3,0
481,4,0
481,5,0
55,1,131
55,0,184
55,2,44
55,3,9
55,4,64
55,5,19
114,1,0
114,0,835
114,2,0
114,3,0
114,4,4
114,5,0
597,1,85
597,0,380
597,2,84
597,3,20
597,4,107
597,5,149
158,1,30
158,0,152
158,2,6
158,3,2
158,4,21
158,5,2
762,1,7
762,0,73
762,2,11
762,3,7
762,4,10
762,5,5
125,1,136
125,0,6627
125,2,239
125,3,27
125,4,1136
125,5,96
987,1,5
987,0,226
987,2,2
987,3,3
987,4,10
987,5,4
132,1,7
132,0,1263
132,2,12
132,3,9
132,4,30
132,5,15
395,1,345
395,0,6899
395,2,424
395,3,412
395,4,86
395,5,37
815,1,24
815,0,1109
815,2,5
815,3,1
815,4,7
815,5,10
957,1,0
957,0,0
957,2,0
957,3,0
957,4,0
957,5,0
935,1,126
935,0,2168
935,2,289
935,3,121
935,4,748
935,5,828
541,1,22
541,0,1102
541,2,12
541,3,14
541,4,89
541,5,28
838,1,481
838,0,860
838,2,258
838,3,90
838,4,741
838,5,879
913,1,156
913,0,2722
913,2,124
913,3,18
913,4,61
913,5,245
157,1,210
157,0,1112
157,2,132
157,3,83
157,4,370
157,5,701
122,1,41
122,0,902
122,2,39
122,3,13
122,4,64
122,5,43
572,1,308
572,0,719
572,2,196
572,3,59
572,4,230
572,5,76
403,1,50
403,0,214
403,2,19
403,3,0
403,4,77
403,5,24
136,1,216
136,0,1006
136,2,55
136,3,46
136,4,126
136,5,35
240,1,31
240,0,192
240,2,12
240,3,6
240,4,10
240,5,27
416,1,0
416,0,0
416,2,0
416,3,0
416,4,101
416,5,0
227,1,0
227,0,0
227,2,0
227,3,0
227,4,0
227,5,0
209,1,5
209,0,5
209,2,2
209,3,0
209,4,3
209,5,1
624,1,1
624,0,494
624,2,6
624,3,3
624,4,12
624,5,1
678,1,1
678,0,79
678,2,1
678,3,1
678,4,4
678,5,9
503,1,129
503,0,2751
503,2,116
503,3,301
503,4,111
503,5,25
658,1,4
658,0,11
658,2,8
658,3,0
658,4,6
658,5,2
609,1,1
609,0,163
609,2,1
609,3,0
609,4,5
609,5,0
146,1,0
146,0,343
146,2,0
146,3,0
146,4,0
146,5,0
186,1,3
186,0,256
186,2,2
186,3,0
186,4,6
186,5,6
575,1,0
575,0,0
575,2,0
575,3,0
575,4,2
575,5,3
35,1,1
35,0,7
35,2,5
35,3,0
35,4,5
35,5,2
323,1,11
323,0,685
323,2,1
323,3,3
323,4,9
323,5,8
542,1,1
542,0,96
542,2,2
542,3,0
542,4,4
542,5,2
623,1,1
623,0,40
623,2,2
623,3,0
623,4,1
623,5,0
197,1,14
197,0,1000
197,2,10
197,3,6
197,4,9
197,5,10
309,1,0
309,0,15
309,2,0
309,3,1
309,4,0
309,5,0
533,1,9
533,0,0
533,2,1
533,3,1
533,4,1
533,5,0
283,1,0
283,0,1272
283,2,0
283,3,0
283,4,0
283,5,0
900,1,75
900,0,619
900,2,23
900,3,13
900,4,194
900,5,333
48,1,22
48,0,845
48,2,12
48,3,6
48,4,23
48,5,4
665,1,14
665,0,376
665,2,7
665,3,1
665,4,9
665,5,10
779,1,8
779,0,813
779,2,9
779,3,5
779,4,10
779,5,7
856,1,0
856,0,107
856,2,3
856,3,0
856,4,0
856,5,1
922,1,10
922,0,164
922,2,23
922,3,3
922,4,8
922,5,0
308,1,106
308,0,856
308,2,3
308,3,0
308,4,47
308,5,0
370,1,0
370,0,0
370,2,0
370,3,0
370,4,0
370,5,0
593,1,0
593,0,0
593,2,0
593,3,0
593,4,0
593,5,0
31,1,62
31,0,1302
31,2,83
31,3,28
31,4,59
31,5,52
18,1,21
18,0,298
18,2,8
18,3,5
18,4,6
18,5,1
971,1,0
971,0,261
971,2,0
971,3,0
971,4,0
971,5,0
719,1,0
719,0,12
719,2,0
719,3,0
719,4,0
719,5,0
728,1,12
728,0,31
728,2,5
728,3,2
728,4,16
728,5,5
890,1,5
890,0,0
890,2,12
890,3,1
890,4,17
890,5,0
433,1,10
433,0,114
433,2,7
433,3,6
433,4,11
433,5,10
170,1,0
170,0,18
170,2,3
170,3,1
170,4,4
170,5,1
192,1,3
192,0,24
192,2,2
192,3,2
192,4,15
192,5,6
700,1,0
700,0,4
700,2,0
700,3,0
700,4,0
700,5,2
724,1,0
724,0,3
724,2,0
724,3,0
724,4,1
724,5,0
348,1,3
348,0,142
348,2,5
348,3,0
348,4,5
348,5,5
848,1,0
848,0,72
848,2,0
848,3,0
848,4,0
848,5,0
67,1,1
67,0,53
67,2,8
67,3,5
67,4,1
67,5,8
178,1,0
178,0,0
178,2,0
178,3,2
178,4,0
178,5,2
450,1,3
450,0,84
450,2,3
450,3,0
450,4,3
450,5,7
711,1,0
711,0,337
711,2,4
711,3,1
711,4,6
711,5,9
993,1,1
993,0,0
993,2,2
993,3,0
993,4,0
993,5,3
374,1,0
374,0,0
374,2,0
374,3,0
374,4,0
374,5,0
809,1,0
809,0,0
809,2,0
809,3,0
809,4,0
809,5,0
154,1,135
154,0,6728
154,2,183
154,3,16
154,4,1068
154,5,40
537,1,10
537,0,1068
537,2,8
537,3,1
537,4,8
537,5,0
670,1,0
670,0,92
670,2,4
670,3,2
670,4,8
670,5,9
842,1,3
842,0,84
842,2,6
842,3,7
842,4,2
842,5,3
549,1,6
549,0,123
549,2,5
549,3,4
549,4,3
549,5,6
608,1,4
608,0,240
608,2,1
608,3,3
608,4,8
608,5,3
646,1,8
646,0,6
646,2,2
646,3,0
646,4,8
646,5,3
739,1,137
739,0,5199
739,2,247
739,3,41
739,4,536
739,5,604
222,1,6
222,0,190
222,2,9
222,3,1
222,4,59
222,5,3
741,1,0
741,0,0
741,2,1
741,3,15
741,4,0
741,5,0
40,1,0
40,0,0
40,2,0
40,3,0
40,4,0
40,5,0
369,1,0
369,0,87
369,2,1
369,3,0
369,4,0
369,5,5
298,1,0
298,0,0
298,2,0
298,3,0
298,4,0
298,5,0
763,1,0
763,0,0
763,2,0
763,3,0
763,4,0
763,5,0
502,1,5
502,0,1125
502,2,13
502,3,4
502,4,26
502,5,7
465,1,5
465,0,96
465,2,6
465,3,7
465,4,7
465,5,4
602,1,0
602,0,0
602,2,0
602,3,0
602,4,0
602,5,0
790,1,0
790,0,103
790,2,4
790,3,0
790,4,2
790,5,0
569,1,1
569,0,46
569,2,3
569,3,0
569,4,3
569,5,1
839,1,0
839,0,0
839,2,0
839,3,0
839,4,0
839,5,0
604,1,20
604,0,147
604,2,4
604,3,2
604,4,7
604,5,6
663,1,9
663,0,152
663,2,7
663,3,8
663,4,5
663,5,4
340,1,1
340,0,207
340,2,1
340,3,2
340,4,0
340,5,1
580,1,3
580,0,17
580,2,0
580,3,0
580,4,0
580,5,3
273,1,43
273,0,1337
273,2,11
273,3,11
273,4,61
273,5,29
171,1,0
171,0,6
171,2,0
171,3,0
171,4,0
171,5,0
816,1,0
816,0,0
816,2,0
816,3,0
816,4,0
816,5,0
938,1,0
938,0,5
938,2,8
938,3,0
938,4,35
938,5,0
210,1,17
210,0,1789
210,2,9
210,3,3
210,4,30
210,5,18
344,1,0
344,0,0
344,2,0
344,3,0
344,4,0
344,5,0
854,1,8
854,0,356
854,2,22
854,3,5
854,4,9
854,5,2
38,1,95
38,0,493
38,2,10
38,3,10
38,4,36
38,5,30
89,1,0
89,0,72
89,2,0
89,3,0
89,4,0
89,5,0
682,1,5
682,0,182
682,2,12
682,3,12
682,4,16
682,5,24
47,1,17
47,0,24
47,2,7
47,3,2
47,4,11
47,5,3
649,1,0
649,0,184
649,2,0
649,3,0
649,4,0
649,5,0
548,1,0
548,0,8
548,2,0
548,3,0
548,4,0
548,5,0
568,1,6
568,0,5
568,2,4
568,3,0
568,4,3
568,5,1
427,1,7
427,0,107
427,2,8
427,3,0
427,4,2
427,5,10
84,1,0
84,0,97
84,2,0
84,3,0
84,4,0
84,5,1
21,1,0
21,0,0
21,2,0
21,3,0
21,4,0
21,5,0
914,1,0
914,0,286
914,2,0
914,3,0
914,4,0
914,5,0
188,1,35
188,0,61
188,2,7
188,3,10
188,4,18
188,5,8
638,1,1
638,0,42
638,2,4
638,3,1
638,4,3
638,5,2
185,1,0
185,0,0
185,2,0
185,3,1
185,4,2
185,5,2
836,1,1
836,0,61
836,2,5
836,3,17
836,4,4
836,5,5
953,1,1
953,0,33
953,2,3
953,3,0
953,4,0
953,5,0
414,1,15
414,0,852
414,2,6
414,3,4
414,4,0
414,5,7
446,1,2
446,0,77
446,2,3
446,3,0
446,4,1
446,5,1
967,1,3
967,0,79
967,2,5
967,3,2
967,4,0
967,5,5
550,1,6
550,0,178
550,2,9
550,3,0
550,4,0
550,5,1
933,1,0
933,0,0
933,2,0
933,3,0
933,4,0
933,5,0
600,1,0
600,0,0
600,2,1
600,3,3
600,4,0
600,5,1
253,1,3
253,0,12
253,2,1
253,3,2
253,4,2
253,5,2
24,1,5
24,0,232
24,2,9
24,3,6
24,4,0
24,5,8
644,1,0
644,0,357
644,2,26
644,3,1
644,4,27
644,5,259
61,1,32
61,0,871
61,2,136
61,3,23
61,4,445
61,5,80
88,1,115
88,0,1558
88,2,69
88,3,8
88,4,273
88,5,24
126,1,20
126,0,235
126,2,6
126,3,0
126,4,2
126,5,7
761,1,14
761,0,305
761,2,33
761,3,10
761,4,71
761,5,11
677,1,0
677,0,127
677,2,0
677,3,0
677,4,0
677,5,0
754,1,5
754,0,106
754,2,13
754,3,4
754,4,55
754,5,5
850,1,0
850,0,118
850,2,0
850,3,0
850,4,0
850,5,0
659,1,13
659,0,319
659,2,9
659,3,6
659,4,25
659,5,10
123,1,0
123,0,0
123,2,0
123,3,0
123,4,0
123,5,6
287,1,0
287,0,0
287,2,0
287,3,0
287,4,0
287,5,0
894,1,5
894,0,382
894,2,15
894,3,1
894,4,12
894,5,4
901,1,3
901,0,196
901,2,3
901,3,2
901,4,7
901,5,0
453,1,4
453,0,52
453,2,11
453,3,3
453,4,12
453,5,6
734,1,0
734,0,1527
734,2,0
734,3,0
734,4,0
734,5,5
25,1,21
25,0,692
25,2,45
25,3,4
25,4,21
25,5,20
455,1,4
455,0,277
455,2,2
455,3,0
455,4,10
455,5,0
812,1,2
812,0,117
812,2,3
812,3,2
812,4,3
812,5,2
34,1,0
34,0,0
34,2,0
34,3,0
34,4,0
34,5,0
420,1,5
420,0,84
420,2,3
420,3,91
420,4,5
420,5,2
290,1,2
290,0,1159
290,2,1
290,3,0
290,4,8
290,5,0
563,1,5
563,0,82
563,2,3
563,3,0
563,4,1
563,5,1
180,1,6
180,0,36
180,2,2
180,3,2
180,4,4
180,5,1
751,1,0
751,0,0
751,2,0
751,3,0
751,4,0
751,5,0
855,1,0
855,0,520
855,2,0
855,3,0
855,4,0
855,5,0
579,1,86
579,0,941
579,2,89
579,3,27
579,4,103
579,5,93
173,1,0
173,0,5
173,2,0
173,3,0
173,4,2
173,5,0
272,1,0
272,0,306
272,2,0
272,3,0
272,4,0
272,5,0
4,1,61
4,0,16
4,2,11
4,3,2
4,4,683
4,5,0
440,1,6
440,0,7
440,2,8
440,3,2
440,4,20
440,5,6
849,1,2
849,0,45
849,2,1
849,3,0
849,4,1
849,5,5
135,1,1
135,0,5691
135,2,0
135,3,0
135,4,0
135,5,0
408,1,9
408,0,401
408,2,0
408,3,0
408,4,9
408,5,13
203,1,36
203,0,7017
203,2,80
203,3,9
203,4,1009
203,5,476
841,1,0
841,0,349
841,2,1
841,3,3
841,4,22
841,5,6
211,1,28
211,0,2927
211,2,16
211,3,12
211,4,57
211,5,37
926,1,2
926,0,37
926,2,7
926,3,1
926,4,0
926,5,4
788,1,50
788,0,5242
788,2,8
788,3,6
788,4,110
788,5,97
774,1,4
774,0,2257
774,2,9
774,3,9
774,4,8
774,5,22
232,1,13
232,0,365
232,2,5
232,3,7
232,4,1
232,5,10
478,1,0
478,0,375
478,2,10
478,3,1
478,4,6
478,5,1
744,1,5
744,0,479
744,2,19
744,3,1
744,4,217
744,5,49
492,1,0
492,0,334
492,2,0
492,3,3
492,4,0
492,5,5
821,1,0
821,0,258
821,2,6
821,3,4
821,4,11
821,5,12
191,1,7
191,0,367
191,2,4
191,3,0
191,4,1
191,5,2
96,1,8
96,0,956
96,2,5
96,3,1
96,4,3
96,5,1
571,1,6
571,0,382
571,2,8
571,3,1
571,4,1
571,5,1
560,1,0
560,0,108
560,2,9
560,3,3
560,4,2
560,5,3
231,1,47
231,0,2905
231,2,21
231,3,13
231,4,42
231,5,11
656,1,1
656,0,335
656,2,0
656,3,4
656,4,5
656,5,5
315,1,59
315,0,4800
315,2,46
315,3,12
315,4,393
315,5,43
460,1,5
460,0,717
460,2,7
460,3,2
460,4,29
460,5,10
133,1,10
133,0,137
133,2,1
133,3,4
133,4,20
133,5,3
527,1,2
527,0,239
527,2,4
527,3,0
527,4,8
527,5,2
212,1,0
212,0,0
212,2,0
212,3,0
212,4,0
212,5,0
250,1,63
250,0,381
250,2,1154
250,3,10
250,4,356
250,5,266
415,1,0
415,0,1
415,2,0
415,3,0
415,4,2
415,5,1
717,1,22
717,0,35
717,2,8
717,3,13
717,4,28
717,5,6
390,1,1
390,0,0
390,2,8
390,3,0
390,4,0
390,5,0
261,1,0
261,0,23
261,2,2
261,3,3
261,4,3
261,5,6
730,1,10
730,0,876
730,2,11
730,3,4
730,4,15
730,5,7
701,1,20
701,0,747
701,2,26
701,3,7
701,4,227
701,5,31
999,1,2
999,0,367
999,2,10
999,3,4
999,4,13
999,5,2
675,1,4
675,0,36
675,2,2
675,3,5
675,4,5
675,5,4
539,1,1
539,0,5
539,2,0
539,3,0
539,4,0
539,5,0
737,1,70
737,0,2840
737,2,100
737,3,11
737,4,322
737,5,28
657,1,0
657,0,158
657,2,1
657,3,2
657,4,14
657,5,5
768,1,6
768,0,1850
768,2,16
768,3,4
768,4,6
768,5,14
736,1,0
736,0,64
736,2,0
736,3,0
736,4,0
736,5,0
152,1,12
152,0,754
152,2,4
152,3,4
152,4,7
152,5,0
906,1,0
906,0,0
906,2,0
906,3,0
906,4,1
906,5,0
56,1,4
56,0,7
56,2,6
56,3,2
56,4,5
56,5,3
428,1,0
428,0,7
428,2,1
428,3,2
428,4,0
428,5,4
217,1,4
217,0,82
217,2,4
217,3,2
217,4,1
217,5,1
151,1,3
151,0,332
151,2,9
151,3,3
151,4,5
151,5,3
950,1,57
950,0,3792
950,2,8
950,3,3
950,4,860
950,5,14
430,1,6
430,0,206
430,2,2
430,3,3
430,4,10
430,5,22
791,1,0
791,0,1369
791,2,39
791,3,0
791,4,0
791,5,0
470,1,8
470,0,212
470,2,19
470,3,10
470,4,14
470,5,28
787,1,4
787,0,805
787,2,5
787,3,7
787,4,2
787,5,4
362,1,6
362,0,766
362,2,11
362,3,1
362,4,8
362,5,4
611,1,0
611,0,71
611,2,0
611,3,0
611,4,6
611,5,12
516,1,5
516,0,301
516,2,5
516,3,2
516,4,11
516,5,367
645,1,34
645,0,4661
645,2,15
645,3,7
645,4,28
645,5,19
164,1,0
164,0,23
164,2,2
164,3,0
164,4,5
164,5,4
681,1,5
681,0,148
681,2,0
681,3,0
681,4,0
681,5,2
216,1,3
216,0,42
216,2,0
216,3,2
216,4,3
216,5,5
832,1,0
832,0,51
832,2,1
832,3,0
832,4,0
832,5,0
554,1,16
554,0,56
554,2,13
554,3,6
554,4,7
554,5,8
98,1,0
98,0,0
98,2,0
98,3,0
98,4,6
98,5,0
319,1,7
319,0,203
319,2,2
319,3,0
319,4,6
319,5,2
46,1,0
46,0,68
46,2,4
46,3,5
46,4,5
46,5,4
421,1,1
421,0,40
421,2,4
421,3,0
421,4,9
421,5,6
194,1,4
194,0,642
194,2,0
194,3,3
194,4,3
194,5,13
584,1,10
584,0,31
584,2,3
584,3,2
584,4,6
584,5,2
581,1,3
581,0,1068
581,2,16
581,3,4
581,4,4
581,5,15
510,1,30
510,0,414
510,2,7
510,3,20
510,4,7
510,5,4
629,1,13
629,0,70
629,2,7
629,3,3
629,4,8
629,5,4
281,1,2
281,0,393
281,2,13
281,3,8
281,4,5
281,5,6
20,1,1
20,0,131
20,2,7
20,3,4
20,4,44
20,5,2
160,1,3
160,0,136
160,2,4
160,3,1
160,4,8
160,5,5
740,1,19
740,0,102
740,2,22
740,3,9
740,4,49
740,5,46
668,1,0
668,0,0
668,2,0
668,3,0
668,4,0
668,5,0
639,1,0
639,0,5
639,2,0
639,3,0
639,4,0
639,5,0
279,1,1
279,0,16
279,2,3
279,3,0
279,4,5
279,5,1
382,1,0
382,0,0
382,2,0
382,3,0
382,4,0
382,5,0
251,1,9
251,0,34
251,2,4
251,3,1
251,4,7
251,5,4
692,1,3
692,0,46
692,2,10
692,3,4
692,4,13
692,5,9
919,1,4
919,0,141
919,2,12
919,3,5
919,4,14
919,5,13
37,1,1
37,0,0
37,2,0
37,3,0
37,4,0
37,5,6
262,1,3
262,0,382
262,2,2
262,3,1
262,4,2
262,5,2
350,1,4
350,0,0
350,2,0
350,3,0
350,4,0
350,5,0
989,1,82
989,0,1428
989,2,16
989,3,7
989,4,1
989,5,36
100,1,42
100,0,707
100,2,65
100,3,15
100,4,73
100,5,56
949,1,25
949,0,186
949,2,4
949,3,7
949,4,33
949,5,25
964,1,15
964,0,133
964,2,7
964,3,4
964,4,0
964,5,8
228,1,44
228,0,464
228,2,13
228,3,0
228,4,45
228,5,20
396,1,0
396,0,0
396,2,0
396,3,0
396,4,0
396,5,1
606,1,15
606,0,106
606,2,13
606,3,0
606,4,11
606,5,17
417,1,23
417,0,13
417,2,4
417,3,8
417,4,13
417,5,4
223,1,0
223,0,53
223,2,1
223,3,3
223,4,0
223,5,1
391,1,0
391,0,60
391,2,0
391,3,0
391,4,0
391,5,0
927,1,0
927,0,129
927,2,3
927,3,2
927,4,6
927,5,0
874,1,2
874,0,0
874,2,0
874,3,0
874,4,1
874,5,0
484,1,1
484,0,0
484,2,0
484,3,0
484,4,0
484,5,0
519,1,4
519,0,85
519,2,16
519,3,3
519,4,6
519,5,3
795,1,0
795,0,0
795,2,0
795,3,0
795,4,0
795,5,0
76,1,3
76,0,72
76,2,2
76,3,0
76,4,0
76,5,0
857,1,3
857,0,283
857,2,4
857,3,0
857,4,0
857,5,3
616,1,4
616,0,450
616,2,5
616,3,11
616,4,1
616,5,4
759,1,5
759,0,2541
759,2,74
759,3,6
759,4,319
759,5,55
819,1,0
819,0,342
819,2,4
819,3,1
819,4,8
819,5,2
52,1,50
52,0,1803
52,2,377
52,3,35
52,4,40
52,5,20
722,1,0
722,0,0
722,2,0
722,3,0
722,4,0
722,5,0
318,1,0
318,0,33
318,2,0
318,3,0
318,4,6
318,5,1
976,1,9
976,0,12
976,2,12
976,3,3
976,4,8
976,5,2
488,1,0
488,0,0
488,2,0
488,3,0
488,4,0
488,5,0
512,1,0
512,0,0
512,2,0
512,3,0
512,4,22
512,5,0
441,1,1
441,0,2
441,2,0
441,3,3
441,4,0
441,5,0
398,1,4
398,0,367
398,2,5
398,3,0
398,4,7
398,5,2
986,1,1
986,0,7
986,2,0
986,3,0
986,4,0
986,5,0
538,1,1
538,0,929
538,2,0
538,3,3
538,4,0
538,5,6
937,1,1
937,0,58
937,2,4
937,3,0
937,4,5
937,5,2
498,1,18
498,0,67
498,2,19
498,3,3
498,4,46
498,5,11
292,1,0
292,0,3230
292,2,102
292,3,2
292,4,107
292,5,47
881,1,4
881,0,137
881,2,7
881,3,2
881,4,9
881,5,4
214,1,3
214,0,234
214,2,2
214,3,1
214,4,5
214,5,2
15,1,0
15,0,0
15,2,0
15,3,0
15,4,0
15,5,5
822,1,5
822,0,971
822,2,8
822,3,3
822,4,9
822,5,23
875,1,3
875,0,52
875,2,4
875,3,1
875,4,3
875,5,4
780,1,0
780,0,15
780,2,1
780,3,8
780,4,24
780,5,3
786,1,0
786,0,397
786,2,0
786,3,0
786,4,0
786,5,0
518,1,0
518,0,549
518,2,0
518,3,0
518,4,1
518,5,0
159,1,4
159,0,247
159,2,3
159,3,12
159,4,0
159,5,2
576,1,5
576,0,909
576,2,0
576,3,4
576,4,10
576,5,6
789,1,3
789,0,103
789,2,4
789,3,1
789,4,10
789,5,7
119,1,0
119,0,20
119,2,0
119,3,0
119,4,0
119,5,0
688,1,0
688,0,188
688,2,2
688,3,2
688,4,15
688,5,8
394,1,0
394,0,0
394,2,0
394,3,0
394,4,0
394,5,0
748,1,10
748,0,514
748,2,7
748,3,2
748,4,1
748,5,8
808,1,0
808,0,25
808,2,4
808,3,0
808,4,21
808,5,0
443,1,0
443,0,58
443,2,4
443,3,0
443,4,0
443,5,0
869,1,0
869,0,27
869,2,0
869,3,1
869,4,0
869,5,4
800,1,0
800,0,0
800,2,0
800,3,0
800,4,0
800,5,0
267,1,0
267,0,28
267,2,3
267,3,0
267,4,0
267,5,1
698,1,84
698,0,380
698,2,4
698,3,40
698,4,64
698,5,36
916,1,0
916,0,0
916,2,0
916,3,0
916,4,0
916,5,0
342,1,0
342,0,3
342,2,0
342,3,0
342,4,0
342,5,0
409,1,180
409,0,851
409,2,313
409,3,58
409,4,649
409,5,329
437,1,3
437,0,24
437,2,0
437,3,2
437,4,11
437,5,0
116,1,0
116,0,123
116,2,2
116,3,1
116,4,3
116,5,0
26,1,1
26,0,0
26,2,0
26,3,4
26,4,7
26,5,0
595,1,1
595,0,2325
595,2,36
595,3,4
595,4,90
595,5,53
543,1,1
543,0,545
543,2,2
543,3,2
543,4,33
543,5,4
295,1,6
295,0,100
295,2,2
295,3,3
295,4,10
295,5,3
120,1,0
120,0,37
120,2,0
120,3,0
120,4,0
120,5,0
407,1,7
407,0,41
407,2,1
407,3,0
407,4,1
407,5,0
830,1,0
830,0,433
830,2,0
830,3,0
830,4,0
830,5,0
859,1,245
859,0,326
859,2,47
859,3,9
859,4,304
859,5,222
87,1,0
87,0,14
87,2,2
87,3,5
87,4,8
87,5,0
389,1,2
389,0,56
389,2,5
389,3,0
389,4,7
389,5,4
515,1,0
515,0,20
515,2,0
515,3,0
515,4,0
515,5,0
195,1,8
195,0,126
195,2,3
195,3,3
195,4,14
195,5,1
746,1,7
746,0,2352
746,2,13
746,3,3
746,4,38
746,5,25
75,1,0
75,0,0
75,2,0
75,3,0
75,4,0
75,5,0
351,1,54
351,0,4059
351,2,27
351,3,6
351,4,789
351,5,87
810,1,0
810,0,1150
810,2,7
810,3,10
810,4,8
810,5,5
752,1,0
752,0,0
752,2,0
752,3,0
752,4,0
752,5,0
257,1,4
257,0,112
257,2,2
257,3,0
257,4,2
257,5,1
505,1,34
505,0,1675
505,2,2
505,3,2
505,4,17
505,5,6
176,1,0
176,0,1
176,2,0
176,3,0
176,4,0
176,5,0
82,1,5
82,0,135
82,2,0
82,3,4
82,4,0
82,5,7
961,1,0
961,0,107
961,2,0
961,3,0
961,4,0
961,5,0
168,1,0
168,0,22
168,2,0
168,3,0
168,4,0
168,5,0
70,1,0
70,0,1
70,2,0
70,3,0
70,4,0
70,5,0
412,1,0
412,0,4
412,2,0
412,3,0
412,4,0
412,5,0
720,1,3
720,0,95
720,2,2
720,3,3
720,4,5
720,5,0
630,1,1
630,0,46
630,2,0
630,3,0
630,4,0
630,5,0
555,1,2
555,0,197
555,2,2
555,3,4
555,4,10
555,5,3
517,1,24
517,0,232
517,2,16
517,3,21
517,4,14
517,5,9
85,1,17
85,0,364
85,2,4
85,3,7
85,4,16
85,5,9
911,1,0
911,0,1
911,2,1
911,3,0
911,4,0
911,5,0
526,1,5
526,0,68
526,2,0
526,3,0
526,4,9
526,5,0
622,1,11
622,0,852
622,2,1
622,3,2
622,4,19
622,5,0
640,1,4
640,0,290
640,2,4
640,3,2
640,4,3
640,5,2
936,1,51
936,0,845
936,2,13
936,3,6
936,4,9
936,5,3
882,1,2
882,0,5
882,2,0
882,3,0
882,4,534
882,5,21
108,1,3
108,0,234
108,2,21
108,3,11
108,4,8
108,5,12
647,1,0
647,0,676
647,2,0
647,3,0
647,4,0
647,5,0
994,1,10
994,0,480
994,2,6
994,3,0
994,4,205
994,5,15
870,1,66
870,0,1187
870,2,24
870,3,26
870,4,39
870,5,7
866,1,171
866,0,1630
866,2,14
866,3,5
866,4,94
866,5,88
177,1,0
177,0,0
177,2,0
177,3,0
177,4,0
177,5,0
1,1,0
1,0,0
1,2,0
1,3,0
1,4,0
1,5,0
770,1,31
770,0,231
770,2,6
770,3,0
770,4,2
770,5,1
590,1,3
590,0,70
590,2,6
590,3,1
590,4,4
590,5,3
632,1,5
632,0,335
632,2,2
632,3,2
632,4,9
632,5,0
213,1,6
213,0,124
213,2,3
213,3,0
213,4,4
213,5,3
150,1,1
150,0,77
150,2,2
150,3,0
150,4,5
150,5,9
245,1,9
245,0,49
245,2,17
245,3,7
245,4,9
245,5,3
792,1,1
792,0,244
792,2,1
792,3,1
792,4,2
792,5,1
798,1,14
798,0,38
798,2,11
798,3,0
798,4,18
798,5,9
599,1,0
599,0,0
599,2,0
599,3,0
599,4,0
599,5,0
529,1,4
529,0,1116
529,2,5
529,3,3
529,4,26
529,5,8
51,1,3
51,0,184
51,2,27
51,3,0
51,4,2
51,5,52
923,1,3
923,0,49
923,2,7
923,3,0
923,4,4
923,5,0
16,1,4
16,0,1264
16,2,23
16,3,4
16,4,10
16,5,6
63,1,7
63,0,93
63,2,1
63,3,1
63,4,0
63,5,2
921,1,22
921,0,124
921,2,6
921,3,7
921,4,19
921,5,15
891,1,3
891,0,75
891,2,1
891,3,0
891,4,0
891,5,0
531,1,0
531,0,0
531,2,0
531,3,0
531,4,0
531,5,0
917,1,5
917,0,8
917,2,4
917,3,0
917,4,0
917,5,0
359,1,1
359,0,911
359,2,1
359,3,0
359,4,3
359,5,2
402,1,1
402,0,121
402,2,5
402,3,50
402,4,7
402,5,0
951,1,2
951,0,0
951,2,1
951,3,0
951,4,0
951,5,1
143,1,0
143,0,424
143,2,0
143,3,0
143,4,0
143,5,2
873,1,2
873,0,4
873,2,0
873,3,0
873,4,1
873,5,1
727,1,24
727,0,598
727,2,5
727,3,6
727,4,200
727,5,8
378,1,22
378,0,748
378,2,40
378,3,10
378,4,17
378,5,15
877,1,0
877,0,21
877,2,4
877,3,0
877,4,0
877,5,0
208,1,0
208,0,0
208,2,0
208,3,0
208,4,0
208,5,0
99,1,0
99,0,21
99,2,0
99,3,0
99,4,0
99,5,0
357,1,0
357,0,8
357,2,0
357,3,0
357,4,0
357,5,0
974,1,42
974,0,50
974,2,21
974,3,7
974,4,47
974,5,26
434,1,7
434,0,152
434,2,13
434,3,1
434,4,23
434,5,3
205,1,0
205,0,0
205,2,0
205,3,0
205,4,0
205,5,0
669,1,0
669,0,53
669,2,0
669,3,0
669,4,0
669,5,0
341,1,8
341,0,443
341,2,6
341,3,2
341,4,26
341,5,19
650,1,91
650,0,1145
650,2,49
650,3,15
650,4,300
650,5,211
930,1,5
930,0,209
930,2,1
930,3,3
930,4,2
930,5,12
225,1,3
225,0,619
225,2,12
225,3,13
225,4,103
225,5,14
62,1,0
62,0,47
62,2,0
62,3,2
62,4,4
62,5,6
425,1,0
425,0,0
425,2,0
425,3,0
425,4,0
425,5,0
102,1,5
102,0,7
102,2,9
102,3,0
102,4,1
102,5,4
664,1,0
664,0,102
664,2,1
664,3,1
664,4,6
664,5,0
161,1,81
161,0,194
161,2,100
161,3,0
161,4,60
161,5,73
863,1,27
863,0,3588
863,2,64
863,3,35
863,4,269
863,5,51
712,1,3
712,0,204
712,2,6
712,3,1
712,4,4
712,5,3
324,1,6
324,0,778
324,2,1
324,3,1
324,4,4
324,5,0
199,1,0
199,0,200
199,2,0
199,3,0
199,4,0
199,5,0
95,1,4
95,0,233
95,2,7
95,3,3
95,4,5
95,5,1
578,1,1
578,0,144
578,2,1
578,3,0
578,4,4
578,5,2
28,1,46
28,0,2058
28,2,42
28,3,6
28,4,48
28,5,52
893,1,0
893,0,5
893,2,2
893,3,1
893,4,0
893,5,0
666,1,2
666,0,0
666,2,2
666,3,2
666,4,0
666,5,1
107,1,0
107,0,124
107,2,0
107,3,0
107,4,1
107,5,0
81,1,0
81,0,0
81,2,0
81,3,0
81,4,0
81,5,0
686,1,15
686,0,227
686,2,4
686,3,2
686,4,11
686,5,3
956,1,1
956,0,298
956,2,1
956,3,0
956,4,6
956,5,1
234,1,1
234,0,30
234,2,3
234,3,1
234,4,0
234,5,0
239,1,0
239,0,0
239,2,1
239,3,0
239,4,0
239,5,0
557,1,0
557,0,0
557,2,0
557,3,0
557,4,0
557,5,0
592,1,4
592,0,20
592,2,0
592,3,0
592,4,0
592,5,8
383,1,2
383,0,67
383,2,2
383,3,0
383,4,0
383,5,0
983,1,0
983,0,216
983,2,0
983,3,0
983,4,0
983,5,0
274,1,0
274,0,4
274,2,2
274,3,0
274,4,0
274,5,1
43,1,0
43,0,18
43,2,0
43,3,0
43,4,0
43,5,0
729,1,0
729,0,1
729,2,0
729,3,0
729,4,1
729,5,0
130,1,0
130,0,0
130,2,0
130,3,0
130,4,0
130,5,0
755,1,1
755,0,0
755,2,0
755,3,0
755,4,0
755,5,0
833,1,0
833,0,38
833,2,0
833,3,3
833,4,0
833,5,0
556,1,0
556,0,0
556,2,0
556,3,0
556,4,0
556,5,0
536,1,26
536,0,69
536,2,5
536,3,4
536,4,4
536,5,1
523,1,0
523,0,50
523,2,0
523,3,0
523,4,0
523,5,0
699,1,0
699,0,0
699,2,2
699,3,1
699,4,13
699,5,3
879,1,201
879,0,7306
879,2,360
879,3,31
879,4,368
879,5,294
862,1,0
862,0,1
862,2,0
862,3,0
862,4,0
862,5,0
162,1,2
162,0,88
162,2,5
162,3,3
162,4,11
162,5,6
628,1,0
628,0,342
628,2,0
628,3,0
628,4,1
628,5,0
697,1,104
697,0,878
697,2,37
697,3,24
697,4,95
697,5,156
843,1,6
843,0,367
843,2,6
843,3,5
843,4,9
843,5,15
442,1,42
442,0,235
442,2,92
442,3,4
442,4,129
442,5,109
884,1,2
884,0,93
884,2,7
884,3,3
884,4,10
884,5,12
78,1,4
78,0,35
78,2,7
78,3,1
78,4,2
78,5,0
944,1,0
944,0,354
944,2,21
944,3,4
944,4,5
944,5,8
680,1,0
680,0,11
680,2,0
680,3,0
680,4,0
680,5,0
731,1,0
731,0,50
731,2,0
731,3,0
731,4,0
731,5,0
844,1,6
844,0,185
844,2,4
844,3,3
844,4,3
844,5,4
824,1,7
824,0,114
824,2,7
824,3,10
824,4,3
824,5,10
564,1,0
564,0,1
564,2,0
564,3,0
564,4,0
564,5,0
943,1,5
943,0,151
943,2,3
943,3,8
943,4,4
943,5,4
872,1,2
872,0,98
872,2,3
872,3,0
872,4,2
872,5,5
184,1,0
184,0,5
184,2,2
184,3,1
184,4,9
184,5,8
783,1,0
783,0,59
783,2,0
783,3,0
783,4,0
783,5,0
705,1,9
705,0,61
705,2,1
705,3,2
705,4,1
705,5,1
715,1,0
715,0,2
715,2,0
715,3,0
715,4,0
715,5,0
897,1,1
897,0,53
897,2,0
897,3,0
897,4,9
897,5,0
794,1,4
794,0,326
794,2,6
794,3,4
794,4,8
794,5,3
463,1,42
463,0,281
463,2,14
463,3,3
463,4,69
463,5,12
494,1,0
494,0,159
494,2,2
494,3,4
494,4,5
494,5,5
507,1,6
507,0,6
507,2,1
507,3,8
507,4,6
507,5,1
66,1,0
66,0,0
66,2,0
66,3,0
66,4,0
66,5,0
301,1,4
301,0,32
301,2,5
301,3,2
301,4,15
301,5,4
479,1,3
479,0,179
479,2,3
479,3,0
479,4,0
479,5,2
633,1,5
633,0,330
633,2,13
633,3,0
633,4,3
633,5,1
683,1,15
683,0,25
683,2,7
683,3,5
683,4,26
683,5,15
845,1,5
845,0,161
845,2,2
845,3,2
845,4,5
845,5,6
687,1,0
687,0,120
687,2,0
687,3,0
687,4,0
687,5,0
343,1,0
343,0,39
343,2,1
343,3,0
343,4,2
343,5,0
386,1,0
386,0,1137
386,2,49
386,3,2
386,4,152
386,5,14
182,1,6
182,0,26
182,2,11
182,3,0
182,4,0
182,5,1
694,1,0
694,0,54
694,2,3
694,3,0
694,4,18
694,5,7
204,1,0
204,0,187
204,2,15
204,3,7
204,4,8
204,5,16
304,1,0
304,0,44
304,2,0
304,3,0
304,4,0
304,5,0
907,1,24
907,0,596
907,2,2
907,3,1
907,4,14
907,5,10
371,1,5
371,0,457
371,2,2
371,3,1
371,4,2
371,5,5
312,1,17
312,0,236
312,2,0
312,3,0
312,4,9
312,5,2
71,1,8
71,0,648
71,2,4
71,3,4
71,4,16
71,5,5
963,1,12
963,0,88
963,2,14
963,3,17
963,4,27
963,5,4
785,1,6
785,0,492
785,2,29
785,3,1
785,4,0
785,5,1
69,1,27
69,0,274
69,2,22
69,3,9
69,4,40
69,5,13
121,1,27
121,0,1815
121,2,3
121,3,5
121,4,5
121,5,3
625,1,6
625,0,213
625,2,13
625,3,7
625,4,2
625,5,10
582,1,1
582,0,81
582,2,11
582,3,1
582,4,17
582,5,0
445,1,15
445,0,417
445,2,44
445,3,2
445,4,6
445,5,6
115,1,5
115,0,58
115,2,12
115,3,2
115,4,11
115,5,8
429,1,86
429,0,2502
429,2,60
429,3,30
429,4,12
429,5,42
218,1,1
218,0,95
218,2,4
218,3,2
218,4,0
218,5,0
219,1,0
219,0,98
219,2,0
219,3,0
219,4,0
219,5,2
179,1,103
179,0,2217
179,2,253
179,3,29
179,4,1123
179,5,47
641,1,0
641,0,25
641,2,0
641,3,0
641,4,0
641,5,0
275,1,3
275,0,59
275,2,8
275,3,2
275,4,0
275,5,0
172,1,6
172,0,122
172,2,3
172,3,4
172,4,19
172,5,3
193,1,1
193,0,39
193,2,4
193,3,2
193,4,2
193,5,3
945,1,10
945,0,848
945,2,11
945,3,4
945,4,10
945,5,9
814,1,9
814,0,279
814,2,4
814,3,6
814,4,10
814,5,6
471,1,21
471,0,283
471,2,40
471,3,0
471,4,13
471,5,2
831,1,81
831,0,592
831,2,7
831,3,0
831,4,8
831,5,2
360,1,0
360,0,0
360,2,11
360,3,0
360,4,16
360,5,0
689,1,4
689,0,39
689,2,1
689,3,0
689,4,1
689,5,0
79,1,0
79,0,5
79,2,0
79,3,0
79,4,0
79,5,0
104,1,4
104,0,183
104,2,8
104,3,1
104,4,1
104,5,4
775,1,3
775,0,62
775,2,3
775,3,0
775,4,6
775,5,0
452,1,0
452,0,117
452,2,0
452,3,0
452,4,4
452,5,0
473,1,0
473,0,36
473,2,0
473,3,0
473,4,0
473,5,0
366,1,6
366,0,415
366,2,16
366,3,4
366,4,12
366,5,4
235,1,0
235,0,42
235,2,0
235,3,0
235,4,0
235,5,0
880,1,4
880,0,45
880,2,0
880,3,0
880,4,0
880,5,0
454,1,30
454,0,1990
454,2,15
454,3,7
454,4,7
454,5,21
620,1,0
620,0,46
620,2,0
620,3,4
620,4,4
620,5,3
984,1,102
984,0,1302
984,2,154
984,3,55
984,4,721
984,5,17
196,1,7
196,0,17
196,2,4
196,3,0
196,4,5
196,5,4
521,1,0
521,0,691
521,2,0
521,3,4
521,4,0
521,5,0
614,1,3
614,0,127
614,2,5
614,3,3
614,4,9
614,5,0
643,1,42
643,0,2466
643,2,12
643,3,21
643,4,21
643,5,7
586,1,0
586,0,83
586,2,7
586,3,3
586,4,3
586,5,8
112,1,6
112,0,968
112,2,9
112,3,6
112,4,29
112,5,7
458,1,7
458,0,155
458,2,2
458,3,2
458,4,20
458,5,8
29,1,0
29,0,38
29,2,0
29,3,0
29,4,2
29,5,0
3,1,2
3,0,2110
3,2,43
3,3,9
3,4,380
3,5,36
908,1,0
908,0,0
908,2,0
908,3,11
908,4,2
908,5,0
942,1,0
942,0,179
942,2,4
942,3,1
942,4,4
942,5,5
64,1,0
64,0,66
64,2,0
64,3,0
64,4,1
64,5,6
886,1,9
886,0,0
886,2,0
886,3,0
886,4,0
886,5,10
888,1,1
888,0,67
888,2,0
888,3,0
888,4,13
888,5,0
439,1,6
439,0,994
439,2,17
439,3,2
439,4,28
439,5,6
495,1,23
495,0,313
495,2,7
495,3,11
495,4,0
495,5,7
166,1,4
166,0,26
166,2,5
166,3,3
166,4,0
166,5,0
992,1,4
992,0,170
992,2,0
992,3,0
992,4,3
992,5,1
551,1,4
551,0,197
551,2,4
551,3,2
551,4,23
551,5,7
972,1,0
972,0,0
972,2,0
972,3,0
972,4,0
972,5,0
679,1,15
679,0,10
679,2,25
679,3,11
679,4,0
679,5,2
406,1,0
406,0,0
406,2,0
406,3,0
406,4,0
406,5,0
456,1,9
456,0,123
456,2,12
456,3,1
456,4,24
456,5,7
776,1,0
776,0,69
776,2,0
776,3,0
776,4,0
776,5,0
466,1,29
466,0,2088
466,2,15
466,3,9
466,4,81
466,5,18
846,1,196
846,0,957
846,2,56
846,3,14
846,4,61
846,5,34
336,1,1
336,0,555
336,2,53
336,3,7
336,4,36
336,5,14
242,1,0
242,0,10
242,2,0
242,3,0
242,4,8
242,5,0
124,1,0
124,0,15
124,2,3
124,3,6
124,4,14
124,5,17
520,1,0
520,0,39
520,2,0
520,3,0
520,4,7
520,5,4
60,1,0
60,0,43
60,2,0
60,3,0
60,4,0
60,5,0
13,1,0
13,0,85
13,2,9
13,3,12
13,4,12
13,5,1
169,1,7
169,0,117
169,2,11
169,3,3
169,4,19
169,5,0
486,1,0
486,0,26
486,2,0
486,3,0
486,4,0
486,5,0
229,1,6
229,0,168
229,2,5
229,3,3
229,4,0
229,5,0
316,1,0
316,0,218
316,2,0
316,3,2
316,4,0
316,5,1
559,1,0
559,0,97
559,2,0
559,3,0
559,4,0
559,5,0
804,1,0
804,0,24
804,2,0
804,3,0
804,4,0
804,5,0
528,1,0
528,0,92
528,2,0
528,3,0
528,4,0
528,5,0
419,1,5
419,0,944
419,2,2
419,3,9
419,4,11
419,5,0
573,1,4
573,0,333
573,2,0
573,3,0
573,4,11
573,5,5
979,1,1
979,0,2
979,2,3
979,3,0
979,4,0
979,5,0
377,1,1
377,0,114
377,2,9
377,3,1
377,4,7
377,5,4
732,1,0
732,0,0
732,2,0
732,3,0
732,4,0
732,5,0
828,1,0
828,0,68
828,2,0
828,3,0
828,4,0
828,5,0
851,1,0
851,0,0
851,2,0
851,3,0
851,4,2
851,5,0
444,1,0
444,0,866
444,2,0
444,3,1
444,4,0
444,5,0
270,1,0
270,0,0
270,2,0
270,3,0
270,4,0
270,5,0
381,1,6
381,0,9
381,2,9
381,3,0
381,4,13
381,5,6
978,1,0
978,0,218
978,2,11
978,3,7
978,4,29
978,5,24
514,1,3
514,0,4856
514,2,19
514,3,3
514,4,32
514,5,40
823,1,5
823,0,337
823,2,22
823,3,20
823,4,5
823,5,4
321,1,0
321,0,40
321,2,0
321,3,0
321,4,2
321,5,0
929,1,2
929,0,0
929,2,7
929,3,1
929,4,2
929,5,0
259,1,0
259,0,159
259,2,0
259,3,0
259,4,0
259,5,0
653,1,0
653,0,10
653,2,0
653,3,0
653,4,0
653,5,0
254,1,5
254,0,1013
254,2,57
254,3,1
254,4,24
254,5,3
952,1,28
952,0,849
952,2,10
952,3,13
952,4,16
952,5,15
335,1,0
335,0,25
335,2,1
335,3,1
335,4,4
335,5,3
33,1,3
33,0,334
33,2,7
33,3,0
33,4,11
33,5,9
860,1,12
860,0,770
860,2,7
860,3,5
860,4,18
860,5,5
44,1,0
44,0,127
44,2,7
44,3,2
44,4,2
44,5,13
635,1,7
635,0,164
635,2,5
635,3,0
635,4,5
635,5,4
903,1,2
903,0,123
903,2,2
903,3,1
903,4,6
903,5,2
230,1,4
230,0,268
230,2,3
230,3,1
230,4,4
230,5,2
977,1,16
977,0,93
977,2,9
977,3,11
977,4,8
977,5,14
364,1,0
364,0,120
364,2,2
364,3,4
364,4,2
364,5,2
534,1,33
534,0,1988
534,2,11
534,3,4
534,4,132
534,5,11
566,1,0
566,0,341
566,2,5
566,3,0
566,4,4
566,5,0
461,1,0
461,0,522
461,2,5
461,3,1
461,4,14
461,5,2
296,1,4
296,0,477
296,2,15
296,3,13
296,4,15
296,5,11
889,1,3
889,0,49
889,2,2
889,3,1
889,4,4
889,5,1
506,1,3
506,0,10
506,2,3
506,3,0
506,4,6
506,5,3
480,1,0
480,0,1450
480,2,0
480,3,0
480,4,0
480,5,0
220,1,5
220,0,4253
220,2,26
220,3,8
220,4,278
220,5,61
513,1,12
513,0,297
513,2,14
513,3,0
513,4,11
513,5,7
966,1,18
966,0,4313
966,2,51
966,3,6
966,4,768
966,5,20
648,1,1
648,0,38
648,2,3
648,3,0
648,4,2
648,5,0
387,1,0
387,0,58
387,2,0
387,3,0
387,4,0
387,5,0
221,1,0
221,0,15
221,2,0
221,3,0
221,4,1
221,5,3
760,1,0
760,0,85
760,2,0
760,3,0
760,4,24
760,5,0
782,1,0
782,0,25
782,2,1
782,3,1
782,4,2
782,5,1
68,1,0
68,0,4
68,2,0
68,3,0
68,4,0
68,5,0
284,1,10
284,0,577
284,2,6
284,3,5
284,4,7
284,5,10
613,1,0
613,0,277
613,2,2
613,3,3
613,4,6
613,5,7
266,1,0
266,0,380
266,2,0
266,3,0
266,4,0
266,5,0
784,1,2
784,0,75
784,2,2
784,3,10
784,4,8
784,5,2
940,1,5
940,0,1110
940,2,11
940,3,6
940,4,10
940,5,32
207,1,5
207,0,572
207,2,8
207,3,14
207,4,4
207,5,7
411,1,0
411,0,0
411,2,0
411,3,0
411,4,0
411,5,0
834,1,8
834,0,0
834,2,0
834,3,0
834,4,0
834,5,0
892,1,4
892,0,66
892,2,2
892,3,1
892,4,0
892,5,3
163,1,2
163,0,163
163,2,1
163,3,0
163,4,3
163,5,2
14,1,0
14,0,0
14,2,0
14,3,0
14,4,0
14,5,0
773,1,11
773,0,192
773,2,1
773,3,7
773,4,13
773,5,4
17,1,3
17,0,92
17,2,0
17,3,2
17,4,3
17,5,4
567,1,0
567,0,2432
567,2,10
567,3,2
567,4,220
567,5,20
546,1,0
546,0,1763
546,2,0
546,3,2
546,4,28
546,5,9
467,1,5
467,0,755
467,2,4
467,3,2
467,4,13
467,5,14
766,1,37
766,0,2975
766,2,211
766,3,10
766,4,38
766,5,13
676,1,24
676,0,3077
676,2,19
676,3,9
676,4,172
676,5,43
558,1,11
558,0,23
558,2,8
558,3,3
558,4,3
558,5,7
530,1,2
530,0,155
530,2,28
530,3,6
530,4,4
530,5,18
468,1,1
468,0,0
468,2,1
468,3,0
468,4,2
468,5,0
303,1,31
303,0,1045
303,2,6
303,3,8
303,4,93
303,5,11
932,1,39
932,0,3575
932,2,118
932,3,67
932,4,820
932,5,15
509,1,1
509,0,0
509,2,13
509,3,3
509,4,12
509,5,0
769,1,205
769,0,1473
769,2,116
769,3,36
769,4,391
769,5,210
738,1,38
738,0,2953
738,2,10
738,3,2
738,4,690
738,5,30
248,1,4
248,0,668
248,2,23
248,3,1
248,4,13
248,5,13
30,1,1
30,0,86
30,2,3
30,3,1
30,4,4
30,5,1
764,1,0
764,0,101
764,2,0
764,3,0
764,4,4
764,5,0
918,1,0
918,0,39
918,2,0
918,3,0
918,4,0
918,5,0
346,1,0
346,0,275
346,2,0
346,3,0
346,4,0
346,5,0
493,1,0
493,0,2052
493,2,0
493,3,0
493,4,783
493,5,93
605,1,22
605,0,0
605,2,73
605,3,0
605,4,0
605,5,0
583,1,0
583,0,0
583,2,0
583,3,0
583,4,0
583,5,0
685,1,459
685,0,7100
685,2,470
685,3,36
685,4,3455
685,5,451
612,1,318
612,0,5647
612,2,573
612,3,53
612,4,2106
612,5,676
591,1,4
591,0,495
591,2,15
591,3,3
591,4,4
591,5,0
141,1,17
141,0,464
141,2,20
141,3,6
141,4,18
141,5,7
356,1,0
356,0,548
356,2,0
356,3,0
356,4,0
356,5,0
617,1,11
617,0,1023
617,2,14
617,3,8
617,4,32
617,5,27
349,1,23
349,0,7919
349,2,26
349,3,18
349,4,2039
349,5,503
19,1,5
19,0,0
19,2,35
19,3,28
19,4,38
19,5,127
117,1,1
117,0,3
117,2,1
117,3,1
117,4,0
117,5,20
975,1,131
975,0,24
975,2,3
975,3,0
975,4,254
975,5,148
187,1,0
187,0,2017
187,2,12
187,3,1
187,4,18
187,5,10
372,1,12
372,0,1269
372,2,28
372,3,13
372,4,90
372,5,24
174,1,4
174,0,664
174,2,4
174,3,2
174,4,12
174,5,2
258,1,10
258,0,2113
258,2,9
258,3,1
258,4,496
258,5,4
241,1,2
241,0,144
241,2,3
241,3,0
241,4,3
241,5,3
175,1,0
175,0,622
175,2,20
175,3,0
175,4,5
175,5,13
959,1,5
959,0,171
959,2,1
959,3,0
959,4,3
959,5,0
813,1,2
813,0,421
813,2,1
813,3,4
813,4,9
813,5,5
753,1,2
753,0,93
753,2,3
753,3,6
753,4,6
753,5,5
491,1,586
491,0,23256
491,2,979
491,3,103
491,4,5329
491,5,900
535,1,375
535,0,17298
535,2,1156
535,3,86
535,4,3578
535,5,902
306,1,64
306,0,3741
306,2,204
306,3,22
306,4,1759
306,5,479
353,1,0
353,0,353
353,2,5
353,3,13
353,4,19
353,5,2
286,1,15
286,0,974
286,2,8
286,3,6
286,4,10
286,5,21
801,1,23
801,0,1282
801,2,7
801,3,1
801,4,386
801,5,19
249,1,16
249,0,587
249,2,39
249,3,10
249,4,543
249,5,2
718,1,1
718,0,2
718,2,7
718,3,5
718,4,2
718,5,5
799,1,10
799,0,372
799,2,4
799,3,6
799,4,32
799,5,18
817,1,22
817,0,599
817,2,2
817,3,2
817,4,27
817,5,13
781,1,0
781,0,0
781,2,0
781,3,1
781,4,0
781,5,0
973,1,3
973,0,154
973,2,1
973,3,3
973,4,4
973,5,0
706,1,7
706,0,382
706,2,0
706,3,3
706,4,17
706,5,8
562,1,0
562,0,70
562,2,0
562,3,0
562,4,0
562,5,0
858,1,0
858,0,1
858,2,18
858,3,8
858,4,5
858,5,4
920,1,3
920,0,21
920,2,4
920,3,0
920,4,0
920,5,2
797,1,0
797,0,723
797,2,8
797,3,0
797,4,408
797,5,50
476,1,10
476,0,358
476,2,0
476,3,3
476,4,8
476,5,0
654,1,3
654,0,101
654,2,2
654,3,6
654,4,5
654,5,3
652,1,3
652,0,47
652,2,2
652,3,2
652,4,4
652,5,2
651,1,8
651,0,107
651,2,8
651,3,3
651,4,0
651,5,2
545,1,6
545,0,154
545,2,6
545,3,11
545,4,7
545,5,11
156,1,11
156,0,33
156,2,16
156,3,12
156,4,13
156,5,6
825,1,8
825,0,429
825,2,8
825,3,7
825,4,4
825,5,5
902,1,7
902,0,3180
902,2,8
902,3,16
902,4,6
902,5,13
410,1,1
410,0,0
410,2,0
410,3,0
410,4,0
410,5,0
252,1,10
252,0,198
252,2,8
252,3,3
252,4,4
252,5,4
627,1,55
627,0,2327
627,2,6
627,3,7
627,4,243
627,5,26
264,1,1966
264,0,4374
264,2,472
264,3,41
264,4,934
264,5,123
750,1,4
750,0,342
750,2,13
750,3,1
750,4,12
750,5,4
483,1,5
483,0,50
483,2,8
483,3,2
483,4,5
483,5,4
32,1,1
32,0,467
32,2,1
32,3,4
32,4,14
32,5,5
328,1,0
328,0,49
328,2,1
328,3,0
328,4,0
328,5,0
57,1,0
57,0,122
57,2,1
57,3,2
57,4,6
57,5,1
883,1,1
883,0,130
883,2,3
883,3,2
883,4,13
883,5,9
438,1,5
438,0,157
438,2,8
438,3,0
438,4,12
438,5,7
735,1,0
735,0,157
735,2,19
735,3,0
735,4,0
735,5,0
