item_sku_id,mean_stock,mean_sale,total_days,onsale_days,TD,CR
169438,141.25,4.81034482759,116,116.0,29.3576962495,1.0
182911,15.0086206897,1.01724137931,116,102.0,14.739747367,0.879310344828
205944,9.71551724138,0.51724137931,116,116.0,18.7470889613,1.0
222477,31.8534482759,0.534482758621,116,113.0,59.4854787816,0.974137931034
222478,21.1034482759,1.05172413793,116,95.0,20.0465131514,0.818965517241
222483,27.525862069,1.45689655172,116,104.0,18.880531706,0.896551724138
313679,55.3275862069,2.00862068966,116,116.0,27.531357779,1.0
340963,40.9137931034,1.76724137931,116,108.0,23.1381267185,0.931034482759
340964,55.3189655172,4.69827586207,116,105.0,11.7718063678,0.905172413793
517480,114.663793103,2.76724137931,116,116.0,41.4211686742,1.0
563078,6.86206896552,0.327586206897,116,90.0,20.883618428,0.775862068966
589035,3.5775862069,0.758620689655,116,56.0,4.70970084888,0.48275862069
606422,0.0,0.0,116,0.0,0.0,0.0
606424,0.0,0.0,116,0.0,0.0,0.0
606426,0.0,0.0,116,0.0,0.0,0.0
606428,0.0,0.0,116,0.0,0.0,0.0
606475,4.37068965517,0.0258620689655,116,68.0,162.70860077,0.586206896552
699414,42.1982758621,1.03448275862,116,116.0,40.752272803,1.0
717709,2.04310344828,0.112068965517,116,98.0,18.0695333943,0.844827586207
742281,2.1724137931,0.112068965517,116,64.0,19.2131747484,0.551724137931
742313,16.2931034483,0.637931034483,116,77.0,25.5005666793,0.663793103448
747464,25.775862069,1.40517241379,116,111.0,18.3305132544,0.956896551724
747468,841.5,23.0689655172,116,116.0,36.4759973036,1.0
773053,5.99137931034,0.327586206897,116,67.0,18.2338125721,0.577586206897
773074,2.16379310345,0.275862068966,116,74.0,7.81541910574,0.637931034483
773075,5.68965517241,0.568965517241,116,64.0,9.98245507895,0.551724137931
779778,8.33620689655,0.241379310345,116,110.0,34.3932280552,0.948275862069
796166,15.5431034483,0.318965517241,116,110.0,48.577432913,0.948275862069
796169,48.0431034483,0.26724137931,116,79.0,179.103997943,0.681034482759
796173,113.931034483,0.637931034483,116,116.0,178.315073668,1.0
796175,35.724137931,0.25,116,116.0,142.327242753,1.0
818869,10.724137931,0.422413793103,116,111.0,25.3277954231,0.956896551724
831717,10.8879310345,0.931034482759,116,50.0,11.6818972215,0.431034482759
831736,6.65517241379,0.112068965517,116,116.0,58.8594083562,1.0
842514,29.724137931,0.0344827586207,116,116.0,837.706511176,1.0
847852,15.0862068966,0.698275862069,116,114.0,21.5740421125,0.98275862069
872746,17.6637931034,0.0172413793103,116,72.0,968.336483932,0.620689655172
874826,1.54310344828,0.103448275862,116,51.0,14.7738527567,0.439655172414
874828,5.45689655172,0.129310344828,116,77.0,41.8761577137,0.663793103448
874835,1.05172413793,0.112068965517,116,32.0,9.30161634645,0.275862068966
876997,2.70689655172,0.0775862068966,116,80.0,34.4449319877,0.689655172414
877000,11.1551724138,0.568965517241,116,79.0,19.5716619275,0.681034482759
877017,2.68965517241,0.206896551724,116,69.0,12.9374689003,0.594827586207
877053,2.54310344828,0.0948275862069,116,66.0,26.5383231378,0.568965517241
888199,0.0,0.0,116,0.0,0.0,0.0
896109,130.5,4.13793103448,116,116.0,31.5298802789,1.0
949309,6.93103448276,0.258620689655,116,83.0,26.6967724797,0.715517241379
949542,17.0775862069,0.215517241379,116,105.0,78.8740245262,0.905172413793
949548,12.7672413793,0.172413793103,116,116.0,73.6229866773,1.0
949604,0.801724137931,0.0775862068966,116,41.0,10.2018429136,0.353448275862
951072,175.422413793,5.61206896552,116,116.0,31.252495715,1.0
951073,180.112068966,6.65517241379,116,111.0,27.0594055815,0.956896551724
951074,134.215517241,2.53448275862,116,116.0,52.9348964354,1.0
951076,99.6896551724,0.474137931034,116,116.0,209.812032804,1.0
951077,22.7844827586,1.05172413793,116,116.0,21.6433554981,1.0
998166,36.5172413793,0.853448275862,116,116.0,42.7378021712,1.0
998192,64.3965517241,0.603448275862,116,116.0,106.537737464,1.0
1002144,2.56896551724,0.189655172414,116,92.0,13.4744076687,0.793103448276
1002148,16.275862069,0.810344827586,116,106.0,20.0603510561,0.913793103448
1003031,39.7155172414,1.0,116,109.0,39.6758414,0.939655172414
1003033,2.75862068966,0.215517241379,116,90.0,12.7408823061,0.775862068966
1006759,187.439655172,6.8275862069,116,116.0,27.4492624818,1.0
1023247,176.034482759,4.68103448276,116,116.0,37.5978612304,1.0
1028779,13.6810344828,0.293103448276,116,106.0,46.5177629265,0.913793103448
1035015,75.3103448276,0.0,116,26.0,75310.3448276,0.224137931034
1039456,50.3879310345,1.02586206897,116,89.0,49.0698142987,0.76724137931
1042550,0.646551724138,0.0258620689655,116,37.0,24.0693196406,0.318965517241
1042561,3.14655172414,0.137931034483,116,75.0,22.6482998263,0.646551724138
1068578,139.155172414,3.43103448276,116,116.0,40.5459715259,1.0
1068586,50.2068965517,1.93965517241,116,116.0,25.8711064518,1.0
1072920,55.8275862069,1.44827586207,116,116.0,38.5210211996,1.0
1072928,59.6120689655,1.61206896552,116,115.0,36.9556852434,0.991379310345
1072948,78.4224137931,0.491379310345,116,116.0,159.272358008,1.0
1072951,31.1637931034,2.12931034483,116,110.0,14.6287573447,0.948275862069
1072952,161.49137931,7.15517241379,116,116.0,22.5667256143,1.0
1072953,64.6293103448,3.87931034483,116,116.0,16.655706529,1.0
1072954,14.4482758621,0.551724137931,116,92.0,26.1401210306,0.793103448276
1072955,13.4913793103,0.26724137931,116,110.0,50.2956678236,0.948275862069
1072958,12.6379310345,0.051724137931,116,116.0,239.699149771,1.0
1072962,12.4396551724,0.0603448275862,116,116.0,202.782462057,1.0
1072963,7.56034482759,0.241379310345,116,101.0,31.1922037274,0.870689655172
1072965,2.73275862069,0.310344827586,116,73.0,8.7772732307,0.629310344828
1076888,81.7068965517,2.83620689655,116,116.0,28.7983568104,1.0
1076889,55.6120689655,2.22413793103,116,114.0,24.9926389685,0.98275862069
1076892,214.74137931,5.88793103448,116,116.0,36.4652562669,1.0
1076894,6.26724137931,0.103448275862,116,86.0,60.0033014196,0.741379310345
1076895,19.275862069,0.120689655172,116,116.0,158.401813545,1.0
1076897,10.0775862069,0.189655172414,116,90.0,52.8576596129,0.775862068966
1076900,11.724137931,0.413793103448,116,116.0,28.2650261867,1.0
1076902,3.37931034483,0.112068965517,116,95.0,29.8871607197,0.818965517241
1076903,1.85344827586,0.0689655172414,116,65.0,26.490882208,0.560344827586
1076907,0.206896551724,0.00862068965517,116,8.0,21.5053763441,0.0689655172414
1076908,0.991379310345,0.137931034483,116,33.0,7.13576569868,0.284482758621
1076910,1.39655172414,0.112068965517,116,68.0,12.351326624,0.586206896552
1076912,48.8448275862,0.646551724138,116,116.0,75.4300015975,1.0
1076913,67.8448275862,2.19827586207,116,116.0,30.8487119585,1.0
1076916,59.0086206897,0.663793103448,116,116.0,88.7623839411,1.0
1076917,13.8965517241,0.293103448276,116,116.0,47.2505569234,1.0
1076920,8.68965517241,0.155172413793,116,96.0,55.6414219474,0.827586206897
1076924,55.6465517241,0.310344827586,116,116.0,178.729648909,1.0
1076925,20.3879310345,0.655172413793,116,103.0,31.0709968995,0.887931034483
1076927,57.8965517241,0.956896551724,116,116.0,60.441340581,1.0
1076935,7.39655172414,0.0862068965517,116,116.0,84.8161328588,1.0
1076936,18.3706896552,0.163793103448,116,116.0,111.477296506,1.0
1076937,14.775862069,0.224137931034,116,109.0,65.6302649717,0.939655172414
1076938,146.0,1.01724137931,116,116.0,143.384469505,1.0
1076939,34.4051724138,1.11206896552,116,101.0,30.9101892872,0.870689655172
1076941,11.3620689655,0.241379310345,116,116.0,46.8772229336,1.0
1076943,179.767241379,2.35344827586,116,116.0,76.3521727032,1.0
1081219,18.5948275862,0.198275862069,116,109.0,93.3119916941,0.939655172414
1081224,3.94827586207,0.413793103448,116,75.0,9.51866323053,0.646551724138
1082844,4.90517241379,0.137931034483,116,81.0,35.3065276744,0.698275862069
1082850,6.31034482759,0.241379310345,116,66.0,26.034997866,0.568965517241
1082858,5.58620689655,0.5,116,77.0,11.150113566,0.663793103448
1082915,153.405172414,6.18965517241,116,115.0,24.7801190894,0.991379310345
1082917,82.6206896552,2.95689655172,116,116.0,27.9322444887,1.0
1086208,10.2413793103,0.215517241379,116,108.0,47.3005255614,0.931034482759
1095986,42.3620689655,0.353448275862,116,99.0,119.515517074,0.853448275862
1096076,48.4224137931,0.689655172414,116,116.0,70.110839283,1.0
1100240,295.060344828,7.75862068966,116,116.0,38.0250989872,1.0
1101841,19.8879310345,0.887931034483,116,99.0,22.3728616316,0.853448275862
1103025,153.965517241,3.56896551724,116,116.0,43.128012441,1.0
1114015,15.0,1.08620689655,116,56.0,13.7968219734,0.48275862069
1114017,6.56034482759,0.206896551724,116,116.0,31.5558135678,1.0
1114020,6.59482758621,0.76724137931,116,46.0,8.58431706989,0.396551724138
1114021,5.9224137931,0.301724137931,116,25.0,19.5637316323,0.215517241379
1114022,7.45689655172,0.379310344828,116,54.0,19.6073986762,0.465517241379
1114023,17.5517241379,1.1724137931,116,84.0,14.9578300861,0.724137931034
1114024,54.6206896552,1.75862068966,116,116.0,31.0411726665,1.0
1114025,48.025862069,0.870689655172,116,106.0,55.0951382571,0.913793103448
1114026,107.810344828,0.48275862069,116,116.0,222.859790434,1.0
1114027,34.2413793103,1.41379310345,116,103.0,24.202393429,0.887931034483
1114028,48.7327586207,1.58620689655,116,108.0,30.7034695518,0.931034482759
1115242,5.98275862069,0.336206896552,116,106.0,17.7421004193,0.913793103448
1119059,1.25,0.0775862068966,116,116.0,15.9060991663,1.0
1129807,25.6293103448,0.0258620689655,116,116.0,954.107830552,1.0
1129816,11.6724137931,0.551724137931,116,102.0,21.1179736727,0.879310344828
1129817,46.6637931034,0.051724137931,116,116.0,885.05559189,1.0
1129818,3.9224137931,0.0689655172414,116,96.0,56.0620995564,0.827586206897
1129820,19.3965517241,0.146551724138,116,116.0,131.455947651,1.0
1129825,7.0,0.26724137931,116,105.0,26.0958992158,0.905172413793
1146420,0.0,0.0,116,0.0,0.0,0.0
1146423,0.0,0.0,116,0.0,0.0,0.0
1146424,0.568965517241,0.0431034482759,116,22.0,12.9007036747,0.189655172414
1146425,0.0,0.0,116,0.0,0.0,0.0
1146426,0.0,0.0,116,0.0,0.0,0.0
1146427,0.0775862068966,0.0,116,9.0,77.5862068966,0.0775862068966
1146428,0.23275862069,0.0,116,9.0,232.75862069,0.0775862068966
1146429,0.0,0.0,116,0.0,0.0,0.0
1146430,0.905172413793,0.0775862068966,116,46.0,11.5182097411,0.396551724138
1146431,0.0,0.0,116,0.0,0.0,0.0
1146432,0.0,0.0,116,0.0,0.0,0.0
1146434,0.301724137931,0.0,116,35.0,301.724137931,0.301724137931
1146435,0.0,0.0,116,0.0,0.0,0.0
1146437,2.01724137931,0.0344827586207,116,67.0,56.8513119534,0.577586206897
1146438,0.0,0.0,116,0.0,0.0,0.0
1146440,0.0,0.0,116,0.0,0.0,0.0
1146441,0.0,0.0,116,0.0,0.0,0.0
1146442,0.129310344828,0.00862068965517,116,13.0,13.4408602151,0.112068965517
1146448,1.31034482759,0.0862068965517,116,46.0,15.0257018584,0.396551724138
1162474,54.9482758621,1.0,116,101.0,54.8933824796,0.870689655172
1162475,63.474137931,0.793103448276,116,116.0,79.9318250901,1.0
1162497,0.310344827586,0.0,116,9.0,310.344827586,0.0775862068966
1165234,7.83620689655,0.0775862068966,116,111.0,99.7147871874,0.956896551724
1165238,6.43965517241,0.112068965517,116,111.0,56.9533394328,0.956896551724
1165253,6.41379310345,0.112068965517,116,111.0,56.7246111619,0.956896551724
1165284,4.21551724138,0.051724137931,116,116.0,79.9542184434,1.0
1165294,2.55172413793,0.0948275862069,116,110.0,26.6282835552,0.948275862069
1177471,611.525862069,18.3965517241,116,116.0,33.2395239996,1.0
1189280,65.2068965517,1.12068965517,116,116.0,58.1327430908,1.0
1192676,12.525862069,0.387931034483,116,110.0,32.2058693147,0.948275862069
1192677,45.2155172414,1.43965517241,116,96.0,31.385385002,0.827586206897
1194305,21.8879310345,1.8275862069,116,79.0,11.9698655453,0.681034482759
1200024,7.06896551724,0.0344827586207,116,111.0,199.222546161,0.956896551724
1200025,1.62931034483,0.112068965517,116,77.0,14.4098810613,0.663793103448
1200032,1.10344827586,0.051724137931,116,34.0,20.9287115762,0.293103448276
1200034,6.71551724138,0.0431034482759,116,111.0,152.267396403,0.956896551724
1200036,3.11206896552,0.0948275862069,116,83.0,32.4757106873,0.715517241379
1200042,7.48275862069,0.0603448275862,116,111.0,121.978639685,0.956896551724
1200144,145.956896552,3.19827586207,116,116.0,45.6218540834,1.0
1200149,338.939655172,3.21551724138,116,116.0,105.374736007,1.0
1208733,56.6034482759,3.74137931034,116,99.0,15.1249896341,0.853448275862
1208738,15.2327586207,0.51724137931,116,94.0,29.3931731985,0.810344827586
1208739,34.9913793103,6.18965517241,116,90.0,5.65229015925,0.775862068966
1208743,19.3017241379,1.70689655172,116,87.0,11.3014597509,0.75
1208745,99.6465517241,3.68103448276,116,111.0,27.0629056275,0.956896551724
1208746,39.7327586207,5.93103448276,116,80.0,6.69799859326,0.689655172414
1208747,94.3706896552,5.38793103448,116,96.0,17.5119497821,0.827586206897
1216104,5.62068965517,0.155172413793,116,102.0,35.9902848311,0.879310344828
1216109,1.38793103448,0.336206896552,116,51.0,4.11596277738,0.439655172414
1216111,1.98275862069,0.155172413793,116,73.0,12.6959593729,0.629310344828
1216112,4.76724137931,0.491379310345,116,84.0,9.68205056376,0.724137931034
1216117,29.974137931,1.52586206897,116,116.0,19.63120215,1.0
1216118,5.33620689655,0.189655172414,116,93.0,27.988786399,0.801724137931
1216119,19.6293103448,0.801724137931,116,112.0,24.4533699901,0.965517241379
1216120,1.70689655172,0.0948275862069,116,38.0,17.8121626484,0.327586206897
1216128,8.41379310345,0.284482758621,116,100.0,29.4721584732,0.862068965517
1216129,78.9568965517,2.95689655172,116,107.0,26.6935963348,0.922413793103
1216221,4.18103448276,0.120689655172,116,90.0,34.3581751204,0.775862068966
1216223,24.3534482759,0.431034482759,116,60.0,56.3692234017,0.51724137931
1216226,5.6724137931,0.603448275862,116,54.0,9.38444862799,0.465517241379
1216259,3.84482758621,0.224137931034,116,86.0,17.0776535457,0.741379310345
1216262,6.81034482759,0.456896551724,116,104.0,14.8731079148,0.896551724138
1219968,31.3103448276,0.965517241379,116,116.0,32.3950194441,1.0
1219969,124.594827586,3.24137931034,116,116.0,38.4269746568,1.0
1227352,8.66379310345,0.137931034483,116,116.0,62.3603871929,1.0
1227353,16.7327586207,0.0689655172414,116,116.0,239.157220306,1.0
1227488,0.103448275862,0.00862068965517,116,12.0,10.752688172,0.103448275862
1229426,47.1810344828,0.551724137931,116,116.0,85.3609083536,1.0
1236193,12.9655172414,0.491379310345,116,106.0,26.3323762168,0.913793103448
1238575,2.24137931034,0.103448275862,116,76.0,21.4592274678,0.655172413793
1238577,0.879310344828,0.0775862068966,116,35.0,11.1891180342,0.301724137931
1260329,2.13793103448,0.0862068965517,116,59.0,24.5156188217,0.508620689655
1260337,8.68965517241,0.0,116,84.0,8689.65517241,0.724137931034
1260341,7.99137931034,0.224137931034,116,68.0,35.495481697,0.586206896552
1260343,2.56034482759,0.0,116,33.0,2560.34482759,0.284482758621
1260344,15.4655172414,0.146551724138,116,89.0,104.814208927,0.76724137931
1260352,8.38793103448,0.0603448275862,116,116.0,136.734120292,1.0
1260353,13.2586206897,0.137931034483,116,70.0,95.4331099528,0.603448275862
1260403,12.3448275862,0.284482758621,116,70.0,43.2419374321,0.603448275862
1260692,11.9137931034,0.284482758621,116,116.0,41.732093248,1.0
1260693,21.1379310345,1.18965517241,116,110.0,17.7531929682,0.948275862069
1260694,16.2413793103,0.0603448275862,116,116.0,264.755480607,1.0
1265889,10.3189655172,0.215517241379,116,114.0,47.6588628763,0.98275862069
1265893,11.6465517241,0.0948275862069,116,116.0,121.536523929,1.0
1265901,3.76724137931,0.051724137931,116,106.0,71.4519293656,0.913793103448
1265904,92.1120689655,0.431034482759,116,116.0,213.205363557,1.0
1269373,0.301724137931,0.0344827586207,116,17.0,8.50340136054,0.146551724138
1269380,22.9482758621,0.0603448275862,116,116.0,374.086565486,1.0
1269381,60.9051724138,0.0948275862069,116,116.0,635.570349046,1.0
1269386,4.96551724138,0.0862068965517,116,107.0,56.9395017794,0.922413793103
1270444,6.09482758621,0.862068965517,116,40.0,7.06180830237,0.344827586207
1275669,162.034482759,7.13793103448,116,116.0,22.6973032764,1.0
1280418,2.99137931034,0.23275862069,116,42.0,12.7968726951,0.362068965517
1280429,1.16379310345,0.155172413793,116,23.0,7.45197615368,0.198275862069
1283058,10.25,0.663793103448,116,98.0,15.4183308263,0.844827586207
1283083,6.73275862069,0.120689655172,116,116.0,55.3272881836,1.0
1290783,2.68965517241,0.0344827586207,116,85.0,75.8017492711,0.73275862069
1292174,13.25,0.241379310345,116,116.0,54.6663821312,1.0
1292175,12.1206896552,0.51724137931,116,116.0,23.3881163085,1.0
1292178,7.37068965517,0.163793103448,116,111.0,44.7269303202,0.956896551724
1292185,6.90517241379,0.275862068966,116,91.0,24.940839457,0.784482758621
1292188,8.93965517241,0.353448275862,116,99.0,25.2213250316,0.853448275862
1292189,2.53448275862,0.0948275862069,116,116.0,26.4483627204,1.0
1292290,4.30172413793,0.534482758621,116,29.0,8.03335694507,0.25
1292294,2.97413793103,0.25,116,28.0,11.8491551037,0.241379310345
1292295,35.0689655172,0.206896551724,116,116.0,168.684690662,1.0
1292298,0.0,0.0,116,0.0,0.0,0.0
1292301,5.33620689655,0.568965517241,116,33.0,9.3623328695,0.284482758621
1296854,147.387931034,4.56034482759,116,116.0,32.3123851859,1.0
1296855,4.24137931034,0.603448275862,116,58.0,7.01694335102,0.5
1296858,0.0,0.0,116,0.0,0.0,0.0
1297915,26.4827586207,1.64655172414,116,116.0,16.0740074091,1.0
1300306,7.75862068966,0.568965517241,116,105.0,13.612438744,0.905172413793
1302414,0.0,0.0,116,0.0,0.0,0.0
1302415,0.0,0.0,116,0.0,0.0,0.0
1302420,5.46551724138,0.0258620689655,116,116.0,203.465982028,1.0
1302421,5.59482758621,0.163793103448,116,111.0,33.950617284,0.956896551724
1302422,3.71551724138,0.0775862068966,116,92.0,47.2795085564,0.793103448276
1302423,0.0,0.0,116,0.0,0.0,0.0
1302424,3.71551724138,0.112068965517,116,92.0,32.8606282403,0.793103448276
1302426,6.47413793103,0.0775862068966,116,116.0,82.3826239579,1.0
1302427,0.0,0.0,116,0.0,0.0,0.0
1302431,2.53448275862,0.0431034482759,116,113.0,57.4667709148,0.974137931034
1302432,0.0,0.0,116,0.0,0.0,0.0
1302433,0.870689655172,0.051724137931,116,55.0,16.5140614781,0.474137931034
1306975,0.0,0.0,116,0.0,0.0,0.0
1307073,0.456896551724,0.0172413793103,116,28.0,25.0472589792,0.241379310345
1307075,7.80172413793,0.224137931034,116,65.0,34.6530862307,0.560344827586
1307080,1.18103448276,0.0344827586207,116,48.0,33.2847424684,0.413793103448
1307129,8.20689655172,0.543103448276,116,94.0,15.0833386146,0.810344827586
1307187,3.90517241379,0.146551724138,116,67.0,26.4664641271,0.577586206897
1309241,1.0775862069,0.112068965517,116,55.0,9.53034461726,0.474137931034
1309249,1.8275862069,0.0689655172414,116,92.0,26.1212419911,0.793103448276
1309250,2.38793103448,0.0258620689655,116,115.0,88.8960205392,0.991379310345
1310297,0.456896551724,0.0431034482759,116,28.0,10.3596559812,0.241379310345
1310298,9.89655172414,0.73275862069,116,44.0,13.4874759152,0.379310344828
1310301,24.2068965517,1.06034482759,116,103.0,22.8077585367,0.887931034483
1310323,6.1724137931,0.431034482759,116,81.0,14.2868544976,0.698275862069
1313247,11.25,0.241379310345,116,116.0,46.4148527529,1.0
1321918,25.6034482759,0.534482758621,116,116.0,47.8137677893,1.0
1321934,1.43965517241,0.137931034483,116,34.0,10.3623727972,0.293103448276
1321937,16.0086206897,0.629310344828,116,70.0,25.3979977023,0.603448275862
1324044,59.3965517241,1.61206896552,116,116.0,36.822078283,1.0
1324056,9.63793103448,0.137931034483,116,116.0,69.3720526185,1.0
1324057,8.19827586207,0.112068965517,116,103.0,72.5068618481,0.887931034483
1335085,26.6465517241,0.370689655172,116,116.0,71.6903237777,1.0
1335091,18.2931034483,0.172413793103,116,116.0,105.488168622,1.0
1346593,101.655172414,2.88793103448,116,116.0,35.1878155624,1.0
1346974,12.974137931,1.12068965517,116,59.0,11.5666021089,0.508620689655
1350813,24.4913793103,1.62068965517,116,86.0,15.1023836356,0.741379310345
1354389,7.6724137931,0.370689655172,116,99.0,20.6419890528,0.853448275862
1356211,17.5,0.586206896552,116,78.0,29.8021022961,0.672413793103
1356230,3.03448275862,0.258620689655,116,59.0,11.6881391951,0.508620689655
1356245,2.90517241379,0.198275862069,116,72.0,14.5786468247,0.620689655172
1356253,3.47413793103,0.422413793103,116,88.0,8.20506555908,0.758620689655
1356254,25.5517241379,1.12931034483,116,98.0,22.6059367278,0.844827586207
1356257,100.534482759,4.76724137931,116,116.0,21.0841848726,1.0
1356259,5.31896551724,0.23275862069,116,109.0,22.7540935241,0.939655172414
1356260,1.69827586207,0.137931034483,116,53.0,12.2238768925,0.456896551724
1356272,5.58620689655,0.23275862069,116,94.0,23.8973299897,0.810344827586
1356273,6.8275862069,0.629310344828,116,77.0,10.8321024126,0.663793103448
1356278,3.69827586207,0.353448275862,116,36.0,10.4338943477,0.310344827586
1356280,12.6724137931,0.629310344828,116,104.0,20.1050385688,0.896551724138
1356288,6.53448275862,0.275862068966,116,65.0,23.6019429568,0.560344827586
1356293,4.49137931034,0.23275862069,116,81.0,19.2137483405,0.698275862069
1356296,0.913793103448,0.146551724138,116,29.0,6.19303575602,0.25
1359121,29.525862069,0.155172413793,116,71.0,189.05939501,0.612068965517
1359127,85.9655172414,0.336206896552,116,116.0,254.934042336,1.0
1359128,1.11206896552,0.189655172414,116,30.0,5.832881172,0.258620689655
1382619,13.25,0.129310344828,116,116.0,101.680338714,1.0
1382693,0.0,0.0,116,0.0,0.0,0.0
1382714,12.8534482759,1.25,116,30.0,10.2745389895,0.258620689655
1382723,5.73275862069,0.577586206897,116,38.0,9.90821860659,0.327586206897
1382796,211.448275862,6.69827586207,116,116.0,31.562855481,1.0
1382798,5.34482758621,0.491379310345,116,79.0,10.8551018979,0.681034482759
1383428,12.525862069,0.215517241379,116,102.0,57.8515687211,0.879310344828
1383441,10.8017241379,0.215517241379,116,108.0,49.8885172798,0.931034482759
1417525,25.025862069,0.137931034483,116,116.0,180.131546289,1.0
1417539,1.01724137931,0.224137931034,116,16.0,4.51830295604,0.137931034483
1417574,1.6724137931,0.181034482759,116,42.0,9.18734608827,0.362068965517
1417581,29.9913793103,2.35344827586,116,100.0,12.7381771848,0.862068965517
1417699,14.6810344828,0.818965517241,116,109.0,17.9044535094,0.939655172414
1417895,0.0,0.0,116,0.0,0.0,0.0
1435934,9.01724137931,0.525862068966,116,61.0,17.1149944368,0.525862068966
1435940,10.6896551724,0.534482758621,116,112.0,19.9626505248,0.965517241379
1435952,2.83620689655,0.353448275862,116,71.0,8.00175114311,0.612068965517
1435962,11.6637931034,0.586206896552,116,99.0,19.8631745845,0.853448275862
1464957,29.9310344828,0.327586206897,116,116.0,91.0903557561,1.0
1464963,23.3448275862,0.310344827586,116,104.0,74.9806180086,0.896551724138
1464964,13.525862069,0.26724137931,116,113.0,50.4242190513,0.974137931034
1517513,12.2844827586,0.198275862069,116,105.0,61.6456134279,0.905172413793
1517782,0.0,0.0,116,0.0,0.0,0.0
1518922,13.0,0.0258620689655,116,116.0,483.953786906,1.0
1529810,11.9137931034,1.03448275862,116,86.0,11.5055446402,0.741379310345
1529818,4.75862068966,0.629310344828,116,71.0,7.54964713606,0.612068965517
1529821,10.3275862069,0.974137931034,116,71.0,10.5908978394,0.612068965517
1529826,17.0775862069,1.24137931034,116,44.0,13.7458713814,0.379310344828
1540268,10.0775862069,0.224137931034,116,89.0,44.7618318272,0.76724137931
1540271,14.6293103448,0.120689655172,116,89.0,120.218192122,0.76724137931
1540541,5.39655172414,0.0172413793103,116,88.0,295.84120983,0.758620689655
1541753,15.0603448276,0.293103448276,116,100.0,51.207644507,0.862068965517
1541757,27.7413793103,0.25,116,116.0,110.523423547,1.0
1547196,9.15517241379,0.146551724138,116,116.0,62.0472072914,1.0
1547197,8.10344827586,0.0603448275862,116,116.0,132.09668353,1.0
1547865,22.3017241379,0.146551724138,116,116.0,151.145127366,1.0
1547870,6.08620689655,0.310344827586,116,106.0,19.5481227157,0.913793103448
1547875,93.7068965517,3.00862068966,116,116.0,31.1357829489,1.0
1547877,4.45689655172,0.112068965517,116,110.0,39.417505337,0.948275862069
1547884,6.36206896552,0.258620689655,116,116.0,24.5052463807,1.0
1547886,19.0344827586,0.612068965517,116,116.0,31.0478654592,1.0
1547888,19.8793103448,0.206896551724,116,116.0,95.6211643722,1.0
1547889,16.5,0.26724137931,116,110.0,61.5117624373,0.948275862069
1547892,78.6120689655,0.396551724138,116,116.0,197.740480527,1.0
1550167,0.0,0.0258620689655,116,0.0,0.0,0.0
1550179,0.387931034483,0.0172413793103,116,3.0,21.2665406427,0.0258620689655
1565250,305.034482759,8.99137931034,116,116.0,33.921443061,1.0
1565264,31.1551724138,1.1724137931,116,116.0,26.5508830703,1.0
1574516,0.0,0.0,116,0.0,0.0,0.0
1574540,2.41379310345,0.0172413793103,116,96.0,132.325141777,0.827586206897
1576030,1.56034482759,0.0,116,100.0,1560.34482759,0.862068965517
1576047,0.293103448276,0.0172413793103,116,34.0,16.0680529301,0.293103448276
1576052,8.58620689655,0.0862068965517,116,104.0,98.4578884935,0.896551724138
1577390,1.12068965517,0.0258620689655,116,69.0,41.7201540436,0.594827586207
1581844,4.62068965517,0.189655172414,116,113.0,24.2358473503,0.974137931034
1582577,9.60344827586,0.793103448276,116,76.0,12.0934473924,0.655172413793
1641827,12.9655172414,0.560344827586,116,109.0,23.0972418453,0.939655172414
1641840,1.68965517241,0.051724137931,116,82.0,32.047089601,0.706896551724
1641841,0.568965517241,0.0431034482759,116,21.0,12.9007036747,0.181034482759
1641844,5.98275862069,0.112068965517,116,86.0,52.912473315,0.741379310345
1641846,7.91379310345,0.155172413793,116,63.0,50.673437845,0.543103448276
1668478,135.551724138,4.25862068966,116,116.0,31.8224870273,1.0
1668487,9.99137931034,0.431034482759,116,107.0,23.1263468752,0.922413793103
1671049,1.65517241379,0.146551724138,116,80.0,11.2175741996,0.689655172414
1671055,30.5603448276,1.44827586207,116,116.0,21.0866306598,1.0
1678109,12.75,0.163793103448,116,116.0,77.369742624,1.0
1678117,11.6120689655,0.336206896552,116,112.0,34.4360364045,0.965517241379
1678123,44.3362068966,0.456896551724,116,99.0,96.8258151969,0.853448275862
1678156,19.7068965517,0.293103448276,116,116.0,67.0066830813,1.0
1678159,14.6465517241,0.215517241379,116,116.0,67.6461219939,1.0
1678160,25.5344827586,0.23275862069,116,116.0,109.234400354,1.0
1678698,24.5517241379,0.301724137931,116,116.0,81.1026312792,1.0
1678895,31.9224137931,0.370689655172,116,116.0,85.8845904073,1.0
1694196,5.81034482759,0.137931034483,116,116.0,41.8217920079,1.0
1694264,54.3534482759,1.59482758621,116,116.0,34.0597247132,1.0
1694267,4.45689655172,0.48275862069,116,89.0,9.2130586642,0.76724137931
1694272,7.49137931034,0.301724137931,116,106.0,24.7465542773,0.913793103448
1694290,7.03448275862,0.318965517241,116,107.0,21.9851277077,0.922413793103
1694293,5.62931034483,0.215517241379,116,96.0,25.9993629559,0.827586206897
1694294,2.39655172414,0.181034482759,116,51.0,13.1653722296,0.439655172414
1694299,7.71551724138,0.23275862069,116,115.0,33.0063431185,0.991379310345
1694304,4.56034482759,0.0603448275862,116,110.0,74.3395165823,0.948275862069
1694305,5.99137931034,0.181034482759,116,101.0,32.913430574,0.870689655172
1694330,10.4482758621,0.189655172414,116,116.0,54.801953337,1.0
1694335,7.0,0.405172413793,116,108.0,17.2340606164,0.931034482759
1694337,14.2931034483,0.189655172414,116,116.0,74.9683487068,1.0
1694341,5.81896551724,0.241379310345,116,100.0,24.0076824584,0.862068965517
1694342,5.34482758621,0.318965517241,116,110.0,16.7043862485,0.948275862069
1694448,6.05172413793,0.344827586207,116,116.0,17.4992521687,1.0
1694453,2.56034482759,0.25,116,65.0,10.2005770023,0.560344827586
1694456,5.31896551724,0.146551724138,116,43.0,36.0481420893,0.370689655172
1694461,6.25,0.293103448276,116,109.0,21.2510259116,0.939655172414
1694522,49.1465517241,1.62068965517,116,107.0,30.305768781,0.922413793103
1694523,30.724137931,0.258620689655,116,116.0,118.342409351,1.0
1703769,1.93103448276,0.0431034482759,116,48.0,43.7842064113,0.413793103448
1703798,9.27586206897,0.344827586207,116,47.0,26.8222155748,0.405172413793
1705988,3.01724137931,0.103448275862,116,62.0,28.8874215913,0.534482758621
1706079,31.3534482759,1.83620689655,116,116.0,17.0658233075,1.0
1709860,55.1379310345,2.56034482759,116,114.0,21.5269457047,0.98275862069
1709877,26.8275862069,1.06896551724,116,116.0,25.0733185085,1.0
1709881,39.4913793103,1.43103448276,116,106.0,27.5771147873,0.913793103448
1710590,6.59482758621,0.362068965517,116,96.0,18.1641181499,0.827586206897
1714448,3.6724137931,0.198275862069,116,83.0,18.428793909,0.715517241379
1725648,49.9051724138,0.706896551724,116,116.0,70.4978323347,1.0
1725674,75.9827586207,2.01724137931,116,116.0,37.6480035538,1.0
1726659,14.2844827586,0.189655172414,116,107.0,74.9231325737,0.922413793103
1726668,11.2327586207,0.456896551724,116,115.0,24.5312146999,0.991379310345
1726680,30.5344827586,0.318965517241,116,116.0,95.4305420843,1.0
1727328,78.6810344828,0.327586206897,116,116.0,239.45324798,1.0
1727842,14.9913793103,0.189655172414,116,53.0,78.6308554892,0.456896551724
1738025,6.87068965517,0.198275862069,116,110.0,34.47828344,0.948275862069
1738033,6.50862068966,0.0344827586207,116,99.0,183.430515063,0.853448275862
1738038,6.03448275862,0.0603448275862,116,99.0,98.3698707139,0.853448275862
1738065,22.0775862069,1.03448275862,116,96.0,21.3210563122,0.827586206897
1738086,11.1810344828,0.775862068966,116,101.0,14.3925606995,0.870689655172
1738088,68.4482758621,1.00862068966,116,103.0,67.7960312852,0.887931034483
1738097,22.2672413793,1.21551724138,116,96.0,18.304090252,0.827586206897
1738099,7.69827586207,0.163793103448,116,91.0,46.7147938899,0.784482758621
1738100,6.03448275862,0.0862068965517,116,116.0,69.1973111902,1.0
1738108,6.88793103448,0.0948275862069,116,116.0,71.8783735157,1.0
1738114,0.0,0.0,116,0.0,0.0,0.0
1738115,0.0,0.0,116,0.0,0.0,0.0
1738116,7.01724137931,0.155172413793,116,116.0,44.9326562155,1.0
1738117,5.41379310345,0.0775862068966,116,116.0,68.8898639754,1.0
1738119,0.0,0.0,116,0.0,0.0,0.0
1738120,0.0,0.0,116,0.0,0.0,0.0
1738122,4.70689655172,0.0862068965517,116,111.0,53.9739027284,0.956896551724
1738123,0.0,0.0,116,0.0,0.0,0.0
1738136,9.64655172414,0.939655172414,116,98.0,10.2551413175,0.844827586207
1739225,4.91379310345,0.198275862069,116,103.0,24.6582453712,0.887931034483
1739239,6.52586206897,0.0689655172414,116,116.0,93.2725480532,1.0
1739277,91.1896551724,2.54310344828,116,116.0,35.8435327126,1.0
1739320,2.38793103448,0.0775862068966,116,95.0,30.3861342694,0.818965517241
1739329,1.81034482759,0.0344827586207,116,116.0,51.0204081633,1.0
1739330,2.81034482759,0.0775862068966,116,107.0,35.7612988153,0.922413793103
1739331,4.16379310345,0.0775862068966,116,116.0,52.9837648091,1.0
1739335,3.43965517241,0.0344827586207,116,116.0,96.9387755102,1.0
1739336,3.65517241379,0.051724137931,116,99.0,69.3263570961,0.853448275862
1739338,2.37931034483,0.0172413793103,116,76.0,130.434782609,0.655172413793
1739339,22.8362068966,0.491379310345,116,109.0,46.3792982702,0.939655172414
1739340,6.5,0.00862068965517,116,116.0,675.627240143,1.0
1739341,1.99137931034,0.051724137931,116,108.0,37.7697841727,0.931034482759
1739342,0.310344827586,0.0344827586207,116,23.0,8.74635568513,0.198275862069
1739343,3.12068965517,0.051724137931,116,104.0,59.1890124264,0.896551724138
1739347,3.43103448276,0.0172413793103,116,116.0,188.09073724,1.0
1739348,5.06896551724,0.0172413793103,116,116.0,277.882797732,1.0
1739352,12.5775862069,0.00862068965517,116,116.0,1307.34767025,1.0
1739353,18.0,0.00862068965517,116,116.0,1870.96774194,1.0
1739356,3.40517241379,0.0603448275862,116,116.0,55.50871276,1.0
1739357,11.0,0.00862068965517,116,116.0,1143.36917563,1.0
1739362,7.29310344828,0.129310344828,116,110.0,55.9671870865,0.948275862069
1739363,2.09482758621,0.0258620689655,116,100.0,77.9845956354,0.862068965517
1739365,2.31034482759,0.0431034482759,116,108.0,52.3846755278,0.931034482759
1739366,2.99137931034,0.0603448275862,116,116.0,48.7633501967,1.0
1739368,5.18965517241,0.00862068965517,116,116.0,539.426523297,1.0
1739369,2.89655172414,0.0,116,116.0,2896.55172414,1.0
1739370,4.77586206897,0.0431034482759,116,116.0,108.287724785,1.0
1739372,1.76724137931,0.0172413793103,116,116.0,96.8809073724,1.0
1739375,18.3534482759,0.620689655172,116,115.0,29.5218814133,0.991379310345
1739379,3.99137931034,0.189655172414,116,96.0,20.9350696328,0.827586206897
1739382,5.41379310345,0.181034482759,116,104.0,29.7404811517,0.896551724138
1739387,18.0,0.0258620689655,116,116.0,670.089858793,1.0
1739390,1.60344827586,0.0689655172414,116,59.0,22.917693445,0.508620689655
1739393,13.0689655172,0.0603448275862,116,116.0,213.041034289,1.0
1739394,1.19827586207,0.0344827586207,116,98.0,33.7706511176,0.844827586207
1739397,57.8448275862,0.224137931034,116,116.0,256.930617246,1.0
1739398,9.41379310345,0.0344827586207,116,116.0,265.306122449,1.0
1739404,3.0,0.00862068965517,116,116.0,311.827956989,1.0
1739405,1.96551724138,0.0431034482759,116,104.0,44.56606724,0.896551724138
1739406,2.47413793103,0.0603448275862,116,98.0,40.3316469927,0.844827586207
1739407,4.10344827586,0.0862068965517,116,94.0,47.0541716093,0.810344827586
1739408,2.66379310345,0.051724137931,116,104.0,50.5232177894,0.896551724138
1739410,1.80172413793,0.0258620689655,116,111.0,67.0731707317,0.956896551724
1739417,2.13793103448,0.0431034482759,116,106.0,48.4753713839,0.913793103448
1739418,22.0,0.0,116,116.0,22000.0,1.0
1739419,6.4224137931,0.0689655172414,116,116.0,91.7939871858,1.0
1739422,1.69827586207,0.051724137931,116,89.0,32.2105951602,0.76724137931
1739424,3.31896551724,0.0862068965517,116,116.0,38.0585211546,1.0
1769168,3.28448275862,0.103448275862,116,72.0,31.4460217894,0.620689655172
1769175,12.1206896552,9.47413793103,116,82.0,1.27920983772,0.706896551724
1769178,10.8879310345,0.155172413793,116,116.0,69.7173769044,1.0
1769179,2.90517241379,0.112068965517,116,73.0,25.6938090881,0.629310344828
1769182,5.06896551724,0.327586206897,116,116.0,15.4265925071,1.0
1769183,3.11206896552,0.293103448276,116,68.0,10.581545316,0.586206896552
1769204,3.79310344828,0.0603448275862,116,95.0,61.832490163,0.818965517241
1769342,6.45689655172,0.0344827586207,116,111.0,181.972789116,0.956896551724
1770962,152.956896552,5.29310344828,116,116.0,28.8919357255,1.0
1774204,48.6896551724,3.85344827586,116,110.0,12.6320686354,0.948275862069
1774205,20.3189655172,2.06034482759,116,104.0,9.85714046739,0.896551724138
1776149,6.05172413793,0.23275862069,116,113.0,25.8887741555,0.974137931034
1776176,9.99137931034,0.75,116,110.0,13.3041002801,0.948275862069
1777009,21.724137931,0.491379310345,116,116.0,44.1207367463,1.0
1777016,20.3879310345,0.431034482759,116,116.0,47.1905179982,1.0
1777017,22.1120689655,0.370689655172,116,100.0,59.4906763151,0.862068965517
1777019,25.1034482759,0.327586206897,116,116.0,76.3983628922,1.0
1777024,15.0517241379,1.31896551724,116,107.0,11.4031192037,0.922413793103
1777025,114.836206897,0.275862068966,116,116.0,414.777680907,1.0
1781115,0.698275862069,0.051724137931,116,28.0,13.2439502943,0.241379310345
1781123,1.97413793103,0.112068965517,116,54.0,17.4595913388,0.465517241379
1781131,0.0,0.00862068965517,116,0.0,0.0,0.0
1781133,0.0,0.0,116,0.0,0.0,0.0
1781138,0.448275862069,0.0,116,52.0,448.275862069,0.448275862069
1781143,0.603448275862,0.051724137931,116,31.0,11.4453891432,0.26724137931
1781146,0.0,0.0,116,0.0,0.0,0.0
1781150,0.0,0.0,116,0.0,0.0,0.0
1781155,4.10344827586,0.0775862068966,116,96.0,52.2158841597,0.827586206897
1781159,0.0,0.0,116,0.0,0.0,0.0
1781176,0.543103448276,0.0258620689655,116,34.0,20.2182284981,0.293103448276
1781192,0.0,0.0,116,0.0,0.0,0.0
1781198,0.0,0.0,116,0.0,0.0,0.0
1781204,0.0,0.0,116,0.0,0.0,0.0
1781205,0.0,0.0,116,0.0,0.0,0.0
1781216,0.0,0.0,116,0.0,0.0,0.0
1781218,0.0,0.0,116,0.0,0.0,0.0
1781224,0.0,0.0,116,0.0,0.0,0.0
1781225,0.0,0.0,116,0.0,0.0,0.0
1781228,0.0,0.0,116,0.0,0.0,0.0
1781231,0.896551724138,0.0,116,52.0,896.551724138,0.448275862069
1795972,13.4396551724,0.5,116,108.0,26.8256590268,0.931034482759
1796016,6.13793103448,0.241379310345,116,91.0,25.3236591265,0.784482758621
1796048,3.25,0.318965517241,116,60.0,10.1573445414,0.51724137931
1796053,72.9224137931,3.56896551724,116,116.0,20.4266437423,1.0
1796054,2.63793103448,0.284482758621,116,62.0,9.24024640657,0.534482758621
1796060,15.1206896552,0.594827586207,116,116.0,25.37762602,1.0
1796067,6.56034482759,0.129310344828,116,109.0,50.3440063509,0.939655172414
1796069,24.1465517241,0.913793103448,116,109.0,26.3956425044,0.939655172414
1796071,32.6206896552,1.31896551724,116,116.0,24.7132892709,1.0
1796073,3.30172413793,0.163793103448,116,102.0,20.0355722955,0.879310344828
1796081,3.59482758621,0.0948275862069,116,81.0,37.5134940626,0.698275862069
1796082,17.0517241379,0.508620689655,116,116.0,33.4596386765,1.0
1799083,28.6810344828,0.103448275862,116,96.0,274.595576098,0.827586206897
1799088,9.56896551724,0.112068965517,116,116.0,84.6294602013,1.0
1799096,13.6724137931,0.0344827586207,116,116.0,385.325558795,1.0
1799101,10.5517241379,0.146551724138,116,116.0,71.5120355223,1.0
1799135,5.86206896552,0.129310344828,116,104.0,44.9854458852,0.896551724138
1799139,0.0,0.0,116,0.0,0.0,0.0
1799143,2.97413793103,0.103448275862,116,86.0,28.47474414,0.741379310345
1799146,16.3534482759,0.793103448276,116,73.0,20.5935993747,0.629310344828
1799147,4.18965517241,0.146551724138,116,79.0,28.3944846927,0.681034482759
1799173,53.4827586207,0.620689655172,116,87.0,86.0280658938,0.75
1799176,37.525862069,0.706896551724,116,76.0,53.0103755663,0.655172413793
1805018,21.8965517241,0.23275862069,116,113.0,93.6716329842,0.974137931034
1807818,85.6551724138,0.181034482759,116,112.0,470.543663573,0.965517241379
1811527,10.7586206897,0.465517241379,116,50.0,23.0615714391,0.431034482759
1825076,7.38793103448,0.241379310345,116,112.0,30.4808649879,0.965517241379
1825081,11.4310344828,0.103448275862,116,116.0,109.442060086,1.0
1825196,12.3879310345,0.405172413793,116,92.0,30.4991934799,0.793103448276
1825198,4.75862068966,0.0948275862069,116,98.0,49.6581504138,0.844827586207
1825201,25.4568965517,0.405172413793,116,116.0,62.6750997538,1.0
1825206,7.62068965517,0.172413793103,116,110.0,43.9451183138,0.948275862069
1825209,22.1810344828,0.370689655172,116,116.0,59.6762222841,1.0
1828189,9.48275862069,0.422413793103,116,99.0,22.3959605831,0.853448275862
1828193,33.025862069,0.672413793103,116,90.0,49.0424496902,0.775862068966
1828206,0.939655172414,0.129310344828,116,40.0,7.21090235512,0.344827586207
1828207,4.47413793103,0.112068965517,116,104.0,39.5699908509,0.896551724138
1828215,89.6120689655,0.551724137931,116,116.0,162.128017967,1.0
1828216,7.00862068966,0.448275862069,116,91.0,15.5998157955,0.784482758621
1828454,40.6034482759,1.83620689655,116,106.0,22.100640027,0.913793103448
1833225,5.21551724138,0.0689655172414,116,97.0,74.5441103992,0.836206896552
1833232,0.448275862069,0.00862068965517,116,3.0,46.5949820789,0.0258620689655
1833241,0.620689655172,0.0,116,4.0,620.689655172,0.0344827586207
1840251,3.56896551724,0.456896551724,116,61.0,7.79426161609,0.525862068966
1841107,16.3275862069,0.129310344828,116,116.0,125.297697804,1.0
1841201,3.75,0.146551724138,116,86.0,25.4148165459,0.741379310345
1841550,9.52586206897,0.0689655172414,116,116.0,136.150813208,1.0
1841552,3.78448275862,0.0862068965517,116,91.0,43.3965994464,0.784482758621
1841556,3.78448275862,0.0258620689655,116,116.0,140.885750963,1.0
1841557,0.0,0.0,116,0.0,0.0,0.0
1842248,7.86206896552,0.103448275862,116,107.0,75.2723671179,0.922413793103
1842249,11.9137931034,0.0689655172414,116,116.0,170.280926565,1.0
1842250,6.15517241379,0.0948275862069,116,116.0,64.2317380353,1.0
1859469,47.6896551724,2.6724137931,116,99.0,17.8384862439,0.853448275862
1859477,4.55172413793,0.284482758621,116,96.0,15.9439545839,0.827586206897
1860931,1.81896551724,0.448275862069,116,38.0,4.04866068002,0.327586206897
1861001,84.6810344828,3.5,116,115.0,24.1876705178,0.991379310345
1887430,20.6724137931,0.163793103448,116,116.0,125.444653693,1.0
1887431,2.87068965517,0.344827586207,116,39.0,8.3009273108,0.336206896552
1887444,41.4224137931,1.02586206897,116,116.0,40.3388293764,1.0
1887463,1.06896551724,0.0344827586207,116,46.0,30.1263362488,0.396551724138
1887465,1.97413793103,0.293103448276,116,22.0,6.71239301208,0.189655172414
1887484,15.8793103448,0.465517241379,116,116.0,34.0379924606,1.0
1909582,1.4224137931,0.198275862069,116,63.0,7.13791313376,0.543103448276
1909618,5.27586206897,0.155172413793,116,84.0,33.7822918967,0.724137931034
1909627,6.24137931034,0.310344827586,116,81.0,20.0465167793,0.698275862069
1925950,12.4913793103,0.0862068965517,116,116.0,143.238434164,1.0
1925963,21.8793103448,0.379310344828,116,116.0,57.5301477922,1.0
1925964,8.97413793103,0.146551724138,116,78.0,60.8202851133,0.672413793103
1925966,11.3103448276,0.370689655172,116,85.0,30.4295389183,0.73275862069
1925967,15.4827586207,0.0344827586207,116,116.0,436.345966958,1.0
1925968,20.0086206897,0.560344827586,116,110.0,35.6440813318,0.948275862069
1925989,1.89655172414,0.0689655172414,116,78.0,27.1069492361,0.672413793103
1926029,1.44827586207,0.137931034483,116,46.0,10.4244229337,0.396551724138
1929756,0.0,0.051724137931,116,0.0,0.0,0.0
1929757,248.439655172,5.55172413793,116,109.0,44.7419408926,0.939655172414
1931590,63.0862068966,1.25,116,116.0,50.4286226191,1.0
1931602,1.63793103448,0.103448275862,116,66.0,15.6817431496,0.568965517241
1933128,0.0,0.146551724138,116,0.0,0.0,0.0
1933133,0.0,0.0689655172414,116,0.0,0.0,0.0
1943938,58.5689655172,1.41379310345,116,98.0,41.3975480758,0.844827586207
1958460,6.54310344828,0.422413793103,116,51.0,15.4532128023,0.439655172414
1958467,1.41379310345,0.163793103448,116,34.0,8.5792006696,0.293103448276
1958537,2.6724137931,0.129310344828,116,88.0,20.5080709182,0.758620689655
1958542,4.70689655172,0.293103448276,116,85.0,16.0042208934,0.73275862069
1958543,2.33620689655,0.439655172414,116,58.0,5.30166679709,0.5
1978126,7.54310344828,0.344827586207,116,109.0,21.8117459368,0.939655172414
1978163,12.8448275862,0.353448275862,116,109.0,36.2389337484,0.939655172414
1981962,69.0172413793,0.75,116,109.0,91.9004545663,0.939655172414
1981971,17.5,0.318965517241,116,70.0,54.6933936847,0.603448275862
2000534,0.0,0.0,116,0.0,0.0,0.0
2000547,0.431034482759,0.00862068965517,116,36.0,44.8028673835,0.310344827586
2000548,2.47413793103,0.0344827586207,116,77.0,69.7278911565,0.663793103448
2000549,4.08620689655,0.0172413793103,116,85.0,224.007561437,0.73275862069
2000561,3.37068965517,0.0258620689655,116,97.0,125.481386393,0.836206896552
2001957,12.7931034483,0.491379310345,116,116.0,25.9822116395,1.0
2003467,20.8275862069,0.939655172414,116,111.0,22.1415741046,0.956896551724
2003473,9.40517241379,0.206896551724,116,115.0,45.2396749046,0.991379310345
2003486,2.11206896552,0.26724137931,116,58.0,7.87376269443,0.5
2003657,17.8879310345,1.10344827586,116,86.0,16.1962596397,0.741379310345
2003661,162.00862069,5.06896551724,116,103.0,31.9545803889,0.887931034483
2003674,76.5517241379,5.08620689655,116,95.0,15.0478888896,0.818965517241
2004112,44.8534482759,0.887931034483,116,116.0,50.4577369176,1.0
2004914,2.12068965517,0.0,116,51.0,2120.68965517,0.439655172414
2004915,10.8448275862,0.0172413793103,116,116.0,594.517958412,1.0
2004922,7.0775862069,0.103448275862,116,102.0,67.7616375041,0.879310344828
2004923,1.36206896552,0.0,116,39.0,1362.06896552,0.336206896552
2004926,18.3620689655,0.0431034482759,116,116.0,416.340891321,1.0
2004931,11.1637931034,0.0603448275862,116,116.0,181.984260821,1.0
2004936,13.1724137931,0.0431034482759,116,83.0,298.670836591,0.715517241379
2004964,1.87068965517,0.0,116,100.0,1870.68965517,0.862068965517
2004987,2.50862068966,0.0689655172414,116,62.0,35.855101035,0.534482758621
2004991,1.41379310345,0.00862068965517,116,90.0,146.953405018,0.775862068966
2004992,1.16379310345,0.0258620689655,116,57.0,43.324775353,0.491379310345
2005053,3.06034482759,0.051724137931,116,94.0,58.0444735121,0.810344827586
2005058,2.08620689655,0.0603448275862,116,92.0,34.0078695897,0.793103448276
2005087,1.36206896552,0.051724137931,116,51.0,25.8338783519,0.439655172414
2005088,0.146551724138,0.00862068965517,116,16.0,15.2329749104,0.137931034483
2005106,0.870689655172,0.0431034482759,116,52.0,19.7419859265,0.448275862069
2020468,53.8017241379,4.06896551724,116,94.0,13.2192088385,0.810344827586
2020481,78.4482758621,5.94827586207,116,112.0,13.1861889885,0.965517241379
2020487,37.4913793103,1.55172413793,116,100.0,24.1455506451,0.862068965517
2020498,17.4482758621,1.13793103448,116,95.0,15.3198704169,0.818965517241
2020508,26.5344827586,1.76724137931,116,98.0,15.0061428655,0.844827586207
2020509,19.5689655172,1.23275862069,116,111.0,15.861259398,0.956896551724
2020606,43.6551724138,0.827586206897,116,116.0,52.6863373424,1.0
2031944,1.05172413793,0.0344827586207,116,50.0,29.6404275996,0.431034482759
2031949,0.0,0.0,116,0.0,0.0,0.0
2031950,0.0,0.0,116,0.0,0.0,0.0
2031952,0.862068965517,0.0258620689655,116,36.0,32.0924261874,0.310344827586
2031953,2.06896551724,0.0689655172414,116,61.0,29.5712173484,0.525862068966
2031956,2.43103448276,0.0775862068966,116,50.0,30.9346204476,0.431034482759
2031967,17.8793103448,0.146551724138,116,95.0,121.173171302,0.818965517241
2031971,1.05172413793,0.051724137931,116,26.0,19.9476782211,0.224137931034
2032187,2.11206896552,0.0,116,116.0,2112.06896552,1.0
2032193,0.0,0.0,116,0.0,0.0,0.0
2032198,0.448275862069,0.0172413793103,116,52.0,24.5746691871,0.448275862069
2032199,3.39655172414,0.0172413793103,116,80.0,186.200378072,0.689655172414
2032200,0.0,0.0,116,0.0,0.0,0.0
2032204,0.0,0.0,116,0.0,0.0,0.0
2032207,2.48275862069,0.0344827586207,116,78.0,69.970845481,0.672413793103
2032210,0.0,0.0,116,0.0,0.0,0.0
2032213,0.0,0.0,116,0.0,0.0,0.0
2032214,0.0,0.0,116,0.0,0.0,0.0
2032215,0.0,0.00862068965517,116,0.0,0.0,0.0
2032216,0.0,0.0,116,0.0,0.0,0.0
2032217,1.72413793103,0.0344827586207,116,115.0,48.5908649174,0.991379310345
2032218,2.11206896552,0.0431034482759,116,104.0,47.8889757623,0.896551724138
2032226,3.31034482759,0.0258620689655,116,116.0,123.23491656,1.0
2035035,4.87068965517,0.456896551724,116,43.0,10.6370961669,0.370689655172
2035064,3.79310344828,0.146551724138,116,116.0,25.706940874,1.0
2037771,0.0,0.0,116,0.0,0.0,0.0
2038009,0.0,0.0,116,0.0,0.0,0.0
2038010,0.741379310345,0.0344827586207,116,29.0,20.8940719145,0.25
2038022,0.0,0.0,116,0.0,0.0,0.0
2038023,1.28448275862,0.0172413793103,116,64.0,70.415879017,0.551724137931
2038027,1.45689655172,0.0862068965517,116,60.0,16.7062079873,0.51724137931
2038031,2.12068965517,0.00862068965517,116,83.0,220.430107527,0.715517241379
2038032,0.0,0.0,116,0.0,0.0,0.0
2038036,1.12931034483,0.0344827586207,116,73.0,31.8270165209,0.629310344828
2038119,1.93965517241,0.0431034482759,116,62.0,43.9796716185,0.534482758621
2038124,1.25,0.0689655172414,116,52.0,17.8659438147,0.448275862069
2040754,2.1724137931,0.0431034482759,116,64.0,49.2572322127,0.551724137931
2040763,0.0,0.00862068965517,116,0.0,0.0,0.0
2040767,1.21551724138,0.0258620689655,116,90.0,45.2503209243,0.775862068966
2048647,7.11206896552,0.172413793103,116,116.0,41.012129648,1.0
2048657,7.0,0.0,116,116.0,7000.0,1.0
2048659,14.724137931,0.586206896552,116,106.0,25.0748722767,0.913793103448
2051190,0.0,0.0,116,0.0,0.0,0.0
2055453,167.672413793,10.1465517241,116,116.0,16.5234352434,1.0
2086352,3.08620689655,0.155172413793,116,91.0,19.7615367631,0.784482758621
2098008,17.1810344828,0.913793103448,116,105.0,18.7813336349,0.905172413793
2101929,0.0,0.0,116,0.0,0.0,0.0
2102086,39.5172413793,1.31896551724,116,112.0,29.9380861569,0.965517241379
2102092,32.5172413793,1.29310344828,116,110.0,25.1272349383,0.948275862069
2122741,24.1896551724,0.612068965517,116,116.0,39.4566623545,1.0
2133448,10.9568965517,0.362068965517,116,104.0,30.1785544686,0.896551724138
2133457,1.62931034483,0.172413793103,116,70.0,9.39550606482,0.603448275862
2133528,1.40517241379,0.0948275862069,116,48.0,14.6635480389,0.413793103448
2144672,139.25,4.68965517241,116,116.0,29.686684457,1.0
2144688,16.2327586207,0.681034482759,116,116.0,23.800495475,1.0
2144704,27.8620689655,0.793103448276,116,103.0,35.0861956663,0.887931034483
2174254,34.8793103448,0.551724137931,116,116.0,63.1043733234,1.0
2174256,464.982758621,5.06896551724,116,116.0,91.7131994368,1.0
2174266,38.2844827586,0.23275862069,116,116.0,163.77784334,1.0
2174268,36.9224137931,0.163793103448,116,116.0,224.053149194,1.0
2174270,42.1637931034,0.0689655172414,116,116.0,602.63676688,1.0
2174291,54.0862068966,1.34482758621,116,86.0,40.1880652848,0.741379310345
2174421,26.8965517241,1.3275862069,116,94.0,20.2444911625,0.810344827586
2174423,195.474137931,1.86206896552,116,116.0,104.920505654,1.0
2174425,67.2844827586,0.620689655172,116,116.0,108.228409784,1.0
2184046,5.49137931034,0.275862068966,116,108.0,19.8343504795,0.931034482759
2184050,268.094827586,8.63793103448,116,116.0,31.0333334664,1.0
2184405,36.4913793103,1.15517241379,116,116.0,31.5622297116,1.0
2184506,1.13793103448,0.0344827586207,116,36.0,32.0699708455,0.310344827586
2189028,9.70689655172,0.0258620689655,116,116.0,361.36071887,1.0
2189411,2.24137931034,0.00862068965517,116,34.0,232.974910394,0.293103448276
2189415,2.10344827586,0.0172413793103,116,34.0,115.311909263,0.293103448276
2189423,1.06034482759,0.0172413793103,116,34.0,58.1285444234,0.293103448276
2189431,2.63793103448,0.0,116,34.0,2637.93103448,0.293103448276
2189443,6.49137931034,0.0258620689655,116,116.0,241.655969191,1.0
2189447,2.05172413793,0.0,116,34.0,2051.72413793,0.293103448276
2189453,4.25862068966,0.0603448275862,116,61.0,69.4210230467,0.525862068966
2189455,59.5775862069,1.86206896552,116,108.0,31.9781968943,0.931034482759
2189457,115.129310345,2.06034482759,116,110.0,55.851553221,0.948275862069
2189459,15.2844827586,0.198275862069,116,116.0,76.7001211282,1.0
2200866,33.4137931034,0.051724137931,116,116.0,633.747547417,1.0
2201148,17.0775862069,0.181034482759,116,116.0,93.8151164993,1.0
2201150,6.61206896552,0.0948275862069,116,116.0,68.9996401583,1.0
2201158,9.18103448276,0.0258620689655,116,116.0,341.784338896,1.0
2201160,1.22413793103,0.0689655172414,116,66.0,17.4963035978,0.568965517241
2201164,17.9224137931,0.0431034482759,116,116.0,406.372165754,1.0
2201172,19.7068965517,0.0689655172414,116,116.0,281.665845244,1.0
2201657,11.6206896552,0.0603448275862,116,116.0,189.432265318,1.0
2201661,32.8879310345,0.198275862069,116,116.0,165.037203668,1.0
2201667,3.25862068966,0.0775862068966,116,80.0,41.465555068,0.689655172414
2201673,9.01724137931,0.051724137931,116,116.0,171.026814912,1.0
2201675,8.3275862069,0.112068965517,116,116.0,73.6505032022,1.0
2201681,2.10344827586,0.0775862068966,116,96.0,26.7661254936,0.827586206897
2211080,36.5172413793,1.02586206897,116,65.0,35.5619732026,0.560344827586
2217929,10.9827586207,0.155172413793,116,116.0,70.3245749614,1.0
2217931,3.63793103448,0.189655172414,116,80.0,19.0812081751,0.689655172414
2217937,4.38793103448,0.284482758621,116,85.0,15.3702137939,0.73275862069
2227984,0.844827586207,0.0344827586207,116,35.0,23.8095238095,0.301724137931
2227990,0.0,0.0,116,0.0,0.0,0.0
2227992,0.0,0.00862068965517,116,0.0,0.0,0.0
2228012,18.3706896552,0.155172413793,116,116.0,117.630823581,1.0
2228014,1.64655172414,0.0344827586207,116,103.0,46.4042759961,0.887931034483
2228016,3.22413793103,0.0603448275862,116,88.0,52.5576166386,0.758620689655
2228036,0.0,0.0,116,0.0,0.0,0.0
2228038,0.0,0.0,116,0.0,0.0,0.0
2228054,8.79310344828,0.198275862069,116,55.0,44.1252811905,0.474137931034
2228064,9.61206896552,0.0431034482759,116,116.0,217.94370602,1.0
2228066,5.54310344828,0.0948275862069,116,86.0,57.8445483987,0.741379310345
2228068,4.75862068966,0.112068965517,116,95.0,42.0860018298,0.818965517241
2228072,16.5344827586,0.051724137931,116,116.0,313.603662525,1.0
2228074,21.6551724138,0.137931034483,116,116.0,155.869942914,1.0
2228076,12.275862069,0.0948275862069,116,116.0,128.103634401,1.0
2228451,43.9137931034,0.0172413793103,116,116.0,2407.37240076,1.0
2228461,2.5,0.0258620689655,116,44.0,93.0680359435,0.379310344828
2228471,0.905172413793,0.0,116,101.0,905.172413793,0.870689655172
2228481,16.5172413793,0.0258620689655,116,116.0,614.890885751,1.0
2228525,9.9224137931,0.0603448275862,116,116.0,161.748173131,1.0
2228527,15.3275862069,0.00862068965517,116,116.0,1593.18996416,1.0
2228531,108.663793103,0.439655172414,116,116.0,246.595977776,1.0
2228543,13.4224137931,0.0431034482759,116,116.0,304.3393276,1.0
2228545,12.4396551724,0.00862068965517,116,116.0,1293.01075269,1.0
2230974,7.75862068966,0.0689655172414,116,116.0,110.892065057,1.0
2230976,4.3275862069,0.25,116,78.0,17.2413793103,0.672413793103
2230980,5.58620689655,0.318965517241,116,109.0,17.4587778855,0.939655172414
2230984,8.96551724138,0.370689655172,116,116.0,24.1209759718,1.0
2230986,2.16379310345,0.129310344828,116,85.0,16.604921937,0.73275862069
2230988,4.84482758621,0.310344827586,116,97.0,15.5609702071,0.836206896552
2230998,5.37931034483,0.137931034483,116,116.0,38.7192851824,1.0
2231000,18.9913793103,0.801724137931,116,96.0,23.6586623137,0.827586206897
2231665,12.2672413793,0.23275862069,116,114.0,52.4782416286,0.98275862069
2231671,4.05172413793,0.172413793103,116,102.0,23.3644859813,0.879310344828
2231673,11.2672413793,0.5,116,87.0,22.4895037511,0.75
2231675,11.4051724138,0.422413793103,116,88.0,26.9362325922,0.758620689655
2231677,9.35344827586,0.655172413793,116,50.0,14.2545588313,0.431034482759
2231679,20.1637931034,1.65517241379,116,92.0,12.1749359762,0.793103448276
2231681,7.88793103448,0.48275862069,116,72.0,16.305510015,0.620689655172
2231687,14.1465517241,1.13793103448,116,60.0,12.420902843,0.51724137931
2246330,2.80172413793,0.0775862068966,116,87.0,35.6516015796,0.75
2246332,2.44827586207,0.181034482759,116,73.0,13.449516954,0.629310344828
2246334,3.43965517241,0.0344827586207,116,106.0,96.9387755102,0.913793103448
2246384,1.56034482759,0.0258620689655,116,97.0,58.0872913992,0.836206896552
2246398,3.55172413793,0.0948275862069,116,113.0,37.0636919755,0.974137931034
2246400,1.6724137931,0.0948275862069,116,101.0,17.4523209788,0.870689655172
2246402,4.3275862069,0.0603448275862,116,116.0,70.5452501405,1.0
2246406,2.87068965517,0.0431034482759,116,102.0,65.0899139953,0.879310344828
2247009,3.41379310345,0.0948275862069,116,116.0,35.6243252969,1.0
2247031,1.95689655172,0.0258620689655,116,96.0,72.8498074454,0.827586206897
2247041,5.45689655172,0.327586206897,116,112.0,16.6071990765,0.965517241379
2247047,1.98275862069,0.0775862068966,116,94.0,25.2303641948,0.810344827586
2247049,3.68103448276,0.0689655172414,116,109.0,52.6121241991,0.939655172414
2252131,480.543103448,21.1896551724,116,116.0,22.6771234555,1.0
2252133,1130.52586207,37.0689655172,116,116.0,30.4970842647,1.0
2267968,236.931034483,6.91379310345,116,103.0,34.2643707394,0.887931034483
2267980,2.73275862069,0.224137931034,116,23.0,12.1381528565,0.198275862069
2268845,38.474137931,4.14655172414,116,39.0,9.27634915488,0.336206896552
2268847,17.5603448276,0.560344827586,116,56.0,31.2826340684,0.48275862069
2271570,79.0431034483,0.0344827586207,116,116.0,2227.64820214,1.0
2271586,2.38793103448,0.0603448275862,116,77.0,38.9263631254,0.663793103448
2271602,1.29310344828,0.0344827586207,116,37.0,36.443148688,0.318965517241
2271604,1.11206896552,0.0344827586207,116,37.0,31.3411078717,0.318965517241
2271612,94.7327586207,2.02586206897,116,116.0,46.7386311438,1.0
2271616,24.1465517241,1.00862068966,116,116.0,23.9164588955,1.0
2271622,37.4482758621,1.45689655172,116,115.0,25.6865110338,0.991379310345
2271624,69.8706896552,2.56896551724,116,116.0,27.187403561,1.0
2271628,7.00862068966,0.48275862069,116,98.0,14.4878466035,0.844827586207
2272673,3.34482758621,0.00862068965517,116,83.0,347.670250896,0.715517241379
2272675,1.78448275862,0.0,116,37.0,1784.48275862,0.318965517241
2272681,242.706896552,9.35344827586,116,116.0,25.9456131879,1.0
2272683,6.24137931034,0.284482758621,116,89.0,21.8625437855,0.76724137931
2272693,114.931034483,1.98275862069,116,116.0,57.9359974969,1.0
2293816,46.7586206897,0.534482758621,116,116.0,87.3204971344,1.0
2293822,19.1034482759,0.706896551724,116,111.0,26.9862146232,0.956896551724
2293828,41.8103448276,0.586206896552,116,116.0,71.2020670621,1.0
2294741,26.2068965517,0.560344827586,116,106.0,46.6859143682,0.913793103448
2294745,12.3793103448,0.51724137931,116,116.0,23.8871515071,1.0
2294749,9.87931034483,0.189655172414,116,107.0,51.8176885513,0.922413793103
2294751,15.5517241379,0.198275862069,116,116.0,78.0411835958,1.0
2294757,205.586206897,5.20689655172,116,116.0,39.4758622516,1.0
2294759,2.1724137931,0.275862068966,116,26.0,7.84655623365,0.224137931034
2294761,31.7155172414,1.39655172414,116,86.0,22.6936267858,0.741379310345
2297913,4.63793103448,0.0862068965517,116,100.0,53.1830763147,0.862068965517
2297921,10.6379310345,0.051724137931,116,116.0,201.765860039,1.0
2297923,8.53448275862,0.0862068965517,116,116.0,97.8647686833,1.0
2310624,8.33620689655,0.0258620689655,116,116.0,310.333761232,1.0
2314120,2.85344827586,0.0603448275862,116,50.0,46.514896009,0.431034482759
2314122,2.02586206897,0.155172413793,116,45.0,12.9719584897,0.387931034483
2314721,8.12068965517,0.26724137931,116,101.0,30.2738141149,0.870689655172
2337654,65.3793103448,2.70689655172,116,103.0,24.1439468222,0.887931034483
2337670,8.38793103448,0.387931034483,116,100.0,21.5666282472,0.862068965517
2338238,141.413793103,3.16379310345,116,116.0,44.6834243128,1.0
2338274,383.836206897,15.974137931,116,116.0,24.0270981417,1.0
2338276,269.051724138,5.72413793103,116,109.0,46.9948021129,0.939655172414
2338303,8.45689655172,0.534482758621,116,110.0,15.793032391,0.948275862069
2338880,9.88793103448,0.405172413793,116,112.0,24.3441718312,0.965517241379
2338977,0.629310344828,0.0689655172414,116,13.0,8.99457861015,0.112068965517
2339005,7.18103448276,0.258620689655,116,86.0,27.6597157657,0.741379310345
2339649,7.58620689655,0.163793103448,116,107.0,46.0347353003,0.922413793103
2350454,3.46551724138,0.137931034483,116,103.0,24.9441548771,0.887931034483
2350456,18.4913793103,0.405172413793,116,107.0,45.5259359878,0.922413793103
2350458,10.4482758621,0.0603448275862,116,116.0,170.320404722,1.0
2350462,3.1724137931,0.508620689655,116,73.0,6.22504905609,0.629310344828
2350470,1.78448275862,0.051724137931,116,102.0,33.8456507521,0.879310344828
2351253,11.0862068966,0.663793103448,116,101.0,16.6761761502,0.870689655172
2351257,6.37068965517,0.344827586207,116,106.0,18.4215774255,0.913793103448
2351263,2.21551724138,0.241379310345,116,79.0,9.14070280267,0.681034482759
2354034,5.81034482759,0.284482758621,116,87.0,20.3526996014,0.75
2354847,111.655172414,4.21551724138,116,115.0,26.4804259112,0.991379310345
2374106,0.0,0.0,116,0.0,0.0,0.0
2375454,0.0,0.0,116,0.0,0.0,0.0
2375456,0.0,0.0,116,0.0,0.0,0.0
2375462,0.0,0.0,116,0.0,0.0,0.0
2375468,0.0,0.0,116,0.0,0.0,0.0
2375470,0.0,0.0,116,0.0,0.0,0.0
2375472,0.0,0.0,116,0.0,0.0,0.0
2375642,0.0,0.0,116,0.0,0.0,0.0
2375646,0.0,0.0,116,0.0,0.0,0.0
2375668,0.681034482759,0.0344827586207,116,24.0,19.1933916424,0.206896551724
2375692,6.68965517241,0.534482758621,116,61.0,12.4927554897,0.525862068966
2376437,0.137931034483,0.0,116,8.0,137.931034483,0.0689655172414
2376441,0.0,0.0,116,0.0,0.0,0.0
2376513,0.0,0.0,116,0.0,0.0,0.0
2376531,0.318965517241,0.00862068965517,116,23.0,33.1541218638,0.198275862069
2376555,0.0,0.0,116,0.0,0.0,0.0
2376677,0.681034482759,0.137931034483,116,30.0,4.90196078431,0.258620689655
2377161,1.81034482759,0.181034482759,116,35.0,9.94506535329,0.301724137931
2379378,5.85344827586,0.0775862068966,116,92.0,74.4844229925,0.793103448276
2380582,0.318965517241,0.0258620689655,116,22.0,11.8741976893,0.189655172414
2380588,0.224137931034,0.0344827586207,116,16.0,6.31681243926,0.137931034483
2380596,0.405172413793,0.0,116,47.0,405.172413793,0.405172413793
2380858,1.5775862069,0.0948275862069,116,42.0,16.4627563872,0.362068965517
2381615,0.137931034483,0.0,116,8.0,137.931034483,0.0689655172414
2381635,0.0,0.0,116,0.0,0.0,0.0
2381637,0.0,0.0,116,0.0,0.0,0.0
2381641,0.172413793103,0.0172413793103,116,12.0,9.45179584121,0.103448275862
2381853,4.68103448276,0.275862068966,116,52.0,16.9074604558,0.448275862069
2381865,0.0689655172414,0.00862068965517,116,8.0,7.16845878136,0.0689655172414
2381905,6.0,0.137931034483,116,83.0,43.1868950112,0.715517241379
2381909,0.0,0.0,116,0.0,0.0,0.0
2381911,0.0,0.0,116,0.0,0.0,0.0
2392344,7.08620689655,0.387931034483,116,84.0,18.219700328,0.724137931034
2393651,196.620689655,1.0,116,116.0,196.42426539,1.0
2393659,113.896551724,3.31896551724,116,108.0,34.3065465989,0.931034482759
2399286,4.41379310345,0.189655172414,116,92.0,23.1506601555,0.793103448276
2399288,9.24137931034,0.137931034483,116,109.0,66.517746339,0.939655172414
2399290,7.12931034483,0.293103448276,116,91.0,24.2408254192,0.784482758621
2399292,14.2155172414,0.974137931034,116,79.0,14.5779553732,0.681034482759
2399298,4.55172413793,0.0,116,44.0,4551.72413793,0.379310344828
2399300,30.1120689655,1.49137931034,116,102.0,20.1772222094,0.879310344828
2400557,18.6120689655,0.189655172414,116,108.0,97.6216313981,0.931034482759
2400559,2.27586206897,0.00862068965517,116,44.0,236.559139785,0.379310344828
2400755,2.81034482759,0.0775862068966,116,101.0,35.7612988153,0.870689655172
2409874,11.1120689655,0.163793103448,116,116.0,67.4304247751,1.0
2410883,7.51724137931,0.0689655172414,116,85.0,107.442089699,0.73275862069
2410901,0.0,0.0,116,0.0,0.0,0.0
2413199,0.0,0.00862068965517,116,0.0,0.0,0.0
2422442,12.5,0.551724137931,116,105.0,22.6152598415,0.905172413793
2422444,16.3017241379,0.560344827586,116,103.0,29.0404816021,0.887931034483
2422886,0.0,0.0,116,0.0,0.0,0.0
2422916,19.0,0.0775862068966,116,112.0,241.772707328,0.965517241379
2422918,16.8706896552,0.0603448275862,116,116.0,275.014052839,1.0
2423981,12.8965517241,0.0603448275862,116,93.0,210.230466554,0.801724137931
2424005,10.2413793103,0.00862068965517,116,116.0,1064.51612903,1.0
2424017,10.7931034483,0.23275862069,116,83.0,46.1720017702,0.715517241379
2425524,7.87068965517,0.0431034482759,116,83.0,178.459734167,0.715517241379
2426647,16.6206896552,0.336206896552,116,94.0,49.2892933838,0.810344827586
2437409,15.4051724138,0.870689655172,116,81.0,17.672771866,0.698275862069
2448890,16.9913793103,2.77586206897,116,34.0,6.11891368327,0.293103448276
2452834,1.36206896552,0.051724137931,116,44.0,25.8338783519,0.379310344828
2452968,10.1637931034,0.0344827586207,116,116.0,286.443148688,1.0
2453319,15.2068965517,0.0344827586207,116,116.0,428.571428571,1.0
2453323,7.8275862069,0.129310344828,116,116.0,60.0688012702,1.0
2453327,3.96551724138,0.0603448275862,116,96.0,64.6430578977,0.827586206897
2453329,7.88793103448,0.163793103448,116,107.0,47.8656622724,0.922413793103
2453331,15.5431034483,0.344827586207,116,116.0,44.9446604846,1.0
2453395,23.6637931034,0.405172413793,116,108.0,58.2604635368,0.931034482759
2456300,127.206896552,1.75862068966,116,91.0,72.2922259891,0.784482758621
2456641,1.38793103448,0.0172413793103,116,69.0,76.0869565217,0.594827586207
2456661,9.10344827586,0.543103448276,116,77.0,16.7310982952,0.663793103448
2456669,10.3017241379,0.73275862069,116,78.0,14.039663518,0.672413793103
2480496,6.27586206897,0.206896551724,116,57.0,30.1874274341,0.491379310345
2480518,65.8362068966,0.241379310345,116,116.0,271.624697681,1.0
2480520,2.59482758621,0.215517241379,116,89.0,11.9843924192,0.76724137931
2480733,3.94827586207,0.0689655172414,116,108.0,56.4317397733,0.931034482759
2480737,4.34482758621,0.051724137931,116,113.0,82.4068018313,0.974137931034
2484654,3.31034482759,0.155172413793,116,70.0,21.1967321705,0.603448275862
2484658,2.98275862069,0.051724137931,116,79.0,56.5729234794,0.681034482759
2484785,4.54310344828,0.25,116,89.0,18.1000137382,0.76724137931
2484787,9.74137931034,0.23275862069,116,111.0,41.6728130993,0.956896551724
2484789,9.28448275862,0.206896551724,116,103.0,44.659147454,0.887931034483
2491204,156.870689655,0.206896551724,116,116.0,754.561287112,1.0
2491210,105.801724138,0.198275862069,116,116.0,530.930956913,1.0
2491212,109.715517241,0.224137931034,116,116.0,487.325777301,1.0
2491302,91.0603448276,2.25862068966,116,116.0,40.2989516092,1.0
2491341,97.9224137931,1.62931034483,116,115.0,60.0636646291,0.991379310345
2491343,322.017241379,10.7413793103,116,116.0,29.9763424914,1.0
2491345,74.5775862069,1.28448275862,116,116.0,58.0152364602,1.0
2491347,51.3965517241,1.1724137931,116,116.0,43.8008757236,1.0
2491351,51.8534482759,1.23275862069,116,115.0,42.0288437352,0.991379310345
2493549,2.93103448276,0.0862068965517,116,49.0,33.6101225781,0.422413793103
2493557,0.887931034483,0.0775862068966,116,55.0,11.2988152699,0.474137931034
2493561,5.15517241379,0.0862068965517,116,102.0,59.1142744168,0.879310344828
2493612,0.698275862069,0.051724137931,116,49.0,13.2439502943,0.422413793103
2493620,1.43965517241,0.0862068965517,116,88.0,16.5085013839,0.758620689655
2505060,1.56034482759,0.00862068965517,116,64.0,162.186379928,0.551724137931
2505286,1.09482758621,0.0344827586207,116,57.0,30.8551992225,0.491379310345
2505306,0.784482758621,0.00862068965517,116,53.0,81.541218638,0.456896551724
2505308,0.0,0.0,116,0.0,0.0,0.0
2505457,1.38793103448,0.0172413793103,116,54.0,76.0869565217,0.465517241379
2505459,6.98275862069,0.0,116,81.0,6982.75862069,0.698275862069
2505461,0.0,0.0,116,0.0,0.0,0.0
2510198,0.129310344828,0.0431034482759,116,3.0,2.9319781079,0.0258620689655
2510200,0.422413793103,0.0344827586207,116,15.0,11.9047619048,0.129310344828
2510204,74.8017241379,2.84482758621,116,115.0,26.2846999237,0.991379310345
2510279,1.78448275862,0.0862068965517,116,32.0,20.462633452,0.275862068966
2511680,0.0,0.0,116,0.0,0.0,0.0
2511722,1.40517241379,0.00862068965517,116,55.0,146.05734767,0.474137931034
2511769,4.30172413793,0.0172413793103,116,94.0,235.822306238,0.810344827586
2519457,3.65517241379,0.0,116,106.0,3655.17241379,0.913793103448
2519935,6.02586206897,0.137931034483,116,103.0,43.3730454207,0.887931034483
2519974,31.7672413793,1.62931034483,116,102.0,19.4853952072,0.879310344828
2519978,9.50862068966,0.629310344828,116,103.0,15.0856173751,0.887931034483
2520388,1.91379310345,0.0,116,37.0,1913.79310345,0.318965517241
2523932,11.0948275862,0.887931034483,116,81.0,12.4810892587,0.698275862069
2525358,2.25862068966,0.0258620689655,116,112.0,84.082156611,0.965517241379
2532719,20.1551724138,1.5775862069,116,62.0,12.7678629939,0.534482758621
2532894,6.19827586207,0.663793103448,116,56.0,9.32361637014,0.48275862069
2558417,10.7413793103,0.258620689655,116,116.0,41.3733563554,1.0
2558542,5.66379310345,0.0603448275862,116,90.0,92.3271500843,0.775862068966
2558544,5.64655172414,0.0775862068966,116,116.0,71.8516893374,1.0
2567920,11.9137931034,0.198275862069,116,82.0,59.7854300052,0.706896551724
2596909,0.0,0.0,116,0.0,0.0,0.0
2596995,1.1724137931,0.0,116,17.0,1172.4137931,0.146551724138
2597007,0.73275862069,0.0,116,17.0,732.75862069,0.146551724138
2597084,0.0,0.0,116,0.0,0.0,0.0
2597102,0.879310344828,0.0,116,17.0,879.310344828,0.146551724138
2597104,0.293103448276,0.0,116,17.0,293.103448276,0.146551724138
2597112,0.586206896552,0.0,116,17.0,586.206896552,0.146551724138
2603995,3.84482758621,0.129310344828,116,88.0,29.5051600953,0.758620689655
2603997,2.58620689655,0.198275862069,116,67.0,12.9780238796,0.577586206897
2604122,7.53448275862,0.163793103448,116,110.0,45.720862105,0.948275862069
2604138,43.6896551724,1.12931034483,116,116.0,38.6527959974,1.0
2605767,5.25862068966,0.181034482759,116,104.0,28.8880469786,0.896551724138
2605820,22.4396551724,1.19827586207,116,104.0,18.7110037666,0.896551724138
2606091,2.1724137931,0.0689655172414,116,94.0,31.0497782159,0.810344827586
2630390,10.1551724138,0.758620689655,116,105.0,13.3687412048,0.905172413793
2635279,6.51724137931,0.344827586207,116,100.0,18.8453484894,0.862068965517
2635281,7.10344827586,0.439655172414,116,103.0,16.1201971985,0.887931034483
2636159,5.28448275862,0.215517241379,116,110.0,24.4067526676,0.948275862069
2636161,6.33620689655,0.120689655172,116,98.0,52.068574667,0.844827586207
2647940,10.6120689655,0.431034482759,116,110.0,24.563013808,0.948275862069
2647942,16.1896551724,0.318965517241,116,114.0,50.5981247979,0.98275862069
2647944,19.3879310345,0.801724137931,116,114.0,24.1526697882,0.98275862069
2647948,43.724137931,2.20689655172,116,111.0,19.803526527,0.956896551724
2647994,43.0172413793,1.97413793103,116,111.0,21.7793606732,0.956896551724
2648044,37.0344827586,1.93965517241,116,116.0,19.0834947316,1.0
2648046,26.5862068966,1.28448275862,116,116.0,20.6818852437,1.0
2649730,6.03448275862,0.155172413793,116,116.0,38.6398763524,1.0
2682581,0.0,0.0,116,0.0,0.0,0.0
2682585,0.0,0.0,116,0.0,0.0,0.0
2682587,0.0,0.0,116,0.0,0.0,0.0
2682591,0.0,0.0,116,0.0,0.0,0.0
2682603,6.63793103448,0.215517241379,116,66.0,30.6577480491,0.568965517241
2730981,22.5948275862,0.284482758621,116,28.0,79.1460321295,0.241379310345
2741096,0.0862068965517,0.0,116,2.0,86.2068965517,0.0172413793103
2742096,0.0,0.0,116,0.0,0.0,0.0
2742104,0.0,0.0,116,0.0,0.0,0.0
2742106,0.0,0.0,116,0.0,0.0,0.0
2742108,0.0,0.0,116,0.0,0.0,0.0
2751322,3.25862068966,0.0431034482759,116,116.0,73.885848319,1.0
2751342,4.5775862069,0.0431034482759,116,102.0,103.79202502,0.879310344828
2759798,0.137931034483,0.0,116,2.0,137.931034483,0.0172413793103
2760837,0.0862068965517,0.0,116,2.0,86.2068965517,0.0172413793103
2777911,3.25862068966,0.293103448276,116,37.0,11.0798452339,0.318965517241
2796067,7.04310344828,0.327586206897,116,102.0,21.4345681604,0.879310344828
2796091,7.43965517241,0.155172413793,116,98.0,47.6374475602,0.844827586207
2796121,4.66379310345,0.172413793103,116,113.0,26.8940147147,0.974137931034
2796187,8.83620689655,0.25,116,107.0,35.20401154,0.922413793103
2796199,29.1551724138,0.758620689655,116,111.0,38.3812247492,0.956896551724
2796211,51.5,1.33620689655,116,116.0,38.5131127672,1.0
2796219,5.16379310345,0.112068965517,116,116.0,45.6694114059,1.0
2796243,9.64655172414,0.155172413793,116,116.0,61.7686023405,1.0
2796245,78.6896551724,2.93965517241,116,102.0,26.7592256007,0.879310344828
2796251,32.3793103448,1.76724137931,116,113.0,18.3115895396,0.974137931034
2796297,4.46551724138,0.146551724138,116,111.0,30.2640803926,0.956896551724
2796303,4.12068965517,0.129310344828,116,101.0,31.6221222546,0.870689655172
2796677,10.8275862069,0.965517241379,116,86.0,11.2026829355,0.741379310345
2796707,173.206896552,2.81896551724,116,116.0,61.4216363614,1.0
2796723,0.534482758621,0.00862068965517,116,62.0,55.5555555556,0.534482758621
2798517,2.89655172414,0.0689655172414,116,59.0,41.3997042878,0.508620689655
2799097,3.79310344828,0.0,116,44.0,3793.10344828,0.379310344828
2847527,7.27586206897,0.120689655172,116,95.0,59.7903088694,0.818965517241
2861645,3.77586206897,0.172413793103,116,58.0,21.7737124677,0.5
2862893,2.13793103448,0.0603448275862,116,69.0,34.8510399101,0.594827586207
2867925,6.87931034483,0.103448275862,116,100.0,65.8633212281,0.862068965517
2867993,3.05172413793,0.181034482759,116,46.0,16.7645387384,0.396551724138
2870550,4.65517241379,0.396551724138,116,66.0,11.7096018735,0.568965517241
2870552,1.86206896552,0.189655172414,116,39.0,9.76668475312,0.336206896552
2870554,2.37931034483,0.310344827586,116,77.0,7.64204230812,0.663793103448
2876308,6.66379310345,0.0258620689655,116,116.0,248.074454429,1.0
2876498,3.26724137931,0.00862068965517,116,44.0,339.605734767,0.379310344828
2896877,2.96551724138,0.146551724138,116,66.0,20.0981537742,0.568965517241
2896881,3.37068965517,0.0431034482759,116,95.0,76.4268960125,0.818965517241
2896883,3.72413793103,0.0862068965517,116,105.0,42.7046263345,0.905172413793
2896895,4.64655172414,0.137931034483,116,109.0,33.4450235791,0.939655172414
2896905,5.09482758621,0.129310344828,116,95.0,39.0976448796,0.818965517241
2896907,5.62068965517,0.206896551724,116,70.0,27.0359927019,0.603448275862
2896911,4.49137931034,0.0775862068966,116,116.0,57.1522597631,1.0
2911822,11.0431034483,0.387931034483,116,105.0,28.3934745988,0.905172413793
2911836,13.75,0.620689655172,116,99.0,22.1171446004,0.853448275862
2911852,6.31034482759,0.215517241379,116,108.0,29.1447682752,0.931034482759
2911864,5.9224137931,0.25,116,116.0,23.5952740761,1.0
2911880,5.65517241379,0.163793103448,116,111.0,34.3168026784,0.956896551724
2912066,7.14655172414,0.370689655172,116,94.0,19.2272010391,0.810344827586
2912076,7.78448275862,0.293103448276,116,107.0,26.4685191699,0.922413793103
2912124,36.5603448276,1.77586206897,116,82.0,20.5757922723,0.706896551724
2912132,13.5344827586,0.706896551724,116,115.0,19.1192946563,0.991379310345
2912232,17.5689655172,0.620689655172,116,107.0,28.2600255144,0.922413793103
2912240,3.87931034483,0.172413793103,116,110.0,22.3702525353,0.948275862069
2912244,7.06034482759,0.23275862069,116,106.0,30.2035698481,0.913793103448
2912248,79.3534482759,4.01724137931,116,113.0,19.7483029975,0.974137931034
2912252,32.9913793103,1.61206896552,116,116.0,20.4525534962,1.0
2912944,1.74137931034,0.0431034482759,116,103.0,39.483971853,0.887931034483
2912984,1.01724137931,0.0775862068966,116,47.0,12.9442738043,0.405172413793
2913010,3.5,0.198275862069,116,89.0,17.563592317,0.76724137931
2913018,3.5,0.689655172414,116,73.0,5.06765190474,0.629310344828
2913022,7.12068965517,0.379310344828,116,92.0,18.7233656723,0.793103448276
2913028,0.905172413793,0.137931034483,116,47.0,6.51526433358,0.405172413793
2913034,1.52586206897,0.0603448275862,116,98.0,24.8735244519,0.844827586207
2913162,11.9224137931,0.155172413793,116,93.0,76.3413557077,0.801724137931
2916672,1.0,0.198275862069,116,21.0,5.01816923343,0.181034482759
2916790,2.5,0.0172413793103,116,84.0,137.051039698,0.724137931034
2917532,2.50862068966,0.00862068965517,116,45.0,260.752688172,0.387931034483
2917534,7.12931034483,0.112068965517,116,63.0,63.0527599878,0.543103448276
2917892,0.0,0.0,116,0.0,0.0,0.0
2918579,4.1724137931,0.0775862068966,116,87.0,53.0934620448,0.75
2918990,11.4396551724,0.0689655172414,116,116.0,163.504189256,1.0
2940627,2.08620689655,0.181034482759,116,35.0,11.4605038833,0.301724137931
2940631,2.05172413793,0.0172413793103,116,52.0,112.47637051,0.448275862069
2940635,2.13793103448,0.0258620689655,116,52.0,79.5892169448,0.448275862069
2940637,1.58620689655,0.0344827586207,116,52.0,44.703595724,0.448275862069
3019502,3.38793103448,0.0775862068966,116,116.0,43.1110136025,1.0
3019558,6.89655172414,0.284482758621,116,86.0,24.1575069453,0.741379310345
3019560,5.54310344828,0.0431034482759,116,116.0,125.684128225,1.0
3039766,6.33620689655,0.137931034483,116,98.0,45.6068503351,0.844827586207
3039906,3.13793103448,0.129310344828,116,79.0,24.0804445621,0.681034482759
3039942,2.27586206897,0.310344827586,116,54.0,7.30977959907,0.465517241379
3042086,8.87068965517,0.534482758621,116,75.0,16.5657801533,0.646551724138
3042208,2.0,0.198275862069,116,46.0,10.0363384669,0.396551724138
3043112,9.5775862069,0.275862068966,116,76.0,34.5933491095,0.655172413793
3050962,0.862068965517,0.0603448275862,116,35.0,14.0528386734,0.301724137931
3055062,1.71551724138,0.137931034483,116,60.0,12.3479771655,0.51724137931
3055102,2.34482758621,0.137931034483,116,61.0,16.8776371308,0.525862068966
3073482,2.71551724138,0.155172413793,116,55.0,17.3879443586,0.474137931034
3074882,6.58620689655,0.336206896552,116,75.0,19.5316494529,0.646551724138
3085956,2.00862068966,0.051724137931,116,88.0,38.096795291,0.758620689655
3095202,1.29310344828,0.0431034482759,116,43.0,29.319781079,0.370689655172
3107916,3.90517241379,0.198275862069,116,84.0,19.5968160581,0.724137931034
3107946,3.69827586207,0.146551724138,116,56.0,25.0642673522,0.48275862069
3107962,2.43965517241,0.241379310345,116,83.0,10.065443164,0.715517241379
3107964,2.41379310345,0.198275862069,116,92.0,12.1128222876,0.793103448276
3107970,2.6724137931,0.0258620689655,116,104.0,99.486521181,0.896551724138
3107984,8.09482758621,0.215517241379,116,85.0,37.386526517,0.73275862069
3107990,6.8275862069,0.0689655172414,116,102.0,97.5850172499,0.879310344828
3107992,3.12931034483,0.0431034482759,116,90.0,70.9538702111,0.775862068966
3107994,11.7068965517,0.577586206897,116,59.0,20.233625365,0.508620689655
3108004,2.55172413793,0.0603448275862,116,85.0,41.5964024733,0.73275862069
3108010,3.53448275862,0.120689655172,116,86.0,29.0450552564,0.741379310345
3118592,1.0775862069,0.00862068965517,116,43.0,112.007168459,0.370689655172
3161980,2.99137931034,0.0603448275862,116,62.0,48.7633501967,0.534482758621
3161984,2.06034482759,0.0344827586207,116,62.0,58.0660835763,0.534482758621
3191750,1.86206896552,0.0344827586207,116,52.0,52.4781341108,0.448275862069
3191752,1.06896551724,0.0,116,31.0,1068.96551724,0.26724137931
3191770,3.24137931034,0.0258620689655,116,52.0,120.667522465,0.448275862069
3191772,2.1724137931,0.0431034482759,116,52.0,49.2572322127,0.448275862069
3191778,2.56896551724,0.00862068965517,116,52.0,267.025089606,0.448275862069
