date,sale_ord_id,item_sku_id,sale_qtty,sale_ord_tm,sale_ord_type,sale_ord_white_flag,dc_id
2016/10/22,40672515010,3742666,2,14:32.0,-1,1,8
2016/10/22,40672515010,383893,1,14:32.0,0,1,8
2016/10/22,40672515010,566726,1,14:32.0,1,0,682
2016/10/22,39412847132,630661,1,32:22.0,9,0,682
2016/10/22,41931359395,843636,1,28:05.0,-1,1,682
2016/10/22,43224455845,1014927,1,41:48.0,0,0,682
2016/10/22,43149231955,1015331,1,37:16.0,1,0,682
2016/10/22,43380905098,1063374,1,16:45.0,9,0,682
2016/10/22,43261054338,1090185,1,35:18.0,-1,1,682
2016/10/22,43256633540,1126428,1,02:04.0,0,0,682
2016/10/22,39820422191,1136724,1,59:18.0,1,1,682
2016/10/22,42279692199,1138344,1,40:50.0,9,0,682
2016/10/22,41452035754,1163247,1,37:49.0,-1,0,682
2016/10/22,41394088111,1282874,1,32:16.0,0,1,682
2016/10/22,43019101963,1292431,1,39:06.0,1,1,682
2016/10/22,43268189280,1307650,1,02:52.0,9,1,682
2016/10/22,44118674478,1895366,1,26:13.0,-1,0,682
2016/10/22,43058993604,1962846,1,08:31.0,0,0,682
2016/10/22,43045014128,2121354,1,18:13.0,1,1,682
2016/10/22,39926638010,2155429,1,57:24.0,9,0,682
2016/10/22,44007764179,2494997,1,52:07.0,-1,0,682
2016/10/22,42934392206,2524209,1,33:44.0,0,0,682
2016/10/22,39714425046,2667283,1,27:26.0,1,1,682
2016/10/22,43157243960,2722973,1,55:10.0,9,0,682
2016/10/22,43574406580,2779368,1,20:12.0,-1,1,682
2016/10/22,43194386342,2794596,1,06:22.0,0,0,682
2016/10/22,43490091317,3303335,1,17:42.0,1,0,682
2016/10/26,43363949018,1010732,1,15:27.0,9,1,682
2016/10/26,43106241317,1031351,1,38:08.0,-1,1,682
2016/10/26,43343831191,1063068,1,45:17.0,0,1,682
2016/10/26,42315272671,1063482,1,42:40.0,1,0,682
2016/10/26,39933279760,1118887,1,05:58.0,9,0,682
2016/10/26,39615085032,1139299,1,18:18.0,-1,1,682
2016/10/26,42975722845,1298381,1,30:15.0,0,0,682
2016/10/26,43180844778,1916856,1,38:06.0,1,0,682
2016/10/26,43391124940,1916937,1,06:29.0,9,0,682
2016/10/26,43734668188,1962828,1,23:04.0,-1,1,682
2016/10/26,43283349772,2078353,1,17:07.0,0,0,682
2016/10/26,43321731976,2201173,1,42:54.0,1,1,682
2016/10/26,40738960193,2410324,1,01:29.0,9,0,682
2016/10/26,43171209510,2518044,1,01:39.0,-1,0,682
2016/10/26,43288197789,2576590,1,35:32.0,0,1,682
2016/10/26,41742354894,2729237,1,21:11.0,1,1,682
2016/10/26,43287783520,2794622,1,53:09.0,9,1,682
2016/10/26,43335230782,2960472,1,21:24.0,-1,0,682
2016/10/26,43306616351,3312191,1,23:35.0,0,0,682
2016/10/29,43199394950,972646,1,44:47.0,1,1,682
2016/10/29,43182519599,1063406,1,37:19.0,9,0,682
2016/10/29,43438604723,1084683,1,24:12.0,-1,0,682
2016/10/29,43199610403,1093511,1,01:41.0,0,0,682
2016/10/29,43311096728,1139312,1,04:42.0,1,1,682
2016/10/29,43297975766,1143308,1,59:39.0,9,0,682
2016/10/29,42208412804,1144613,1,29:37.0,-1,1,682
2016/10/29,39644181018,1163243,1,41:49.0,0,0,682
2016/10/29,43314171962,1307638,1,34:38.0,1,0,682
2016/10/29,40106324073,1322334,1,32:42.0,9,1,682
2016/10/29,43498858489,1338102,1,18:12.0,-1,1,682
2016/10/29,43281087484,1455371,1,57:20.0,0,1,682
2016/10/29,43187095754,1628270,1,20:55.0,1,0,682
2016/10/29,44165542906,1698000,1,22:24.0,9,0,682
2016/10/29,43207687765,1934726,1,17:53.0,-1,1,682
2016/10/29,43155706305,1946147,1,07:45.0,0,0,682
2016/10/29,42375867781,1966776,1,42:57.0,1,0,682
2016/10/29,40739322405,2012892,1,42:01.0,9,0,682
2016/10/29,39811020262,2053563,1,06:30.0,-1,1,682
2016/10/29,40102310273,2057415,1,48:45.0,0,0,682
2016/10/29,44107772915,2112521,1,53:40.0,1,1,682
2016/10/29,40348878544,2712060,1,52:40.0,9,0,682
2016/10/29,43364371367,2729251,1,09:07.0,-1,0,682
2016/10/29,43290123291,2744515,1,57:25.0,0,1,682
2016/10/29,43203192922,2755333,1,11:02.0,1,1,682
2016/10/29,44115021967,2911447,1,28:14.0,9,1,682
2016/10/29,43249320276,3182437,1,59:44.0,-1,0,682
2016/10/30,39969422476,3765058,1,36:07.0,0,0,682
2016/11/4,40430204325,3928032,1,52:50.0,1,1,682
2016/11/4,42190670906,3646866,1,53:53.0,9,0,682
2016/11/4,37968654519,3646992,20,35:15.0,-1,0,682
2016/11/4,43074168919,3647018,1,05:42.0,0,0,682
2016/11/4,43059461158,3648080,2,26:00.0,1,1,682
2016/11/4,42979731600,3648116,1,32:51.0,9,0,682
2016/11/4,43100414160,3648242,1,26:36.0,-1,1,682
2016/11/4,43171924700,3648404,1,09:38.0,0,0,682
2016/11/4,43203433752,3648530,1,09:06.0,1,0,682
2016/11/4,43247590865,3648648,1,48:31.0,9,1,682
2016/11/4,39627686318,3648936,1,04:28.0,-1,1,682
2016/11/4,40108647109,3649502,1,27:17.0,0,1,682
2016/11/4,41148754894,3650050,1,28:05.0,1,0,682
2016/11/4,43355774730,3650456,1,42:18.0,9,0,682
2016/11/4,42040464809,3650500,1,27:15.0,-1,1,682
2016/11/4,43086936111,3650582,1,25:57.0,0,0,682
2016/11/4,43162255344,3650618,1,54:44.0,1,0,682
2016/11/4,43266635738,3650870,1,49:06.0,9,0,682
2016/11/4,43059918632,3650988,1,13:23.0,-1,1,682
2016/11/4,43287942582,3651022,1,40:16.0,0,0,682
2016/11/4,43299420318,3651392,1,44:12.0,1,1,682
2016/11/4,43248518676,3651428,1,09:18.0,9,0,682
2016/11/4,44774409630,3651554,1,04:07.0,-1,0,682
2016/11/4,43302942047,3652364,1,53:45.0,0,1,682
2016/11/4,43023542024,3652896,1,02:17.0,1,1,682
2016/11/4,39833972129,3653336,1,30:03.0,9,1,682
2016/11/4,38966689502,3653624,1,57:57.0,-1,0,682
2016/11/4,42368117061,3653868,1,41:29.0,0,0,682
2016/11/4,39567480835,3653994,1,50:53.0,1,1,682
2016/11/4,42957611497,3654272,1,32:19.0,9,0,682
2016/11/4,39885486047,3654678,2,02:50.0,-1,0,682
2016/11/4,43138574913,3654966,1,06:56.0,0,0,682
2016/11/4,43180164558,3655000,1,24:45.0,1,1,682
2016/11/4,43183306774,3655082,1,07:08.0,9,0,682
2016/11/4,43262217052,3655118,1,48:01.0,-1,1,682
2016/11/4,43247993940,3655244,1,05:06.0,0,0,682
2016/11/4,39779457921,3655406,1,34:43.0,1,0,682
2016/11/4,43261251153,3655488,1,33:54.0,9,1,682
2016/11/4,43181905921,3655776,1,17:28.0,-1,1,682
2016/11/4,43345297276,3655938,1,16:27.0,0,1,682
2016/11/4,43400017203,3656054,1,04:21.0,1,0,682
2016/11/4,42272993513,3656180,1,13:11.0,9,0,682
2016/11/4,43201300762,3656298,1,40:05.0,-1,1,682
2016/11/4,43142391028,3657026,1,48:10.0,0,0,682
2016/11/4,43131711880,3657602,1,36:23.0,1,0,682
2016/11/4,42966408010,3657846,1,28:41.0,9,0,682
2016/11/4,41981244808,3657972,1,10:16.0,-1,1,682
2016/11/4,41272037640,3658124,1,12:56.0,0,0,682
2016/11/4,39260922394,3658368,1,23:36.0,1,1,682
2016/11/4,39627683598,3658656,1,22:07.0,9,0,682
2016/11/4,43239844626,3658700,5,51:21.0,-1,0,682
2016/11/4,43336108287,3659592,1,15:32.0,0,1,682
2016/11/4,43099529923,3659628,1,55:32.0,1,1,682
2016/11/4,40935462000,3660338,1,51:30.0,9,1,682
2016/11/4,43187574888,3660464,1,26:07.0,-1,0,682
2016/11/4,43229157774,3660996,1,32:08.0,0,0,682
2016/11/4,43168086031,3661030,1,13:25.0,1,1,682
2016/11/4,43264073873,3661436,1,57:20.0,9,0,682
2016/11/4,39812258951,3661724,1,15:20.0,-1,0,682
2016/11/4,43136527443,3661850,1,19:44.0,0,0,682
2016/11/4,43180583211,3661968,1,47:26.0,1,1,682
2016/11/4,43165532768,3662002,1,04:04.0,9,0,682
2016/11/4,43160223880,3662084,1,01:09.0,-1,1,682
2016/11/4,43328289952,3662246,1,41:56.0,0,0,682
2016/11/4,39898029487,3662408,1,51:17.0,1,0,682
2016/11/4,43178314351,3662534,1,24:04.0,9,1,682
2016/11/4,43140369616,3663218,1,23:56.0,-1,1,682
2016/11/4,43150159693,3663344,1,19:21.0,0,1,682
2016/11/4,43210339912,3663470,1,44:28.0,1,0,682
2016/11/4,41949541686,3663588,1,32:04.0,9,0,682
2016/11/4,43176321315,3663632,1,15:10.0,-1,1,682
2016/11/4,43303724986,3663876,1,11:18.0,0,0,682
2016/11/4,43282301338,3664028,1,40:48.0,1,0,682
2016/11/4,43212667250,3664154,1,26:54.0,9,0,682
2016/11/4,43350601818,3664280,1,36:38.0,-1,1,682
2016/11/4,43356312183,3664604,1,15:36.0,0,0,682
2016/11/4,43197604053,3664686,1,13:32.0,1,1,682
2016/11/4,43316150105,3665702,1,20:43.0,9,0,682
2016/11/4,43210330808,3665946,1,55:21.0,-1,0,682
2016/11/4,43290697425,3666062,1,44:40.0,0,1,682
2016/11/4,43154034280,3669636,1,51:50.0,1,1,682
2016/11/4,40409022021,3669762,1,18:38.0,9,1,682
2016/11/4,43301048346,3670346,1,35:36.0,-1,0,682
2016/11/4,43182679364,3670472,1,51:53.0,0,0,682
2016/11/4,43290937691,3670634,1,02:26.0,1,1,682
2016/11/4,43197194384,3671570,1,43:17.0,9,0,682
2016/11/4,43067046789,3672416,1,04:28.0,-1,0,682
2016/11/4,43520807383,3672498,1,20:30.0,0,0,682
2016/11/4,43201426123,3673064,1,27:21.0,1,1,682
2016/11/4,43342306038,3673190,1,57:16.0,9,0,682
2016/11/4,43319918362,3673352,2,19:48.0,-1,1,682
2016/11/4,43145784229,3673596,1,32:43.0,0,0,682
2016/11/4,42250758031,3673802,1,15:38.0,1,0,682
2016/11/4,43329143546,3674036,1,27:00.0,9,1,682
2016/11/4,43226356912,3674450,1,25:36.0,-1,1,682
2016/11/4,40792574987,3674856,1,59:03.0,0,1,682
2016/11/4,43264064672,3674900,1,35:58.0,1,0,682
2016/11/4,43275519922,3675134,1,13:48.0,9,0,682
2016/11/4,43206842145,3675260,1,53:33.0,-1,1,682
2016/11/4,43279969785,3675378,1,25:52.0,0,0,682
2016/11/4,43297332445,3675422,1,45:11.0,1,0,682
2016/11/4,43149618183,3675792,2,05:38.0,9,0,682
2016/11/4,43276075283,3675954,1,01:36.0,-1,1,682
2016/11/4,43654297308,3676188,1,10:24.0,0,0,682
2016/11/4,43260403572,3676764,1,31:50.0,1,1,682
2016/11/4,43254696684,3676890,1,02:28.0,9,0,682
2016/11/4,43187217708,3677736,1,18:14.0,-1,0,682
2016/11/4,39704338172,3677862,1,14:09.0,0,1,682
2016/11/4,43352914292,3678546,1,34:19.0,1,1,682
2016/11/4,43217818896,3679068,1,23:02.0,9,1,682
2016/11/4,41278743209,3679194,1,07:31.0,-1,0,682
2016/11/4,42167271618,3680110,1,22:35.0,0,0,682
2016/11/4,43335639122,3680354,1,13:47.0,1,1,682
2016/11/4,42237901036,3680480,1,40:38.0,9,0,682
2016/11/4,43320678624,3680516,1,10:11.0,-1,0,682
2016/11/4,43200552582,3680642,1,54:33.0,0,0,682
2016/11/4,43179690178,3681038,1,55:45.0,1,1,682
2016/11/4,43085334404,3681290,1,59:14.0,9,0,682
2016/11/4,43332984320,3681326,1,27:32.0,-1,1,682
2016/11/4,43309607485,3682550,1,18:11.0,0,0,682
2016/11/4,42980329606,3684170,1,59:41.0,1,0,682
2016/11/4,41050310986,3685386,1,39:12.0,9,1,682
2016/11/4,40659718408,3685548,1,11:23.0,-1,1,682
2016/11/4,40089389293,3685674,1,55:50.0,0,1,682
2016/11/4,42706277062,3685962,1,03:55.0,1,0,682
2016/11/4,43284244441,3686114,1,20:26.0,9,0,682
2016/11/4,43041200577,3686196,1,48:38.0,-1,1,682
2016/11/4,42442817964,3686240,1,28:58.0,0,0,682
2016/11/4,43081901873,3686484,1,02:18.0,1,0,682
2016/11/4,43102298234,3686772,1,35:02.0,9,0,682
2016/11/4,43217798897,3686808,1,22:33.0,-1,1,682
2016/11/4,43159455494,3687050,1,01:29.0,0,0,682
2016/11/4,41844577041,3687294,1,29:43.0,1,1,682
2016/11/4,40351413155,3687456,1,45:55.0,9,0,682
2016/11/4,39809479962,3687582,1,56:39.0,-1,0,682
2016/11/4,40439568395,3687618,1,04:04.0,0,1,682
2016/11/4,39789695008,3687744,1,38:23.0,1,1,682
2016/11/4,41030883212,3688428,1,46:33.0,9,1,682
2016/11/4,43528076541,3688554,1,55:56.0,-1,0,682
2016/11/4,43732788197,3688680,1,21:52.0,0,0,682
2016/11/4,43899434750,3688716,1,10:00.0,1,1,682
2016/11/4,43406453808,3688798,1,24:40.0,9,0,682
2016/11/4,40856246789,3688842,1,39:43.0,-1,0,682
2016/11/4,43502259682,3689238,1,16:38.0,0,0,682
2016/11/4,43601907779,3689652,1,40:15.0,1,1,682
2016/11/4,43467334952,3689814,1,01:53.0,9,0,682
2016/11/4,42949103968,3689896,1,26:22.0,-1,1,682
2016/11/4,42259013954,3689940,1,41:34.0,0,0,682
2016/11/4,43115602939,3690074,1,05:52.0,1,0,682
2016/11/4,43196061783,3690236,1,28:01.0,9,1,682
2016/11/4,43067859937,3690362,1,40:55.0,-1,1,682
2016/11/4,43527259996,3690650,1,45:31.0,0,1,682
2016/11/4,41036326601,3691046,1,16:51.0,1,0,682
2016/11/4,43000392326,3691172,1,24:09.0,9,0,682
2016/11/4,43192426741,3691334,1,42:24.0,-1,1,682
2016/11/4,43817505026,3691578,1,47:27.0,0,0,682
2016/11/4,43129419195,3691866,1,16:50.0,1,0,682
2016/11/4,43918316528,3691992,1,07:27.0,9,0,682
2016/11/4,43205046622,3692018,1,04:07.0,-1,1,682
2016/11/4,43089176069,3692720,1,36:01.0,0,0,682
2016/11/4,44026402482,3693404,1,11:47.0,1,1,682
2016/11/4,43112503948,3694340,1,26:33.0,9,0,682
2016/11/4,43219322855,3695682,1,17:08.0,-1,0,682
2016/11/4,43086788325,3696780,1,19:29.0,0,1,682
2016/11/4,43186563326,3696816,1,23:10.0,1,1,682
2016/11/4,43082416890,3699084,1,12:23.0,9,1,682
2016/11/4,43082362994,3699822,1,27:25.0,-1,0,682
2016/11/4,43201572191,3700342,1,53:12.0,0,0,682
2016/11/4,42948730736,3700874,1,52:56.0,1,1,682
2016/11/4,43112615003,3701026,1,04:20.0,9,0,682
2016/11/4,43206476525,3701314,1,14:17.0,-1,0,682
2016/11/4,43090474886,3701396,1,46:57.0,0,0,682
2016/11/4,43056001349,3701440,1,02:31.0,1,1,682
2016/11/4,40496808036,3701602,1,19:17.0,9,0,682
2016/11/4,43127865521,3701684,1,53:01.0,-1,1,682
2016/11/4,43922671892,3702250,1,15:48.0,0,0,682
2016/11/4,40968914918,3702368,1,04:05.0,1,0,682
2016/11/4,41482437444,3702412,1,00:21.0,9,1,682
2016/11/4,43258894299,3702782,1,28:48.0,-1,1,682
2016/11/4,39481863190,3703628,1,23:16.0,0,1,682
2016/11/4,39829157724,3703998,1,03:05.0,1,0,682
2016/11/4,40487830373,3704320,1,42:07.0,9,0,682
2016/11/4,39960831278,3704564,1,15:01.0,-1,1,682
2016/11/4,42651321843,3705536,1,06:50.0,0,0,682
2016/11/4,43286770332,3707200,1,29:36.0,1,0,682
2016/11/4,43150179484,3707282,1,36:25.0,9,0,682
2016/11/4,43208512038,3707570,1,58:22.0,-1,1,682
2016/11/4,40784603690,3707688,1,39:44.0,0,0,682
2016/11/4,43686138799,3707732,1,24:40.0,1,1,682
2016/11/4,39748352450,3708128,1,42:17.0,9,0,682
2016/11/4,43464871148,3708254,1,49:03.0,-1,0,682
2016/11/4,40671826796,3708416,1,06:53.0,0,1,682
2016/11/4,42242524296,3708498,1,06:59.0,1,1,682
2016/11/4,43444161849,3708542,1,55:50.0,9,1,682
2016/11/4,43251809216,3708786,1,56:14.0,-1,0,682
2016/11/4,43131957328,3708948,1,13:26.0,0,0,682
2016/11/4,42297545746,3709064,1,26:57.0,1,1,682
2016/11/4,40807637167,3709190,1,27:40.0,9,0,682
2016/11/4,41184304334,3709226,1,51:17.0,-1,0,682
2016/11/4,43370382624,3709352,1,06:13.0,0,0,682
2016/11/4,43258037093,3709514,1,54:49.0,1,1,682
2016/11/4,43489106010,3709758,1,15:26.0,9,0,682
2016/11/4,43289840387,3709884,1,53:42.0,-1,1,682
2016/11/4,40703048357,3710062,1,14:56.0,0,0,682
2016/11/4,43523336057,3710224,1,39:26.0,1,0,682
2016/11/4,43166491939,3711278,1,07:47.0,9,1,682
2016/11/4,43425667789,3711566,1,59:35.0,-1,1,682
2016/11/4,40688255428,3711610,1,10:30.0,0,1,682
2016/11/4,39833938751,3711692,1,38:42.0,1,0,682
2016/11/4,42372651011,3711728,1,58:26.0,9,0,682
2016/11/4,43353000278,3711854,1,16:53.0,-1,1,682
2016/11/4,43964957225,3712006,1,40:15.0,0,0,682
2016/11/4,43439652967,3712088,1,53:47.0,1,0,682
2016/11/4,42373830343,3712376,1,01:11.0,9,0,682
2016/11/4,41628742917,3712664,1,25:42.0,-1,1,682
2016/11/4,39959720647,3712790,1,36:52.0,0,0,682
2016/11/4,43225691459,3713230,1,38:17.0,1,1,682
2016/11/4,43229262482,3713924,1,43:05.0,9,0,682
2016/11/4,42334904966,3714446,1,47:59.0,-1,0,682
2016/11/4,43263693524,3714734,1,53:53.0,0,1,682
2016/11/4,43466406968,3715418,1,12:54.0,1,1,682
2016/11/4,40130404970,3715670,1,05:16.0,9,1,682
2016/11/4,43536767780,3716192,1,05:39.0,-1,0,682
2016/11/4,41748570693,3717290,1,06:46.0,0,0,682
2016/11/4,40529312620,3717614,1,48:24.0,1,1,682
2016/11/4,43240156975,3717858,1,35:36.0,9,0,682
2016/11/4,40639117892,3718262,1,40:19.0,-1,0,682
2016/11/4,39829184636,3718550,1,03:22.0,0,0,682
2016/11/4,44584992495,3718956,1,20:43.0,1,1,682
2016/11/4,43457751291,3719478,1,40:46.0,9,0,682
2016/11/4,43905452324,3719766,1,40:57.0,-1,1,682
2016/11/4,43216542051,3720106,1,11:21.0,0,0,682
2016/11/4,39768322510,3720188,1,37:13.0,1,0,682
2016/11/4,39882168420,3720638,1,12:13.0,9,1,682
2016/11/4,43202835242,3720926,1,27:40.0,-1,1,682
2016/11/4,43092510439,3721736,1,58:17.0,0,1,682
2016/11/4,41016143824,3722384,1,43:50.0,1,0,682
2016/11/4,42455715421,3722546,1,48:33.0,9,0,682
2016/11/4,43527054341,3723112,1,37:41.0,-1,1,682
2016/11/4,39651220059,3723356,1,06:01.0,0,0,682
2016/11/4,43486265407,3723482,1,42:21.0,1,0,682
2016/11/4,40845415114,3723806,1,36:49.0,9,0,682
2016/11/4,40650074570,3723888,1,18:10.0,-1,1,682
2016/11/4,40604240837,3724742,1,43:14.0,0,0,682
2016/11/4,43266557929,3725796,1,04:41.0,1,1,682
2016/11/4,43536689304,3726524,1,49:13.0,9,0,682
2016/11/4,42191743202,3726894,1,43:21.0,-1,0,682
2016/11/4,43287505174,3727208,1,31:36.0,0,1,682
2016/11/4,39562257228,3728432,1,43:32.0,1,1,682
2016/11/4,39639305768,3728838,1,27:22.0,9,1,682
2016/11/4,43906263219,3729080,1,34:09.0,-1,0,682
2016/11/4,43285223017,3729198,1,25:48.0,0,0,682
2016/11/4,42289375505,3729530,1,29:28.0,1,1,682
2016/11/4,43713530844,3729648,1,37:47.0,9,0,682
2016/11/4,43253059552,3729936,1,06:11.0,-1,0,682
2016/11/4,40995142662,3730240,1,58:52.0,0,0,682
2016/11/4,43635727069,3730358,1,46:19.0,1,1,682
2016/11/4,39897785903,3731050,1,48:57.0,9,0,682
2016/11/4,40373920961,3731212,1,11:30.0,-1,1,682
2016/11/4,42802850787,3731456,1,25:18.0,0,0,682
2016/11/4,39374527557,3731500,1,54:29.0,1,0,682
2016/11/4,39789627232,3731582,1,34:35.0,9,1,682
2016/11/4,43932371055,3731744,1,23:29.0,-1,1,682
2016/11/4,43396635775,3731870,1,12:15.0,0,1,682
2016/11/4,43742932874,3731906,1,22:55.0,1,0,682
2016/11/4,43331964596,3731988,1,58:24.0,9,0,682
2016/11/4,43203974721,3732428,1,07:33.0,-1,1,682
2016/11/4,40796878757,3732680,1,01:48.0,0,0,682
2016/11/4,43209025707,3732842,1,48:18.0,1,0,682
2016/11/4,41168834380,3733238,1,18:24.0,9,0,682
2016/11/4,43382293373,3733364,1,56:15.0,-1,1,682
2016/11/4,43385291373,3733652,1,24:30.0,0,0,682
2016/11/4,43787587082,3733814,1,13:07.0,1,1,682
2016/11/4,41984985858,3734868,1,10:33.0,9,0,682
2016/11/4,43529470334,3734912,1,06:58.0,-1,0,682
2016/11/4,41989384953,3735272,1,10:19.0,0,1,682
2016/11/4,43446357107,3735308,1,10:26.0,1,1,682
2016/11/4,43276539445,3735560,1,43:36.0,9,1,682
2016/11/4,44215749419,3735678,1,10:59.0,-1,0,682
2016/11/4,42991147044,3735722,1,16:56.0,0,0,682
2016/11/4,43770841055,3738846,1,48:11.0,1,1,682
2016/11/4,41371026251,3738972,1,28:28.0,9,0,682
2016/11/4,43058157637,3739368,1,12:56.0,-1,0,682
2016/11/4,43245803208,3739494,1,10:46.0,0,0,682
2016/11/4,40878632174,3739656,1,21:15.0,1,1,682
2016/11/4,43159091695,3739700,1,11:16.0,9,0,682
2016/11/4,42969097547,3739944,1,55:40.0,-1,1,682
2016/11/4,43211881837,3740492,1,59:43.0,0,0,682
2016/11/4,43769223950,3741220,1,52:34.0,1,0,682
2016/11/4,43328917856,3743084,1,52:02.0,9,1,682
2016/11/4,44680708539,3743246,1,09:40.0,-1,1,682
2016/11/4,43535075699,3743408,1,19:22.0,0,1,682
2016/11/4,43544489527,3743534,1,12:22.0,1,0,682
2016/11/4,43174685411,3745604,1,02:47.0,9,0,682
2016/11/4,43857722388,3745686,1,26:55.0,-1,1,682
2016/11/4,43389058050,3746702,1,57:05.0,0,0,682
2016/11/4,43342668055,3747062,2,37:48.0,1,0,682
2016/11/4,43534511897,3747224,1,21:39.0,9,0,682
2016/11/4,43521939478,3747468,1,40:41.0,-1,1,682
2016/11/4,43544056447,3747594,1,54:15.0,0,0,682
2016/11/4,43163990808,3747918,1,53:24.0,1,1,682
2016/11/4,43410301169,3748278,1,52:25.0,9,0,682
2016/11/4,39653560954,3748566,1,41:09.0,-1,0,682
2016/11/4,43382098485,3748692,1,13:47.0,0,1,682
2016/11/4,43419046497,3748854,1,59:35.0,1,1,682
2016/11/4,43408212722,3749006,1,53:08.0,9,1,682
2016/11/4,43466070484,3749088,1,28:11.0,-1,0,682
2016/11/4,41638396872,3749132,1,59:08.0,0,0,682
2016/11/4,43227509420,3749376,1,04:52.0,1,1,682
2016/11/4,43633453887,3749420,1,05:53.0,9,0,682
2016/11/4,43336828434,3749538,1,23:00.0,-1,0,682
2016/11/4,39904169828,3749664,1,15:39.0,0,0,682
2016/11/4,43356140346,3749952,1,15:32.0,1,1,682
2016/11/4,44051928504,3750020,1,34:14.0,9,0,682
2016/11/4,39951239011,3750138,1,36:21.0,-1,1,682
2016/11/4,43193964451,3750264,1,18:21.0,0,0,682
2016/11/4,43170236683,3750426,1,32:52.0,1,0,682
2016/11/4,43253970544,3750552,1,56:26.0,9,1,682
2016/11/4,44120627570,3751768,1,25:50.0,-1,1,682
2016/11/4,43457742700,3752578,1,34:33.0,0,1,682
2016/11/4,40655997448,3752866,1,56:12.0,1,0,682
2016/11/4,43265973790,3752992,1,52:11.0,9,0,682
2016/11/4,43223503556,3753018,1,23:27.0,-1,1,682
2016/11/4,43439855719,3753270,1,54:36.0,0,0,682
2016/11/4,43184476531,3753676,1,41:15.0,1,0,682
2016/11/4,43413785586,3753720,1,03:09.0,9,0,682
2016/11/4,42975386242,3753964,1,53:34.0,-1,1,682
2016/11/4,43021090915,3754116,1,05:11.0,0,0,682
2016/11/4,43506520795,3754404,1,11:12.0,1,1,682
2016/11/4,43174430442,3754486,1,54:27.0,9,0,682
2016/11/4,42969098154,3754530,1,47:19.0,-1,0,682
2016/11/4,39578970496,3754774,1,47:23.0,0,1,682
2016/11/4,43154467394,3756682,1,55:35.0,1,1,682
2016/11/4,43452555347,3756718,1,33:04.0,9,1,682
2016/11/4,43335571036,3756970,1,17:12.0,-1,0,682
2016/11/4,43031452467,3757492,1,00:49.0,0,0,682
2016/11/4,40806981121,3757528,1,31:06.0,1,1,682
2016/11/4,43327679740,3758752,1,21:09.0,9,0,682
2016/11/4,43535008217,3758914,1,17:18.0,-1,0,682
2016/11/4,43379859658,3759274,1,38:16.0,0,0,682
2016/11/4,43414187555,3759436,1,58:43.0,1,1,682
2016/11/4,43300489815,3760434,1,47:55.0,9,0,682
2016/11/4,43611300846,3760678,1,53:51.0,-1,1,682
2016/11/4,42936219600,3761820,1,17:17.0,0,0,682
2016/11/4,43953922371,3762180,1,15:09.0,1,0,682
2016/11/4,42077617842,3762216,2,17:28.0,9,1,682
2016/11/4,43185662723,3762342,1,19:31.0,-1,1,682
2016/11/4,43189264317,3762504,1,06:22.0,0,1,682
2016/11/4,43326016504,3762630,1,00:41.0,1,0,682
2016/11/4,42793220812,3762748,1,31:34.0,9,0,682
2016/11/4,40167210049,3762874,1,27:35.0,-1,1,682
2016/11/4,42198570759,3763152,1,45:29.0,0,0,682
2016/11/4,43541516634,3763440,1,41:55.0,1,0,682
2016/11/4,43459229052,3763684,1,03:56.0,9,0,682
2016/11/4,43143792853,3763846,1,03:01.0,-1,1,682
2016/11/4,43477383350,3764250,1,26:51.0,0,0,682
2016/11/4,42920831869,3765178,1,36:14.0,1,1,682
2016/11/4,42851934444,3766438,1,52:42.0,9,0,682
2016/11/4,39934181853,3766852,1,25:49.0,-1,0,682
2016/11/4,43299944539,3767004,1,14:25.0,0,1,682
2016/11/4,40260303175,3769606,1,59:42.0,1,1,682
2016/11/4,41184866179,3769732,1,11:41.0,9,1,682
2016/11/4,41376663976,3772224,1,22:16.0,-1,0,682
2016/11/4,43402878436,3772468,1,54:51.0,0,0,682
2016/11/4,43504763220,3772594,1,51:38.0,1,1,682
2016/11/4,43151497351,3772756,1,57:10.0,9,0,682
2016/11/4,43539520703,3772800,1,09:52.0,-1,0,682
2016/11/4,43096993161,3772882,1,47:54.0,0,0,682
2016/11/4,42168575384,3773322,1,37:49.0,1,1,682
2016/11/4,43254081799,3773980,1,04:18.0,9,0,682
2016/11/4,43497567004,3774006,1,53:51.0,-1,1,682
2016/11/4,43424339305,3774088,1,48:18.0,0,0,682
2016/11/4,43232904610,3774132,1,03:54.0,1,0,682
2016/11/4,43049064681,3774420,1,32:40.0,9,1,682
2016/11/4,43034549604,3776978,1,26:06.0,-1,1,682
2016/11/4,43960392333,3777300,1,44:36.0,0,1,682
2016/11/4,43278014131,3778066,1,32:10.0,1,0,682
2016/11/4,41107353543,3778228,1,53:24.0,9,0,682
2016/11/4,39971554950,3778598,1,01:58.0,-1,1,682
2016/11/4,43242264266,3778804,1,48:31.0,0,0,682
2016/11/4,43987753446,3779038,1,40:52.0,1,0,682
2016/11/4,43948238397,3779326,1,09:57.0,9,0,682
2016/11/4,43271620694,3779452,1,43:57.0,-1,1,682
2016/11/4,43280648881,3779614,1,50:54.0,0,0,682
2016/11/4,43179054637,3779902,1,52:52.0,1,1,682
2016/11/4,43204671723,3779984,1,08:13.0,9,0,682
2016/11/4,43370621540,3780162,1,34:18.0,-1,0,682
2016/11/4,43499017706,3780694,1,10:02.0,0,1,682
2016/11/4,43241368755,3780982,1,40:16.0,1,1,682
2016/11/4,43481878871,3781260,1,18:18.0,9,1,682
2016/11/4,43495562741,3782070,1,06:53.0,-1,0,682
2016/11/4,43231113457,3783286,1,54:21.0,0,0,682
2016/11/4,43434642119,3783448,1,00:27.0,1,1,682
2016/11/4,39783900717,3783736,1,01:06.0,9,0,682
2016/11/4,39936848790,3783862,1,23:09.0,-1,0,682
2016/11/4,43070215792,3784014,1,51:52.0,0,0,682
2016/11/4,43198844137,3784096,1,04:52.0,1,1,682
2016/11/4,39716151702,3784302,1,47:01.0,9,0,682
2016/11/4,43436202983,3784546,1,15:52.0,-1,1,682
2016/11/4,40128291017,3784672,1,21:00.0,0,0,682
2016/11/4,40657025167,3785112,1,53:14.0,1,0,682
2016/11/4,42859895111,3785356,1,45:16.0,9,1,682
2016/11/4,43492905009,3785400,1,26:03.0,-1,1,682
2016/11/4,43631385229,3785518,1,40:54.0,0,1,682
2016/11/4,43443058220,3785644,1,13:50.0,1,0,682
2016/11/4,43494547188,3785806,1,07:43.0,9,0,682
2016/11/4,43508242076,3785932,1,42:02.0,-1,1,682
2016/11/4,43254623275,3786292,1,37:31.0,0,0,682
2016/11/4,43409960843,3786454,1,05:24.0,1,0,682
2016/11/4,42037064219,3786616,1,58:12.0,9,0,682
2016/11/4,43368190992,3786742,1,55:27.0,-1,1,682
2016/11/4,43180644130,3787714,1,02:30.0,0,0,682
2016/11/4,43243669748,3788894,1,35:36.0,1,1,682
2016/11/4,43954904208,3789046,1,02:20.0,9,0,682
2016/11/4,43115939397,3789172,1,46:05.0,-1,0,682
2016/11/4,43610726783,3792484,1,41:23.0,0,1,682
2016/11/4,44818689629,3792646,1,40:03.0,1,1,682
2016/11/4,39384449102,3793168,1,33:52.0,9,1,682
2016/11/4,43139362192,3793500,1,18:06.0,-1,0,682
2016/11/4,43466017860,3793906,1,51:50.0,0,0,682
2016/11/4,43376565176,3795076,1,47:02.0,1,1,682
2016/11/4,43338834726,3795120,1,02:32.0,9,0,682
2016/11/4,43948901456,3795652,1,12:45.0,-1,0,682
2016/11/4,42447837489,3795896,1,21:12.0,0,0,682
2016/11/4,41640367937,3796994,1,55:20.0,1,1,682
2016/11/4,43477369841,3797308,1,52:54.0,9,0,682
2016/11/4,44547755730,3797434,1,56:35.0,-1,1,682
2016/11/4,43163249921,3797678,1,22:22.0,0,0,682
2016/11/4,43359505166,3797722,1,07:15.0,1,0,682
2016/11/4,42296747762,3798370,1,20:52.0,9,1,682
2016/11/4,39590533991,3798406,1,41:35.0,-1,1,682
2016/11/4,43503877202,3799216,1,34:50.0,0,1,682
2016/11/4,43548210248,3799298,1,27:00.0,1,0,682
2016/11/4,43443432269,3799342,1,58:09.0,9,0,682
2016/11/4,43040478280,3799630,1,05:53.0,-1,1,682
2016/11/4,43328897313,3800312,1,17:20.0,0,0,682
2016/11/4,40476687152,3800394,1,08:10.0,1,0,682
2016/11/4,43451604844,3800556,1,51:36.0,9,0,682
2016/11/4,43364991550,3801078,1,26:48.0,-1,1,682
2016/11/4,41198669355,3802914,1,24:17.0,0,0,682
2016/11/4,43851124089,3802996,1,46:33.0,1,1,682
2016/11/4,43831332989,3803274,2,24:22.0,9,0,682
2016/11/4,43333164961,3803436,1,55:28.0,-1,0,682
2016/11/4,43388438903,3803562,1,15:51.0,0,1,682
2016/11/4,39969058569,3804822,2,58:56.0,1,1,682
2016/11/4,43986644038,3805100,1,21:00.0,9,1,682
2016/11/4,43011845420,3805344,1,40:33.0,-1,0,682
2016/11/4,43419620394,3805588,1,05:05.0,0,0,682
2016/11/4,39867475493,3805632,1,55:24.0,1,1,682
2016/11/4,40168973834,3805876,1,28:18.0,9,0,682
2016/11/4,39948815123,3806442,1,06:23.0,-1,0,682
2016/11/4,43430871868,3806686,1,11:42.0,0,0,682
2016/11/4,43306696524,3806848,1,26:02.0,1,1,682
2016/11/4,43379605068,3807126,1,41:19.0,9,0,682
2016/11/4,43847554174,3807702,1,10:04.0,-1,1,682
2016/11/4,40192874565,3808224,1,49:47.0,0,0,682
2016/11/4,40464481899,3808468,1,38:35.0,1,0,682
2016/11/4,42462117779,3808594,1,49:53.0,9,1,682
2016/11/4,43879271325,3808756,1,38:05.0,-1,1,682
2016/11/4,39744635257,3808800,1,21:11.0,0,1,682
2016/11/4,39960799625,3808882,1,01:41.0,1,0,682
2016/11/4,39474719681,3809034,1,23:51.0,9,0,682
2016/11/4,43981863718,3809160,1,54:51.0,-1,1,682
2016/11/4,41959598236,3809278,1,58:31.0,0,0,682
2016/11/4,41061484481,3809566,1,13:21.0,1,0,682
2016/11/4,42255034707,3809692,1,35:31.0,9,0,682
2016/11/4,41657802025,3809980,1,48:51.0,-1,1,682
2016/11/4,39965793007,3810564,46,32:52.0,0,0,682
2016/11/4,40073357450,3813444,1,24:31.0,1,1,682
2016/11/4,43654490410,3814542,1,13:00.0,9,0,682
2016/11/4,43156412167,3814830,1,35:47.0,-1,0,682
2016/11/4,43438289543,3815802,1,37:59.0,0,1,682
2016/11/4,43170004868,3816036,1,10:58.0,1,1,682
2016/11/4,43720888863,3816694,1,36:59.0,9,1,682
2016/11/4,42289573275,3816856,1,03:00.0,-1,0,682
2016/11/4,43622280078,3816900,1,24:29.0,0,0,682
2016/11/4,39382947947,3817260,1,17:31.0,1,1,682
2016/11/4,43393787022,3817378,1,18:00.0,9,0,682
2016/11/4,42812639663,3817792,1,27:04.0,-1,0,682
2016/11/4,41505252513,3817828,1,27:55.0,0,0,682
2016/11/4,41999014273,3821544,1,20:17.0,1,1,682
2016/11/4,43362409441,3822228,1,49:10.0,9,0,682
2016/11/4,43436846107,3822598,1,48:44.0,-1,1,682
2016/11/4,42277996027,3824136,1,28:44.0,0,0,682
2016/11/4,42032632173,3824262,3,31:10.0,1,0,682
2016/11/4,40399179108,3824550,1,18:21.0,9,1,682
2016/11/4,39835028111,3826576,1,28:44.0,-1,1,682
2016/11/4,42299995800,3826620,1,42:34.0,0,1,682
2016/11/4,40099041865,3826738,1,56:34.0,1,0,682
2016/11/4,39869310309,3827016,1,19:32.0,9,0,682
2016/11/4,42116468123,3827304,1,13:40.0,-1,1,682
2016/11/4,42551570261,3827674,2,56:18.0,0,0,682
2016/11/4,42726741529,3828114,1,55:21.0,1,0,682
2016/11/4,42924207232,3828196,1,34:00.0,9,0,682
2016/11/4,42781865397,3828240,2,44:39.0,-1,1,682
2016/11/4,40452648166,3828402,1,34:20.0,0,0,682
2016/11/4,40800535305,3828646,2,20:23.0,1,1,682
2016/11/4,43791386399,3829168,1,13:57.0,9,0,682
2016/11/4,39939745594,3829870,9,33:26.0,-1,0,682
2016/11/4,43683586383,3830166,10,59:43.0,0,1,682
2016/11/4,40771361005,3830210,1,52:58.0,1,1,682
2016/11/4,40430050625,3830292,2,28:29.0,9,1,682
2016/11/4,40748109771,3830328,1,49:18.0,-1,0,682
2016/11/4,43459213757,3830454,1,41:29.0,0,0,682
2016/11/4,42987733149,3831138,1,07:44.0,1,1,682
2016/11/4,40122662028,3831390,2,37:21.0,9,0,682
2016/11/4,40445305802,3831714,2,42:58.0,-1,0,682
2016/11/4,43614813791,3831958,1,30:13.0,0,0,682
2016/11/4,41856663701,3832362,4,23:27.0,1,1,682
2016/11/4,43242389300,3833046,5,27:18.0,9,0,682
2016/11/4,41968382710,3833334,1,45:24.0,-1,1,682
2016/11/4,41704737358,3833460,1,47:48.0,0,0,682
2016/11/4,43845884189,3833866,2,00:50.0,1,0,682
2016/11/4,43253183065,3833910,8,39:05.0,9,1,682
2016/11/4,40803137769,3833992,1,32:24.0,-1,1,682
2016/11/4,39782156970,3834018,1,58:56.0,0,1,682
2016/11/4,43444954226,3834144,1,13:01.0,1,0,682
2016/11/4,43635816686,3838528,1,20:27.0,9,0,682
2016/11/4,40409460233,3839590,1,24:43.0,-1,1,682
2016/11/4,42380361055,3840336,1,30:37.0,0,0,682
2016/11/4,40746885409,3842406,1,54:01.0,1,0,682
2016/11/4,40450950599,3842938,2,23:16.0,9,0,682
2016/11/4,42520922743,3843180,2,53:20.0,-1,1,682
2016/11/4,43840554816,3843298,2,02:36.0,0,0,682
2016/11/4,43302820988,3843630,4,47:26.0,1,1,682
2016/11/4,39671944417,3844558,1,53:50.0,9,0,682
2016/11/4,43088912415,3844602,3,48:49.0,-1,0,682
2016/11/4,42014567417,3844684,1,28:05.0,0,1,682
2016/11/4,43849823578,3845124,1,14:14.0,1,1,682
2016/11/4,43089735463,3846222,1,41:24.0,9,1,682
2016/11/4,43517707241,3848248,1,24:04.0,-1,0,682
2016/11/4,43330989680,3849184,1,48:17.0,0,0,682
2016/11/4,39763593268,3849472,1,27:25.0,1,1,682
2016/11/4,43344175765,3855376,1,10:23.0,9,0,682
2016/11/4,43544855927,3855420,1,14:16.0,-1,0,682
2016/11/4,42949890320,3856230,1,01:03.0,0,0,682
2016/11/4,39680333562,3856474,1,00:58.0,1,1,682
2016/11/4,39659029470,3857734,1,51:26.0,9,0,682
2016/11/4,38594883903,3857860,1,04:29.0,-1,1,682
2016/11/4,41763654058,3858012,1,49:36.0,0,0,682
2016/11/4,43127610663,3858094,1,01:51.0,1,0,682
2016/11/4,40868883334,3858382,1,39:03.0,9,1,682
2016/11/4,41968951304,3858418,1,18:52.0,-1,1,682
2016/11/4,41844155155,3859642,1,55:30.0,0,1,682
2016/11/4,43897916859,3859804,1,24:30.0,1,0,682
2016/11/4,42872998360,3859886,4,25:14.0,9,0,682
2016/11/4,42098470095,3859930,1,26:44.0,-1,1,682
2016/11/4,39811497460,3860640,1,52:43.0,0,0,682
2016/11/4,42638390800,3860884,1,42:14.0,1,0,682
2016/11/4,43145702469,3864330,1,32:42.0,9,0,682
2016/11/4,42674876159,3864862,1,23:39.0,-1,1,682
2016/11/4,43615602097,3865672,1,55:37.0,0,0,682
2016/11/4,40212829507,3866194,1,27:02.0,1,1,682
2016/11/4,39822444161,3867742,1,24:39.0,9,0,682
2016/11/4,39943889432,3868840,1,11:16.0,-1,0,682
2016/11/4,42030760345,3868958,1,34:30.0,0,1,682
2016/11/4,43844009894,3869650,1,20:14.0,1,1,682
2016/11/4,43753384301,3869812,1,52:35.0,9,1,682
2016/11/4,42829117656,3870234,1,47:42.0,-1,0,682
2016/11/4,43257637511,3870522,1,32:29.0,0,0,682
2016/11/4,43503963830,3871332,1,49:38.0,1,1,682
2016/11/4,42946654318,3871576,1,18:58.0,9,0,682
2016/11/4,43283252284,3871620,1,14:11.0,-1,0,682
2016/11/4,43308640245,3871864,1,37:18.0,0,0,682
2016/11/4,43023234086,3873772,1,10:40.0,1,1,682
2016/11/4,43550892303,3874168,1,43:41.0,9,0,682
2016/11/4,40146607243,3874294,1,19:07.0,-1,1,682
2016/11/4,39731952683,3880242,1,59:15.0,0,0,682
2016/11/4,39594049021,3881340,1,41:50.0,1,0,682
2016/11/4,43224209619,3881458,1,41:36.0,9,1,682
2016/11/4,43183006063,3882150,1,18:42.0,-1,1,682
2016/11/4,43954241348,3882600,1,09:28.0,0,1,682
2016/11/4,43350790484,3882682,1,18:01.0,1,0,682
2016/11/4,39695687317,3883122,1,29:43.0,9,0,682
2016/11/4,41738854689,3883366,1,08:38.0,-1,1,682
2016/11/4,43577846642,3883654,1,00:47.0,0,0,682
2016/11/4,43344582084,3884752,1,51:04.0,1,0,682
2016/11/4,43529760004,3884996,1,51:23.0,9,0,682
2016/11/4,40060905666,3886822,1,24:37.0,-1,1,682
2016/11/4,42395724232,3887056,1,50:22.0,0,0,682
2016/11/4,42828871886,3887506,1,33:27.0,1,1,682
2016/11/4,39835890121,3887588,1,22:38.0,9,0,682
2016/11/4,41378680267,3887632,1,07:54.0,-1,0,682
2016/11/4,42674453685,3887876,1,09:36.0,0,1,682
2016/11/4,43715799422,3888154,1,27:20.0,1,1,682
2016/11/4,42966285415,3888316,1,07:40.0,9,1,682
2016/11/4,40944683810,3888398,1,50:24.0,-1,0,682
2016/11/4,43708046195,3888686,1,13:14.0,0,0,682
2016/11/4,42816869132,3889702,1,49:42.0,1,1,682
2016/11/4,41631544943,3889784,1,25:01.0,9,0,682
2016/11/4,40659331974,3890700,1,20:37.0,-1,0,682
2016/11/4,40149400587,3891628,1,34:55.0,0,0,682
2016/11/4,43286635014,3891754,1,12:45.0,1,1,682
2016/11/4,43194352484,3892438,1,18:17.0,9,0,682
2016/11/4,43190987613,3892564,1,15:46.0,-1,1,682
2016/11/4,43516726653,3893004,1,05:30.0,0,0,682
2016/11/4,43359655965,3893086,3,02:57.0,1,0,682
2016/11/4,43251311946,3893248,1,57:59.0,9,1,682
2016/11/4,40805403120,3893374,1,08:55.0,-1,1,682
2016/11/4,42981104102,3893662,1,05:13.0,0,1,682
2016/11/4,40198870956,3893824,1,03:25.0,1,0,682
2016/11/4,42553202826,3893950,1,08:39.0,9,0,682
2016/11/4,42414285507,3894922,1,15:12.0,-1,1,682
2016/11/4,42816525299,3895976,1,41:25.0,0,0,682
2016/11/4,43074812472,3896010,1,08:15.0,1,0,682
2016/11/4,43316046774,3896380,1,24:33.0,9,0,682
2016/11/4,43363009418,3896786,1,12:26.0,-1,1,682
2016/11/4,43471999160,3896830,1,32:00.0,0,0,682
2016/11/4,39371418954,3896948,1,53:10.0,1,1,682
2016/11/4,43375493885,3897352,1,02:57.0,9,0,682
2016/11/4,40656667178,3897514,1,49:50.0,-1,0,682
2016/11/4,42457102841,3898612,1,02:04.0,0,1,682
2016/11/4,42869779367,3899378,1,58:10.0,1,1,682
2016/11/4,39837639346,3899710,1,55:43.0,9,1,682
2016/11/4,42717050996,3899954,1,47:21.0,-1,0,682
2016/11/4,43301506038,3901202,1,26:38.0,0,0,682
2016/11/4,43539819230,3902544,1,53:21.0,1,1,682
2016/11/4,43604255869,3902788,1,17:16.0,9,0,682
2016/11/4,43918867084,3903480,1,18:16.0,-1,0,682
2016/11/4,42001183248,3904038,1,50:57.0,0,0,682
2016/11/4,43177032692,3905794,1,29:13.0,1,1,682
2016/11/4,43524692054,3906766,1,09:08.0,9,0,682
2016/11/4,43542425146,3906892,1,46:31.0,-1,1,682
2016/11/4,43238166718,3907864,1,15:45.0,0,0,682
2016/11/4,43394716784,3908016,1,28:08.0,1,0,682
2016/11/4,39830282257,3908142,1,05:36.0,9,1,682
2016/11/4,43272044437,3908548,4,13:05.0,-1,1,682
2016/11/4,43127575516,3909114,1,51:39.0,0,1,682
2016/11/4,40714591233,3909240,1,41:34.0,1,0,682
2016/11/4,41992975076,3909402,1,59:45.0,9,0,682
2016/11/4,43732313698,3909484,1,34:25.0,-1,1,682
2016/11/4,41879607770,3909934,1,41:06.0,0,0,682
2016/11/4,43446116062,3910356,1,35:23.0,1,0,682
2016/11/4,43505434876,3910518,1,15:17.0,9,0,682
2016/11/4,43176684731,3910806,1,29:35.0,-1,1,682
2016/11/4,40159842186,3911210,1,38:44.0,0,0,682
2016/11/4,39686043157,3911292,1,35:16.0,1,1,682
2016/11/4,39932359742,3911328,1,07:27.0,9,0,682
2016/11/4,39838942970,3911616,1,33:47.0,-1,0,682
2016/11/4,39783503010,3911698,1,10:32.0,0,1,682
2016/11/4,40772515748,3912264,1,55:21.0,1,1,682
2016/11/4,40689213743,3912714,1,14:25.0,9,1,682
2016/11/4,42306912792,3913236,1,36:28.0,-1,0,682
2016/11/4,42327007417,3914334,1,05:38.0,0,0,682
2016/11/4,41839490703,3915720,1,38:32.0,1,1,682
2016/11/4,39766421736,3915964,1,32:11.0,9,0,682
2016/11/4,40798557735,3916242,2,59:17.0,-1,0,682
2016/11/4,41674358690,3917584,1,17:06.0,0,0,682
2016/11/4,42524632593,3918312,1,59:20.0,1,1,682
2016/11/4,40112607465,3918394,1,03:18.0,9,0,682
2016/11/4,43364519989,3918600,1,01:30.0,-1,1,682
2016/11/4,43459544236,3918682,1,52:10.0,0,0,682
2016/11/4,43250788225,3918970,1,26:27.0,1,0,682
2016/11/4,43517584094,3919078,1,14:37.0,9,1,682
2016/11/4,41893175654,3919898,1,01:49.0,-1,1,682
2016/11/4,43062429927,3920076,1,45:40.0,0,1,682
2016/11/4,42474073363,3920120,1,46:51.0,1,0,682
2016/11/4,42047550287,3921174,1,25:21.0,9,0,682
2016/11/4,42740579513,3921750,1,33:28.0,-1,1,682
2016/11/4,41062750252,3922146,1,08:08.0,0,0,682
2016/11/4,42115248701,3922434,1,41:14.0,1,0,682
2016/11/4,43953357482,3922560,1,31:21.0,9,0,682
2016/11/4,39673130003,3922678,1,27:45.0,-1,1,682
2016/11/4,42688482938,3922966,1,49:56.0,0,0,682
2016/11/4,43899439052,3923000,1,19:20.0,1,1,682
2016/11/4,42677794799,3923082,1,10:43.0,9,0,682
2016/11/4,43761988050,3923118,3,01:25.0,-1,0,682
2016/11/4,42405123125,3923406,1,29:41.0,0,1,682
2016/11/4,39814562486,3923776,1,26:46.0,1,1,682
2016/11/4,42941889149,3924054,1,57:21.0,9,1,682
2016/11/4,39578181579,3924874,1,03:26.0,-1,0,682
2016/11/4,39774148015,3925684,1,11:17.0,0,0,682
2016/11/4,39589319091,3926412,1,55:39.0,1,1,682
2016/11/4,39807257154,3926494,1,42:40.0,9,0,682
2016/11/4,39913721794,3927592,1,16:01.0,-1,0,682
2016/11/4,39921404187,3927880,10,49:50.0,0,0,682
2016/11/4,39937186077,3928320,1,57:24.0,1,1,682
2016/11/4,40583801673,3928690,1,14:01.0,9,0,682
2016/11/4,39550662436,3928726,1,02:28.0,-1,1,682
2016/11/4,39795217283,3931056,1,40:00.0,0,0,682
2016/11/4,39710173277,3931100,1,06:34.0,1,0,682
2016/11/4,43847809382,3931632,1,19:23.0,9,1,682
2016/11/4,39745310733,3931920,1,39:31.0,-1,1,682
2016/11/4,39822528589,3932154,1,35:50.0,0,1,682
2016/11/4,39484298670,3933496,1,24:49.0,1,0,682
2016/11/4,39885074853,3933784,1,57:23.0,9,0,682
2016/11/4,39811194508,3933946,1,01:58.0,-1,1,682
2016/11/4,39573870699,3935980,1,12:01.0,0,0,682
2016/11/4,42164554329,3937186,1,55:06.0,1,0,682
2016/11/4,43853378122,3937924,1,50:33.0,9,0,682
2016/11/4,39640973506,3938284,1,07:33.0,-1,1,682
2016/11/4,43760868670,3938446,1,03:35.0,0,0,682
2016/11/4,39565564130,3938860,1,04:31.0,1,1,682
2016/11/4,39663752067,3939300,1,39:33.0,9,0,682
2016/11/4,39797149828,3939788,1,41:03.0,-1,0,682
2016/11/4,39788654547,3940128,1,27:57.0,0,1,682
2016/11/4,39638927041,3940498,1,51:11.0,1,1,682
2016/11/4,39911594163,3942568,1,49:17.0,9,1,682
2016/11/4,39804170162,3943008,1,29:49.0,-1,0,682
2016/11/4,39904859337,3943710,1,44:45.0,0,0,682
2016/11/4,39711527207,3943792,1,48:34.0,1,1,682
2016/11/4,39777742756,3943828,1,49:53.0,9,0,682
2016/11/4,40211720709,3944476,1,20:22.0,-1,0,682
2016/11/4,39770173037,3944520,1,37:51.0,0,0,682
2016/11/4,39633860712,3944764,1,29:38.0,1,1,682
2016/11/4,39940891710,3944926,1,39:44.0,9,0,682
2016/11/4,41849819439,3945042,1,13:00.0,-1,1,682
2016/11/4,39793318546,3946834,1,49:40.0,0,0,682
2016/11/4,40217415649,3947194,1,25:16.0,1,0,682
2016/11/4,39684928170,3947356,1,25:41.0,9,1,682
2016/11/4,39697743523,3947770,1,55:34.0,-1,1,682
2016/11/4,40709000172,3947888,1,07:43.0,0,1,682
2016/11/4,39741254661,3948616,2,56:11.0,1,0,682
2016/11/4,39756469429,3948904,1,16:31.0,9,0,682
2016/11/4,39825850750,3949390,1,38:20.0,-1,1,682
2016/11/4,39966792430,3949714,1,01:03.0,0,0,682
2016/11/4,41043694568,3950424,1,15:25.0,1,0,682
2016/11/4,39669343682,3950550,1,20:15.0,9,0,682
2016/11/4,39436922429,3950712,1,50:06.0,-1,1,682
2016/11/4,39657269867,3950794,1,38:18.0,0,0,682
2016/11/4,39650193776,3952288,1,29:16.0,1,1,682
2016/11/4,42173901528,3952620,1,23:33.0,9,0,682
2016/11/4,39665462664,3953430,1,16:26.0,-1,0,682
2016/11/4,40012883916,3953548,1,42:52.0,0,1,682
2016/11/4,39773698954,3954934,1,40:06.0,1,1,682
2016/11/4,39760500448,3955212,1,10:46.0,9,1,682
2016/11/4,41023675433,3956392,1,21:19.0,-1,0,682
2016/11/4,40450467631,3956428,1,08:28.0,0,0,682
2016/11/4,39828565607,3956680,1,40:05.0,1,1,682
2016/11/4,41403241507,3956798,1,37:21.0,9,0,682
2016/11/4,40139696708,3957364,1,12:40.0,-1,0,682
2016/11/4,39882322403,3957526,1,10:09.0,0,0,682
2016/11/4,39498666711,3958048,1,47:15.0,1,1,682
2016/11/4,40137294828,3959722,1,47:38.0,9,0,682
2016/11/4,40541582412,3960144,1,51:13.0,-1,1,682
2016/11/4,41254298315,3960676,1,30:44.0,0,0,682
2016/11/4,42810435016,3961242,1,49:54.0,1,0,682
2016/11/4,43363869741,3964122,1,38:44.0,9,1,682
2016/11/4,39780036150,3964528,1,17:07.0,-1,1,682
2016/11/4,40953880616,3964654,1,47:04.0,0,1,682
2016/11/4,39821962525,3964816,1,08:30.0,1,0,682
2016/11/4,39803459133,3964942,3,17:38.0,9,0,682
2016/11/4,43079995567,3965220,1,30:37.0,-1,1,682
2016/11/4,39843091190,3966148,1,59:30.0,0,0,682
2016/11/4,39810800705,3966562,1,45:10.0,1,0,682
2016/11/4,39611550762,3967002,1,07:13.0,9,0,682
2016/11/4,40516434509,3967084,1,36:25.0,-1,1,682
2016/11/4,39774622937,3967778,1,51:08.0,0,0,682
2016/11/4,39825897707,3967822,1,31:12.0,1,1,682
2016/11/4,39888098821,3968182,1,27:20.0,9,0,682
2016/11/4,39786537878,3969316,1,25:58.0,-1,0,682
2016/11/4,39816897328,3971124,1,00:52.0,0,1,682
2016/11/4,39904648122,3972510,1,26:59.0,1,1,682
2016/11/4,40422977284,3972754,1,09:32.0,9,1,682
2016/11/4,39818608293,3973690,1,07:40.0,-1,0,682
2016/11/4,41820083499,3974130,1,40:50.0,0,0,682
2016/11/4,40133547496,3974248,1,32:46.0,1,1,682
2016/11/4,40260015244,3974374,1,02:53.0,9,0,682
2016/11/4,39824605031,3974536,1,59:42.0,-1,0,682
2016/11/4,39632416373,3974662,1,46:37.0,0,0,682
2016/11/4,39649539024,3974824,1,17:58.0,1,1,682
2016/11/4,43510277423,3975472,1,16:35.0,9,0,682
2016/11/4,43296879796,3975508,1,11:49.0,-1,1,682
2016/11/4,42917892374,3975760,1,07:42.0,0,0,682
2016/11/4,43424534546,3975878,1,18:28.0,1,0,682
2016/11/4,41095751654,3976156,1,08:09.0,9,1,682
2016/11/4,39751665889,3976282,1,22:25.0,-1,1,682
2016/11/4,40408886608,3976318,1,31:19.0,0,1,682
2016/11/4,39749823458,3976444,1,58:57.0,1,0,682
2016/11/4,42657971521,3977254,1,53:57.0,9,0,682
2016/11/4,43414621217,3978640,1,17:02.0,-1,1,682
2016/11/4,39752516872,3978884,1,03:26.0,0,0,682
2016/11/4,43334051690,3980980,1,17:28.0,1,0,682
2016/11/4,42887967672,3982186,1,24:57.0,9,0,682
2016/11/4,43336898145,3982924,1,22:27.0,-1,1,682
2016/11/4,42980174218,3983202,1,02:05.0,0,0,682
2016/11/4,43491473233,3983608,1,10:47.0,1,1,682
2016/11/4,43899459668,3983860,1,12:02.0,9,0,682
2016/11/4,42263974284,3984256,1,12:03.0,-1,0,682
2016/11/4,43620069675,3984706,1,10:45.0,0,1,682
2016/11/4,43510141819,3985228,1,45:14.0,1,1,682
2016/11/4,43478256410,3985354,1,50:58.0,9,1,682
2016/11/4,43253024387,3986614,4,11:38.0,-1,0,682
2016/11/4,43223211460,3988108,1,21:11.0,0,0,682
2016/11/4,43835764943,3988234,2,46:43.0,1,1,682
2016/11/4,39904802311,3990736,1,20:28.0,9,0,682
2016/11/4,43885431611,3992356,1,08:24.0,-1,0,682
2016/11/4,39671292437,3992770,1,52:48.0,0,0,682
2016/11/4,43331198866,3993328,1,39:23.0,1,1,682
2016/11/4,43247617358,3993580,1,50:17.0,9,0,682
2016/11/4,43395765735,3993986,1,34:50.0,-1,1,682
2016/11/4,43477795413,3994020,1,32:02.0,0,0,682
2016/11/4,42563352804,3994264,1,04:49.0,1,0,682
2016/11/4,42027497120,3994390,1,44:43.0,9,1,682
2016/11/4,40192873095,3994552,1,46:00.0,-1,1,682
2016/11/4,43663862621,3995236,1,36:11.0,0,1,682
2016/11/4,43499420834,3995362,1,18:08.0,1,0,682
2016/11/4,43491173212,3995524,1,51:42.0,9,0,682
2016/11/4,43274759865,3995650,1,16:01.0,-1,1,682
2016/11/4,42399933499,3997144,1,35:03.0,0,0,682
2016/11/4,40959643494,3997388,1,20:59.0,1,0,682
2016/11/4,42767477895,3998116,1,53:55.0,9,0,682
2016/11/4,43157598364,3998198,1,36:42.0,-1,1,682
2016/11/4,41861264913,3998530,1,42:56.0,0,0,682
2016/11/4,39770841679,3998936,1,35:51.0,1,1,682
2016/11/4,41644472845,3999340,2,25:09.0,9,0,682
2016/11/4,42629512120,4000186,2,02:30.0,-1,0,682
2016/11/4,42122727853,4001572,1,59:45.0,0,1,682
2016/11/4,39866178366,4001608,1,42:54.0,1,1,682
2016/11/4,40992760673,4001978,1,27:01.0,9,1,682
2016/11/4,42372006648,4002012,1,30:42.0,-1,0,682
2016/11/4,43549763850,4002256,1,32:29.0,0,0,682
2016/11/4,43363184599,4002300,1,08:17.0,1,1,682
2016/11/4,43493755270,4002382,1,25:58.0,9,0,682
2016/11/4,43164141200,4002418,1,09:31.0,-1,0,682
2016/11/4,43529553593,4002544,1,44:02.0,0,0,682
2016/11/4,40276410988,4002670,1,17:12.0,1,1,682
2016/11/4,42750576532,4002706,1,55:06.0,9,0,682
2016/11/4,43901531966,4002788,2,49:34.0,-1,1,682
2016/11/4,44057885593,4002832,1,12:55.0,0,0,682
2016/11/4,43898059993,4003066,2,48:49.0,1,0,682
2016/11/4,43016848872,4003110,1,07:12.0,9,1,682
2016/11/4,39653895602,4003192,2,17:14.0,-1,1,682
2016/11/4,43378264798,4004038,1,06:11.0,0,1,682
2016/11/4,43202328495,4004164,3,27:11.0,1,0,682
2016/11/4,42356520648,4004290,1,52:53.0,9,0,682
2016/11/4,40942295151,4004614,1,39:02.0,-1,1,682
2016/11/4,39929155521,4004740,1,01:04.0,0,0,682
2016/11/4,42568897997,4004858,1,29:08.0,1,0,682
2016/11/4,40207594148,4004902,1,54:00.0,9,0,682
2016/11/4,40176834785,4004984,7,13:46.0,-1,1,682
2016/11/4,39686737423,4005136,2,22:54.0,0,0,682
2016/11/4,43477250009,4006234,1,16:55.0,1,1,682
2016/11/4,43254850265,4006360,1,44:49.0,9,0,682
2016/11/4,43353320577,4006928,2,32:22.0,-1,0,682
2016/11/4,43509235658,4007206,1,01:33.0,0,1,682
2016/11/4,43487160736,4007864,1,10:28.0,1,1,682
2016/11/4,42140384598,4007990,2,31:31.0,9,1,682
2016/11/4,42863963444,4008016,1,01:21.0,-1,0,682
2016/11/4,43257084681,4008098,2,53:01.0,0,0,682
2016/11/4,43983927634,4008142,1,23:01.0,1,1,682
2016/11/4,39739908168,4008304,1,45:28.0,9,0,682
2016/11/4,43991387206,4008836,1,47:39.0,-1,0,682
2016/11/4,43950360269,4008962,1,37:08.0,0,0,682
2016/11/4,43697781588,4009646,1,04:55.0,1,1,682
2016/11/4,43368059838,4010068,5,50:36.0,9,0,682
2016/11/4,42796642245,4010112,1,30:22.0,-1,1,682
2016/11/4,42722726675,4010356,1,02:26.0,0,0,682
2016/11/4,43033851115,4010482,1,40:14.0,1,0,682
2016/11/4,43636071752,4010806,1,40:12.0,9,1,682
2016/11/4,42916934545,4010932,1,54:15.0,-1,1,682
2016/11/4,40472023911,4011166,2,10:17.0,0,1,682
2016/11/4,43506342444,4011210,1,48:23.0,1,0,682
2016/11/4,42923042871,4011292,1,29:10.0,9,0,682
2016/11/4,39681074864,4012264,1,12:52.0,-1,1,682
2016/11/4,43802458359,4012390,1,26:46.0,0,0,682
2016/11/4,43975107352,4012426,1,51:39.0,1,0,682
2016/11/4,40442802704,4013236,2,18:27.0,9,0,682
2016/11/4,42196527147,4013362,1,07:19.0,-1,1,682
2016/11/4,42513019446,4013524,1,13:04.0,0,0,682
2016/11/4,40408310337,4014910,1,46:17.0,1,1,682
2016/11/4,42679922188,4014992,1,50:29.0,9,0,682
2016/11/4,42354746715,4015018,1,54:36.0,-1,0,682
2016/11/4,41854327249,4015306,1,47:37.0,0,1,682
2016/11/4,42333147188,4015388,1,29:02.0,1,1,682
2016/11/4,43710446047,4015432,1,50:43.0,9,1,682
2016/11/4,43099350226,4016198,1,10:00.0,-1,0,682
2016/11/4,42870915981,4016242,1,36:02.0,0,0,682
2016/11/4,43191850275,4016404,1,01:28.0,1,1,682
2016/11/4,42786799661,4016530,1,52:18.0,9,0,682
2016/11/4,43269558426,4016774,1,13:22.0,-1,0,682
2016/11/4,43067030917,4017214,2,04:29.0,0,0,682
2016/11/4,43248982024,4017458,1,34:52.0,1,1,682
2016/11/4,43414415634,4017502,1,08:42.0,9,0,682
2016/11/4,43103126029,4018024,1,46:49.0,-1,1,682
2016/11/4,43597180861,4018150,5,18:05.0,0,0,682
2016/11/4,43285276767,4018268,1,54:02.0,1,0,682
2016/11/4,42470982057,4018312,1,37:27.0,9,1,682
2016/11/4,42190148094,4018556,1,57:52.0,-1,1,682
2016/11/4,44049530969,4018682,1,42:02.0,0,1,682
2016/11/4,43478611586,4019122,1,32:28.0,1,0,682
2016/11/4,43488837797,4019654,1,21:51.0,9,0,682
2016/11/4,43493744625,4019780,1,34:19.0,-1,1,682
2016/11/4,43001379884,4019898,1,14:35.0,0,0,682
2016/11/4,43334367037,4019942,8,51:49.0,1,0,682
2016/11/4,43806727814,4020238,1,27:45.0,9,0,682
2016/11/4,43801504233,4020490,1,55:39.0,-1,1,682
2016/11/4,42435174696,4020940,1,07:06.0,0,0,682
2016/11/4,43865293057,4021174,1,00:18.0,1,1,682
2016/11/4,43397488360,4022434,1,56:27.0,9,0,682
2016/11/4,43087061426,4023820,1,50:50.0,-1,0,682
2016/11/4,43206518525,4023938,1,51:45.0,0,1,682
2016/11/4,43200741984,4024874,1,49:06.0,1,1,682
2016/11/4,43677906213,4025152,1,44:30.0,9,1,682
2016/11/4,43338162812,4025846,1,37:02.0,-1,0,682
2016/11/4,43241235845,4026124,1,49:25.0,0,0,682
2016/11/4,43831561869,4026494,1,31:54.0,1,1,682
2016/11/4,43565243168,4026656,1,49:44.0,9,0,682
2016/11/4,43272846131,4027060,1,37:47.0,-1,0,682
2016/11/4,43640634719,4027466,1,12:26.0,0,0,682
2016/11/4,43023074251,4027510,2,12:56.0,1,1,682
2016/11/4,43744985499,4027592,1,56:48.0,9,0,682
2016/11/4,43551130081,4027628,1,25:43.0,-1,1,682
2016/11/4,43269418294,4028276,1,27:50.0,0,0,682
2016/11/4,43735211048,4028564,1,38:02.0,1,0,682
2016/11/4,43278811075,4028726,1,07:34.0,9,1,682
2016/11/4,42174674674,4028852,1,41:42.0,-1,1,682
2016/11/4,42279728745,4029004,1,03:15.0,0,1,682
2016/11/4,43972670872,4029130,1,07:04.0,1,0,682
2016/11/4,43965856090,4029374,2,15:29.0,9,0,682
2016/11/4,41620447586,4029536,1,25:32.0,-1,1,682
2016/11/4,42667089356,4029662,1,13:00.0,0,0,682
2016/11/4,43269142394,4029824,1,10:37.0,1,0,682
2016/11/4,43268386649,4029950,4,31:14.0,9,0,682
2016/11/4,40843483597,4030002,1,21:35.0,-1,1,682
2016/11/4,43877948207,4030084,1,11:07.0,0,0,682
2016/11/4,40502290529,4030246,1,30:18.0,1,1,682
2016/11/4,41815440933,4030660,1,39:13.0,9,0,682
2016/11/4,44039424631,4030778,1,35:51.0,-1,0,682
2016/11/4,43324779626,4031056,1,56:56.0,0,1,682
2016/11/4,43478961741,4031100,1,30:30.0,1,1,682
2016/11/4,43026903495,4031218,1,08:13.0,9,1,682
2016/11/4,43383767620,4031344,1,30:30.0,-1,0,682
2016/11/4,44029758397,4031470,1,38:34.0,0,0,682
2016/11/4,41889825718,4031506,1,30:30.0,1,1,682
2016/11/4,42090004257,4032604,1,51:53.0,9,0,682
