date,sku_id,dc_id,forecast_begin_date,forecast_days,forecast_daily_override_sales,forecast_weekly_override_sales,forecast_weekly_std,inv,arrive_quantity,open_po,white_flag
2016/10/14,3742666,8,2016/10/14,7,"[0,0,0,0,0,0,0]",[0],"[0,0,0,0,0,0,0]",684,2,56,1
2016/10/22,383893,8,2016/10/22,7,"[0,0,0,0,0,0,0]",[0],"[0,0,0,0,0,0,0]",936,39,52,1
2016/10/22,566726,8,2016/10/22,7,"[0,0,0,0,0,0,0]",[0],[],507,11,79,1
2016/10/22,630661,8,2016/10/22,7,"[0,0,0,0,0,0,0]",[0],"[0,0,0,0,0,0,0]",348,89,52,1
2016/10/22,843636,8,2016/10/22,7,"[0,0,0,0,0,0,0]",[0],[],397,79,58,1
2016/10/22,1014927,8,2016/10/22,7,"[0,0,0,0,0,0,0]",[0],"[0,0,0,0,0,0,0]",510,91,33,1
2016/10/22,1015331,8,2016/10/22,7,"[0,0,0,0,0,0,0]",[0],"[0,0,0,0,0,0,0]",73,15,6,1
2016/10/22,1063374,8,2016/10/22,7,"[0,0,0,0,0,0,0]",[0],"[0,0,0,0,0,0,0]",890,85,63,1
2016/10/22,1090185,8,2016/10/22,7,"[0,0,0,0,0,0,0]",[0],"[0,0,0,0,0,0,0]",709,91,38,1
2016/10/22,1126428,8,2016/10/22,7,"[0,0,0,0,0,0,0]",[0],"[0,0,0,0,0,0,0]",303,53,26,1
2016/10/22,1136724,8,2016/10/22,7,"[0,0,0,0,0,0,0]",[0],"[0,0,0,0,0,0,0]",204,72,64,1
2016/10/22,1138344,8,2016/10/22,7,"[0,0,0,0,0,0,0]",[0],"[0,0,0,0,0,0,0]",170,70,46,1
2016/10/22,1163247,8,2016/10/22,7,"[0,0,0,0,0,0,0]",[0],"[0,0,0,0,0,0,0]",966,69,8,1
2016/10/22,1282874,8,2016/10/22,7,"[0,0,0,0,0,0,0]",[0],[],981,2,74,1
2016/10/22,1292431,8,2016/10/22,7,"[0.8497,0.8945,0.925,0.9106,0.9112,0.8683,0.852]",[6.2113],[],898,58,26,1
2016/10/22,1307650,8,2016/10/22,7,"[0.8033,0.7959,0.9368,0.8599,0.8871,0.8748,0.8029]",[5.9607],[],968,89,7,1
2016/10/22,1895366,8,2016/10/22,7,"[0,0,0,0,0,0,0]",[0],"[0,0,0,0,0,0,0]",145,34,49,1
2016/10/22,1962846,8,2016/10/22,7,"[0,0,0,0,0,0,0]",[0],"[0,0,0,0,0,0,0]",887,29,41,1
2016/10/22,2121354,8,2016/10/22,7,"[0,0,0,0,0,0,0]",[0],"[0,0,0,0,0,0,0]",653,47,40,1
2016/10/22,2155429,8,2016/10/22,7,"[0,0,0,0,0,0,0]",[0],[],793,77,25,1
2016/10/22,2494997,8,2016/10/22,7,"[0.1681,0.1692,0.1763,0.1701,0.1645,0.1699,0.1539]",[1.172],[],921,27,77,1
2016/10/22,2524209,8,2016/10/22,7,"[1.194,1.1786,1.1655,1.1589,1.1624,1.1891,1.1615]",[8.209999999999999],[],72,64,55,1
2016/10/22,2667283,8,2016/10/22,7,"[0,0,0,0,0,0,0]",[0],"[0,0,0,0,0,0,0]",456,48,14,1
2016/10/22,2722973,8,2016/10/22,7,"[0,0,0,0,0,0,0]",[0],"[0,0,0,0,0,0,0]",809,12,49,1
2016/10/22,2779368,8,2016/10/22,7,"[0,0,0,0,0,0,0]",[0],"[0,0,0,0,0,0,0]",487,59,3,1
2016/10/22,2794596,8,2016/10/22,7,"[0,0,0,0,0,0,0]",[0],"[0,0,0,0,0,0,0]",710,14,24,1
2016/10/22,3303335,8,2016/10/22,7,"[0.0287,0.0285,0.0303,0.0309,0.0319,0.0351,0.031]",[0.21639999999999998],[],99,67,69,1
2016/10/26,1010732,8,2016/10/26,7,"[0,0,0,0,0,0,0]",[0],"[0,0,0,0,0,0,0]",288,62,93,1
2016/10/26,1031351,8,2016/10/26,7,"[0,0,0,0,0,0,0]",[0],"[0,0,0,0,0,0,0]",208,44,49,1
2016/10/26,1063068,8,2016/10/26,7,"[0,0,0,0,0,0,0]",[0],"[0,0,0,0,0,0,0]",855,96,10,1
2016/10/26,1063482,8,2016/10/26,7,"[0,0,0,0,0,0,0]",[0],"[0,0,0,0,0,0,0]",877,32,69,1
2016/10/26,1118887,8,2016/10/26,7,"[0,0,0,0,0,0,0]",[0],"[0,0,0,0,0,0,0]",2,78,85,1
2016/10/26,1139299,8,2016/10/26,7,"[0,0,0,0,0,0,0]",[0],"[0,0,0,0,0,0,0]",224,7,90,1
2016/10/26,1298381,8,2016/10/26,7,"[0,0,0,0,0,0,0]",[0],"[0,0,0,0,0,0,0]",708,68,4,1
2016/10/26,1916856,8,2016/10/26,7,"[0,0,0,0,0,0,0]",[0],"[0,0,0,0,0,0,0]",732,47,50,1
2016/10/26,1916937,8,2016/10/26,7,"[0,0,0,0,0,0,0]",[0],"[0,0,0,0,0,0,0]",96,7,98,1
2016/10/26,1962828,8,2016/10/26,7,"[0,0,0,0,0,0,0]",[0],"[0,0,0,0,0,0,0]",229,75,87,1
2016/10/26,2078353,8,2016/10/26,7,"[0,0,0,0,0,0,0]",[0],"[0,0,0,0,0,0,0]",887,31,97,1
2016/10/26,2201173,8,2016/10/26,7,"[0,0,0,0,0,0,0]",[0],"[0,0,0,0,0,0,0]",48,9,24,1
2016/10/26,2410324,8,2016/10/26,7,"[0,0,0,0,0,0,0]",[0],"[0,0,0,0,0,0,0]",405,37,81,1
2016/10/26,2518044,8,2016/10/26,7,"[0,0,0,0,0,0,0]",[0],"[0,0,0,0,0,0,0]",907,61,24,1
2016/10/26,2576590,8,2016/10/26,7,"[0,0,0,0,0,0,0]",[0],"[0,0,0,0,0,0,0]",318,89,71,1
2016/10/26,2729237,8,2016/10/26,7,"[0,0,0,0,0,0,0]",[0],"[0,0,0,0,0,0,0]",893,76,19,1
2016/10/26,2794622,8,2016/10/26,7,"[0,0,0,0,0,0,0]",[0],"[0,0,0,0,0,0,0]",10,55,51,1
2016/10/26,2960472,8,2016/10/26,7,"[0.9862,1.2218,1.057,1.2536,1.2224,1.0747,1.1657]",[7.9814],[],399,62,27,1
2016/10/26,3312191,8,2016/10/26,7,"[0,0,0,0,0,0,0]",[0],"[0,0,0,0,0,0,0]",413,0,88,1
2016/10/29,972646,8,2016/10/29,7,"[0,0,0,0,0,0,0]",[0],"[0,0,0,0,0,0,0]",918,29,61,1
2016/10/29,1063406,8,2016/10/29,7,"[0,0,0,0,0,0,0]",[0],"[0,0,0,0,0,0,0]",535,19,39,1
2016/10/29,1084683,8,2016/10/29,7,"[0,0,0,0,0,0,0]",[0],"[0,0,0,0,0,0,0]",638,98,2,1
2016/10/29,1093511,8,2016/10/29,7,"[0,0,0,0,0,0,0]",[0],"[0,0,0,0,0,0,0]",338,49,50,1
2016/10/29,1139312,8,2016/10/29,7,"[0,0,0,0,0,0,0]",[0],"[0,0,0,0,0,0,0]",242,44,54,1
2016/10/29,1143308,8,2016/10/29,7,"[0,0,0,0,0,0,0]",[0],"[0,0,0,0,0,0,0]",374,67,97,1
2016/10/29,1144613,8,2016/10/29,7,"[0,0,0,0,0,0,0]",[0],"[0,0,0,0,0,0,0]",586,11,29,1
2016/10/29,1163243,8,2016/10/29,7,"[0,0,0,0,0,0,0]",[0],"[0,0,0,0,0,0,0]",810,44,83,1
2016/10/29,1307638,8,2016/10/29,7,"[0,0,0,0,0,0,0]",[0],"[0,0,0,0,0,0,0]",849,63,20,1
2016/10/29,1322334,8,2016/10/29,7,"[0,0,0,0,0,0,0]",[0],"[0,0,0,0,0,0,0]",606,81,10,1
2016/10/29,1338102,8,2016/10/29,7,"[0.1629,0.1633,0.1641,0.1736,0.1714,0.1744,0.1647]",[1.1744],[],1,89,22,1
2016/10/29,1455371,8,2016/10/29,7,"[0,0,0,0,0,0,0]",[0],"[0,0,0,0,0,0,0]",946,63,59,1
2016/10/29,1628270,8,2016/10/29,7,"[0,0,0,0,0,0,0]",[0],"[0,0,0,0,0,0,0]",629,50,91,1
2016/10/29,1698000,8,2016/10/29,7,"[0,0,0,0,0,0,0]",[0],"[0,0,0,0,0,0,0]",791,74,33,1
2016/10/29,1934726,8,2016/10/29,7,"[0,0,0,0,0,0,0]",[0],"[0,0,0,0,0,0,0]",47,70,60,1
2016/10/29,1946147,8,2016/10/29,7,"[0,0,0,0,0,0,0]",[0],"[0,0,0,0,0,0,0]",990,70,22,1
2016/10/29,1966776,8,2016/10/29,7,"[0,0,0,0,0,0,0]",[0],"[0,0,0,0,0,0,0]",208,93,77,1
2016/10/29,2012892,8,2016/10/29,7,"[0,0,0,0,0,0,0]",[0],"[0,0,0,0,0,0,0]",825,12,50,1
2016/10/29,2053563,8,2016/10/29,7,"[0,0,0,0,0,0,0]",[0],"[0,0,0,0,0,0,0]",326,66,92,1
2016/10/29,2057415,8,2016/10/29,7,"[0,0,0,0,0,0,0]",[0],"[0,0,0,0,0,0,0]",170,59,4,1
2016/10/29,2112521,8,2016/10/29,7,"[0,0,0,0,0,0,0]",[0],"[0,0,0,0,0,0,0]",751,98,27,1
2016/10/29,2712060,8,2016/10/29,7,"[0,0,0,0,0,0,0]",[0],"[0,0,0,0,0,0,0]",44,73,65,1
2016/10/29,2729251,8,2016/10/29,7,"[0,0,0,0,0,0,0]",[0],"[0,0,0,0,0,0,0]",924,51,44,1
2016/10/29,2744515,8,2016/10/29,7,"[0,0,0,0,0,0,0]",[0],[],251,89,71,1
2016/10/29,2755333,8,2016/10/29,7,"[0,0,0,0,0,0,0]",[0],"[0,0,0,0,0,0,0]",195,11,57,1
2016/10/29,2911447,8,2016/10/29,7,"[0,0,0,0,0,0,0]",[0],"[0,0,0,0,0,0,0]",850,65,20,1
2016/10/29,3182437,8,2016/10/29,7,"[0,0,0,0,0,0,0]",[0],"[0,0,0,0,0,0,0]",167,67,31,1
2016/10/30,3765058,8,2016/10/30,7,"[0,0,0,0,0,0,0]",[0],"[0,0,0,0,0,0,0]",750,72,15,1
2016/11/4,3928032,8,2016/11/4,7,"[0,0,0,0,0,0,0]",[0],"[0,0,0,0,0,0,0]",860,33,18,1
2016/11/4,3646866,8,2016/11/4,7,"[0,0,0,0,0,0,0]",[0],"[0,0,0,0,0,0,0]",287,9,27,1
2016/11/4,3646992,8,2016/11/4,7,"[0,0,0,0,0,0,0]",[0],"[0,0,0,0,0,0,0]",433,83,55,1
2016/11/4,3647018,8,2016/11/4,7,"[0,0,0,0,0,0,0]",[0],"[0,0,0,0,0,0,0]",423,97,40,1
2016/11/4,3648080,8,2016/11/4,7,"[0,0,0,0,0,0,0]",[0],"[0,0,0,0,0,0,0]",176,81,99,1
2016/11/4,3648116,8,2016/11/4,7,"[0,0,0,0,0,0,0]",[0],[],106,33,30,1
2016/11/4,3648242,8,2016/11/4,7,"[0,0,0,0,0,0,0]",[0],"[0,0,0,0,0,0,0]",133,87,39,1
2016/11/4,3648404,8,2016/11/4,7,"[0,0,0,0,0,0,0]",[0],"[0,0,0,0,0,0,0]",879,82,72,1
2016/11/4,3648530,8,2016/11/4,7,"[0,0,0,0,0,0,0]",[0],"[0,0,0,0,0,0,0]",567,38,2,1
2016/11/4,3648648,8,2016/11/4,7,"[0,0,0,0,0,0,0]",[0],"[0,0,0,0,0,0,0]",663,93,6,1
2016/11/4,3648936,8,2016/11/4,7,"[0,0,0,0,0,0,0]",[0],"[0,0,0,0,0,0,0]",707,69,72,0
2016/11/4,3649502,8,2016/11/4,7,"[0,0,0,0,0,0,0]",[0],"[0,0,0,0,0,0,0]",239,71,58,0
2016/11/4,3650050,8,2016/11/4,7,"[0,0,0,0,0,0,0]",[0],[],811,92,0,0
2016/11/4,3650456,8,2016/11/4,7,"[0,0,0,0,0,0,0]",[0],"[0,0,0,0,0,0,0]",463,5,87,0
2016/11/4,3650500,8,2016/11/4,7,"[0,0,0,0,0,0,0]",[0],[],343,38,43,0
2016/11/4,3650582,8,2016/11/4,7,"[0,0,0,0,0,0,0]",[0],"[0,0,0,0,0,0,0]",662,58,16,0
2016/11/4,3650618,8,2016/11/4,7,"[0,0,0,0,0,0,0]",[0],"[0,0,0,0,0,0,0]",727,63,18,0
2016/11/4,3650870,8,2016/11/4,7,"[0,0,0,0,0,0,0]",[0],[],425,43,17,0
2016/11/4,3650988,8,2016/11/4,7,"[0,0,0,0,0,0,0]",[0],"[0,0,0,0,0,0,0]",351,25,80,0
2016/11/4,3651022,8,2016/11/4,7,"[0,0,0,0,0,0,0]",[0],[],714,5,0,0
2016/11/4,3651392,8,2016/11/4,7,"[0,0,0,0,0,0,0]",[0],"[0,0,0,0,0,0,0]",107,73,65,0
2016/11/4,3651428,8,2016/11/4,7,"[0,0,0,0,0,0,0]",[0],"[0,0,0,0,0,0,0]",958,74,36,0
2016/11/4,3651554,8,2016/11/4,7,"[0,0,0,0,0,0,0]",[0],"[0,0,0,0,0,0,0]",719,27,41,0
2016/11/4,3652364,8,2016/11/4,7,"[0,0,0,0,0,0,0]",[0],[],694,19,77,0
2016/11/4,3652896,8,2016/11/4,7,"[1.9416,1.9416,1.9416,1.9416,1.9416,1.9416,1.9416]",[13.591199999999999],[],444,73,55,0
2016/11/4,3653336,8,2016/11/4,7,"[0,0,0,0,0,0,0]",[0],"[0,0,0,0,0,0,0]",721,21,17,0
2016/11/4,3653624,8,2016/11/4,7,"[0,0,0,0,0,0,0]",[0],"[0,0,0,0,0,0,0]",87,0,65,0
2016/11/4,3653868,8,2016/11/4,7,"[0,0,0,0,0,0,0]",[0],"[0,0,0,0,0,0,0]",56,94,22,0
2016/11/4,3653994,8,2016/11/4,7,"[0,0,0,0,0,0,0]",[0],"[0,0,0,0,0,0,0]",260,14,82,0
2016/11/4,3654272,8,2016/11/4,7,"[0,0,0,0,0,0,0]",[0],"[0,0,0,0,0,0,0]",542,15,58,0
2016/11/4,3654678,8,2016/11/4,7,"[0,0,0,0,0,0,0]",[0],"[0,0,0,0,0,0,0]",807,37,5,0
2016/11/4,3654966,8,2016/11/4,7,"[0,0,0,0,0,0,0]",[0],"[0,0,0,0,0,0,0]",940,92,98,0
2016/11/4,3655000,8,2016/11/4,7,"[0,0,0,0,0,0,0]",[0],"[0,0,0,0,0,0,0]",925,66,47,0
2016/11/4,3655082,8,2016/11/4,7,"[0,0,0,0,0,0,0]",[0],"[0,0,0,0,0,0,0]",852,61,50,0
2016/11/4,3655118,8,2016/11/4,7,"[0,0,0,0,0,0,0]",[0],"[0,0,0,0,0,0,0]",221,85,59,0
2016/11/4,3655244,8,2016/11/4,7,"[0,0,0,0,0,0,0]",[0],"[0,0,0,0,0,0,0]",612,35,67,0
2016/11/4,3655406,8,2016/11/4,7,"[0,0,0,0,0,0,0]",[0],"[0,0,0,0,0,0,0]",192,46,89,0
2016/11/4,3655488,8,2016/11/4,7,"[0,0,0,0,0,0,0]",[0],"[0,0,0,0,0,0,0]",370,86,14,0
2016/11/4,3655776,8,2016/11/4,7,"[0,0,0,0,0,0,0]",[0],[],904,85,36,0
2016/11/4,3655938,8,2016/11/4,7,"[0.3636,0.3636,0.3636,0.3636,0.3636,0.3636,0.3636]",[2.5452],[],525,22,9,0
2016/11/4,3656054,8,2016/11/4,7,"[0,0,0,0,0,0,0]",[0],"[0,0,0,0,0,0,0]",387,98,57,0
2016/11/4,3656180,8,2016/11/4,7,"[0,0,0,0,0,0,0]",[0],[],262,6,77,0
2016/11/4,3656298,8,2016/11/4,7,"[0,0,0,0,0,0,0]",[0],[],493,68,60,0
2016/11/4,3657026,8,2016/11/4,7,"[0.0825,0.0825,0.0825,0.0825,0.0825,0.0825,0.0825]",[0.5775],[],266,5,87,0
2016/11/4,3657602,8,2016/11/4,7,"[0,0,0,0,0,0,0]",[0],"[0,0,0,0,0,0,0]",917,72,72,0
2016/11/4,3657846,8,2016/11/4,7,"[0,0,0,0,0,0,0]",[0],"[0,0,0,0,0,0,0]",561,0,33,0
2016/11/4,3657972,8,2016/11/4,7,"[0,0,0,0,0,0,0]",[0],"[0,0,0,0,0,0,0]",641,68,88,0
2016/11/4,3658124,8,2016/11/4,7,"[0,0,0,0,0,0,0]",[0],"[0,0,0,0,0,0,0]",701,20,97,0
2016/11/4,3658368,8,2016/11/4,7,"[0,0,0,0,0,0,0]",[0],[],173,38,73,0
2016/11/4,3658656,8,2016/11/4,7,"[0,0,0,0,0,0,0]",[0],"[0,0,0,0,0,0,0]",213,13,80,0
2016/11/4,3658700,8,2016/11/4,7,"[0,0,0,0,0,0,0]",[0],"[0,0,0,0,0,0,0]",278,26,30,0
2016/11/4,3659592,8,2016/11/4,7,"[0,0,0,0,0,0,0]",[0],[],542,12,81,0
2016/11/4,3659628,8,2016/11/4,7,"[0.1714,0.1714,0.1714,0.1714,0.1714,0.1714,0.1714]",[1.1998],[],815,10,90,0
2016/11/4,3660338,8,2016/11/4,7,"[0,0,0,0,0,0,0]",[0],[],792,8,71,0
2016/11/4,3660464,8,2016/11/4,7,"[0.1538,0.1538,0.1538,0.1538,0.1538,0.1538,0.1538]",[1.0765999999999998],[],742,60,51,0
2016/11/4,3660996,8,2016/11/4,7,"[0,0,0,0,0,0,0]",[0],"[0,0,0,0,0,0,0]",91,73,87,0
2016/11/4,3661030,8,2016/11/4,7,"[0,0,0,0,0,0,0]",[0],[],882,8,2,0
2016/11/4,3661436,8,2016/11/4,7,"[0,0,0,0,0,0,0]",[0],[],778,38,37,0
2016/11/4,3661724,8,2016/11/4,7,"[0,0,0,0,0,0,0]",[0],"[0,0,0,0,0,0,0]",189,12,64,0
2016/11/4,3661850,8,2016/11/4,7,"[0,0,0,0,0,0,0]",[0],"[0,0,0,0,0,0,0]",73,5,64,0
2016/11/4,3661968,8,2016/11/4,7,"[0,0,0,0,0,0,0]",[0],"[0,0,0,0,0,0,0]",494,89,80,0
2016/11/4,3662002,8,2016/11/4,7,"[0,0,0,0,0,0,0]",[0],"[0,0,0,0,0,0,0]",131,15,77,0
2016/11/4,3662084,8,2016/11/4,7,"[0,0,0,0,0,0,0]",[0],"[0,0,0,0,0,0,0]",83,96,50,0
2016/11/4,3662246,8,2016/11/4,7,"[0,0,0,0,0,0,0]",[0],"[0,0,0,0,0,0,0]",10,60,88,0
2016/11/4,3662408,8,2016/11/4,7,"[0,0,0,0,0,0,0]",[0],"[0,0,0,0,0,0,0]",11,16,19,0
2016/11/4,3662534,8,2016/11/4,7,"[0,0,0,0,0,0,0]",[0],"[0,0,0,0,0,0,0]",362,100,22,0
2016/11/4,3663218,8,2016/11/4,7,"[0,0,0,0,0,0,0]",[0],"[0,0,0,0,0,0,0]",633,82,74,0
2016/11/4,3663344,8,2016/11/4,7,"[0,0,0,0,0,0,0]",[0],[],782,60,19,0
2016/11/4,3663470,8,2016/11/4,7,"[0.25,0.25,0.25,0.25,0.25,0.25,0.25]",[1.75],[],987,61,50,0
2016/11/4,3663588,8,2016/11/4,7,"[1,1,1,1,1,1,1]",[7],[],839,86,91,0
2016/11/4,3663632,8,2016/11/4,7,"[0,0,0,0,0,0,0]",[0],"[0,0,0,0,0,0,0]",365,44,83,0
2016/11/4,3663876,8,2016/11/4,7,"[0,0,0,0,0,0,0]",[0],"[0,0,0,0,0,0,0]",297,9,91,0
2016/11/4,3664028,8,2016/11/4,7,"[0,0,0,0,0,0,0]",[0],"[0,0,0,0,0,0,0]",792,58,61,0
2016/11/4,3664154,8,2016/11/4,7,"[0,0,0,0,0,0,0]",[0],"[0,0,0,0,0,0,0]",113,7,66,0
2016/11/4,3664280,8,2016/11/4,7,"[0,0,0,0,0,0,0]",[0],"[0,0,0,0,0,0,0]",341,30,2,0
2016/11/4,3664604,8,2016/11/4,7,"[0,0,0,0,0,0,0]",[0],"[0,0,0,0,0,0,0]",846,83,29,0
2016/11/4,3664686,8,2016/11/4,7,"[0,0,0,0,0,0,0]",[0],"[0,0,0,0,0,0,0]",971,32,41,0
2016/11/4,3665702,8,2016/11/4,7,"[0,0,0,0,0,0,0]",[0],"[0,0,0,0,0,0,0]",169,85,51,0
2016/11/4,3665946,8,2016/11/4,7,"[0,0,0,0,0,0,0]",[0],"[0,0,0,0,0,0,0]",441,21,15,0
2016/11/4,3666062,8,2016/11/4,7,"[0,0,0,0,0,0,0]",[0],"[0,0,0,0,0,0,0]",603,28,70,0
2016/11/4,3669636,8,2016/11/4,7,"[0,0,0,0,0,0,0]",[0],"[0,0,0,0,0,0,0]",751,40,74,0
2016/11/4,3669762,8,2016/11/4,7,"[0,0,0,0,0,0,0]",[0],"[0,0,0,0,0,0,0]",81,48,69,0
2016/11/4,3670346,8,2016/11/4,7,"[0.2571,0.2571,0.2571,0.2571,0.2571,0.2571,0.2571]",[1.7996999999999996],[],513,83,73,0
2016/11/4,3670472,8,2016/11/4,7,"[0,0,0,0,0,0,0]",[0],"[0,0,0,0,0,0,0]",854,52,52,0
2016/11/4,3670634,8,2016/11/4,7,"[0,0,0,0,0,0,0]",[0],"[0,0,0,0,0,0,0]",323,34,34,0
2016/11/4,3671570,8,2016/11/4,7,"[1,1,1,1,1,1,1]",[7],[],714,33,77,0
2016/11/4,3672416,8,2016/11/4,7,"[0,0,0,0,0,0,0]",[0],"[0,0,0,0,0,0,0]",934,10,64,0
2016/11/4,3672498,8,2016/11/4,7,"[0,0,0,0,0,0,0]",[0],"[0,0,0,0,0,0,0]",284,90,27,0
2016/11/4,3673064,8,2016/11/4,7,"[0,0,0,0,0,0,0]",[0],"[0,0,0,0,0,0,0]",151,48,87,0
2016/11/4,3673190,8,2016/11/4,7,"[0,0,0,0,0,0,0]",[0],"[0,0,0,0,0,0,0]",263,65,86,0
2016/11/4,3673352,8,2016/11/4,7,"[0,0,0,0,0,0,0]",[0],"[0,0,0,0,0,0,0]",287,8,7,0
2016/11/4,3673596,8,2016/11/4,7,"[0,0,0,0,0,0,0]",[0],"[0,0,0,0,0,0,0]",582,92,87,0
2016/11/4,3673802,8,2016/11/4,7,"[0,0,0,0,0,0,0]",[0],"[0,0,0,0,0,0,0]",928,29,70,0
2016/11/4,3674036,8,2016/11/4,7,"[0,0,0,0,0,0,0]",[0],[],522,67,26,0
2016/11/4,3674450,8,2016/11/4,7,"[0,0,0,0,0,0,0]",[0],"[0,0,0,0,0,0,0]",451,71,35,0
2016/11/4,3674856,8,2016/11/4,7,"[0,0,0,0,0,0,0]",[0],"[0,0,0,0,0,0,0]",552,13,11,0
2016/11/4,3674900,8,2016/11/4,7,"[0,0,0,0,0,0,0]",[0],"[0,0,0,0,0,0,0]",379,73,52,0
2016/11/4,3675134,8,2016/11/4,7,"[0,0,0,0,0,0,0]",[0],[],846,78,65,0
2016/11/4,3675260,8,2016/11/4,7,"[0,0,0,0,0,0,0]",[0],"[0,0,0,0,0,0,0]",63,71,5,0
2016/11/4,3675378,8,2016/11/4,7,"[0,0,0,0,0,0,0]",[0],"[0,0,0,0,0,0,0]",141,62,28,0
2016/11/4,3675422,8,2016/11/4,7,"[0,0,0,0,0,0,0]",[0],"[0,0,0,0,0,0,0]",123,53,95,0
2016/11/4,3675792,8,2016/11/4,7,"[0,0,0,0,0,0,0]",[0],"[0,0,0,0,0,0,0]",680,97,47,0
2016/11/4,3675954,8,2016/11/4,7,"[0,0,0,0,0,0,0]",[0],"[0,0,0,0,0,0,0]",739,80,18,0
2016/11/4,3676188,8,2016/11/4,7,"[0,0,0,0,0,0,0]",[0],"[0,0,0,0,0,0,0]",95,54,20,0
2016/11/4,3676764,8,2016/11/4,7,"[0,0,0,0,0,0,0]",[0],"[0,0,0,0,0,0,0]",723,55,4,0
2016/11/4,3676890,8,2016/11/4,7,"[0,0,0,0,0,0,0]",[0],"[0,0,0,0,0,0,0]",303,9,10,0
2016/11/4,3677736,8,2016/11/4,7,"[0,0,0,0,0,0,0]",[0],"[0,0,0,0,0,0,0]",586,74,70,0
2016/11/4,3677862,8,2016/11/4,7,"[0,0,0,0,0,0,0]",[0],[],287,21,65,0
2016/11/4,3678546,8,2016/11/4,7,"[0,0,0,0,0,0,0]",[0],"[0,0,0,0,0,0,0]",296,17,88,0
2016/11/4,3679068,8,2016/11/4,7,"[0,0,0,0,0,0,0]",[0],"[0,0,0,0,0,0,0]",95,75,83,0
2016/11/4,3679194,8,2016/11/4,7,"[0,0,0,0,0,0,0]",[0],"[0,0,0,0,0,0,0]",204,3,35,0
2016/11/4,3680110,8,2016/11/4,7,"[0,0,0,0,0,0,0]",[0],"[0,0,0,0,0,0,0]",470,15,27,0
2016/11/4,3680354,8,2016/11/4,7,"[0,0,0,0,0,0,0]",[0],"[0,0,0,0,0,0,0]",832,67,43,0
2016/11/4,3680480,8,2016/11/4,7,"[0,0,0,0,0,0,0]",[0],"[0,0,0,0,0,0,0]",332,62,3,0
2016/11/4,3680516,8,2016/11/4,7,"[0,0,0,0,0,0,0]",[0],"[0,0,0,0,0,0,0]",160,30,63,0
2016/11/4,3680642,8,2016/11/4,7,"[0,0,0,0,0,0,0]",[0],"[0,0,0,0,0,0,0]",593,87,81,0
2016/11/4,3681038,8,2016/11/4,7,"[0,0,0,0,0,0,0]",[0],[],21,59,56,0
2016/11/4,3681290,8,2016/11/4,7,"[0,0,0,0,0,0,0]",[0],"[0,0,0,0,0,0,0]",270,20,14,0
2016/11/4,3681326,8,2016/11/4,7,"[0,0,0,0,0,0,0]",[0],"[0,0,0,0,0,0,0]",387,20,2,0
2016/11/4,3682550,8,2016/11/4,7,"[0,0,0,0,0,0,0]",[0],"[0,0,0,0,0,0,0]",446,40,82,0
2016/11/4,3684170,8,2016/11/4,7,"[0,0,0,0,0,0,0]",[0],"[0,0,0,0,0,0,0]",988,84,66,0
2016/11/4,3685386,8,2016/11/4,7,"[0,0,0,0,0,0,0]",[0],"[0,0,0,0,0,0,0]",989,96,10,0
2016/11/4,3685548,8,2016/11/4,7,"[0,0,0,0,0,0,0]",[0],"[0,0,0,0,0,0,0]",113,28,85,0
2016/11/4,3685674,8,2016/11/4,7,"[0,0,0,0,0,0,0]",[0],"[0,0,0,0,0,0,0]",127,35,33,0
2016/11/4,3685962,8,2016/11/4,7,"[0,0,0,0,0,0,0]",[0],"[0,0,0,0,0,0,0]",3,6,28,0
2016/11/4,3686114,8,2016/11/4,7,"[0,0,0,0,0,0,0]",[0],"[0,0,0,0,0,0,0]",652,62,19,0
2016/11/4,3686196,8,2016/11/4,7,"[0,0,0,0,0,0,0]",[0],"[0,0,0,0,0,0,0]",787,59,70,0
2016/11/4,3686240,8,2016/11/4,7,"[0,0,0,0,0,0,0]",[0],"[0,0,0,0,0,0,0]",451,49,89,0
2016/11/4,3686484,8,2016/11/4,7,"[0.5,0.5,0.5,0.5,0.5,0.5,0.5]",[3.5],[],106,9,42,0
2016/11/4,3686772,8,2016/11/4,7,"[0,0,0,0,0,0,0]",[0],"[0,0,0,0,0,0,0]",480,81,98,0
2016/11/4,3686808,8,2016/11/4,7,"[0,0,0,0,0,0,0]",[0],"[0,0,0,0,0,0,0]",325,46,49,0
2016/11/4,3687050,8,2016/11/4,7,"[0,0,0,0,0,0,0]",[0],"[0,0,0,0,0,0,0]",671,68,47,0
2016/11/4,3687294,8,2016/11/4,7,"[0,0,0,0,0,0,0]",[0],"[0,0,0,0,0,0,0]",632,34,0,0
2016/11/4,3687456,8,2016/11/4,7,"[0.0625,0.0625,0.0625,0.0625,0.0625,0.0625,0.0625]",[0.4375],[],259,43,37,0
2016/11/4,3687582,8,2016/11/4,7,"[0,0,0,0,0,0,0]",[0],"[0,0,0,0,0,0,0]",288,19,76,0
2016/11/4,3687618,8,2016/11/4,7,"[0,0,0,0,0,0,0]",[0],"[0,0,0,0,0,0,0]",492,15,58,0
2016/11/4,3687744,8,2016/11/4,7,"[0,0,0,0,0,0,0]",[0],"[0,0,0,0,0,0,0]",911,5,55,0
2016/11/4,3688428,8,2016/11/4,7,"[0,0,0,0,0,0,0]",[0],"[0,0,0,0,0,0,0]",204,15,32,0
2016/11/4,3688554,8,2016/11/4,7,"[0.0571,0.0571,0.0571,0.0571,0.0571,0.0571,0.0571]",[0.39969999999999994],[],407,97,74,0
2016/11/4,3688680,8,2016/11/4,7,"[0,0,0,0,0,0,0]",[0],"[0,0,0,0,0,0,0]",484,84,47,0
2016/11/4,3688716,8,2016/11/4,7,"[0,0,0,0,0,0,0]",[0],"[0,0,0,0,0,0,0]",22,65,73,0
2016/11/4,3688798,8,2016/11/4,7,"[0.1667,0.1667,0.1667,0.1667,0.1667,0.1667,0.1667]",[1.1669],[],943,47,14,0
2016/11/4,3688842,8,2016/11/4,7,"[0,0,0,0,0,0,0]",[0],"[0,0,0,0,0,0,0]",951,37,69,0
2016/11/4,3689238,8,2016/11/4,7,"[0,0,0,0,0,0,0]",[0],"[0,0,0,0,0,0,0]",317,92,58,0
2016/11/4,3689652,8,2016/11/4,7,"[0,0,0,0,0,0,0]",[0],"[0,0,0,0,0,0,0]",354,73,2,0
2016/11/4,3689814,8,2016/11/4,7,"[0,0,0,0,0,0,0]",[0],"[0,0,0,0,0,0,0]",656,34,56,0
2016/11/4,3689896,8,2016/11/4,7,"[0,0,0,0,0,0,0]",[0],"[0,0,0,0,0,0,0]",481,95,89,0
2016/11/4,3689940,8,2016/11/4,7,"[0,0,0,0,0,0,0]",[0],"[0,0,0,0,0,0,0]",383,12,53,0
2016/11/4,3690074,8,2016/11/4,7,"[0,0,0,0,0,0,0]",[0],"[0,0,0,0,0,0,0]",424,24,28,0
2016/11/4,3690236,8,2016/11/4,7,"[0,0,0,0,0,0,0]",[0],"[0,0,0,0,0,0,0]",282,4,88,0
2016/11/4,3690362,8,2016/11/4,7,"[0.2308,0.2308,0.2308,0.2308,0.2308,0.2308,0.2308]",[1.6155999999999997],[],804,58,98,0
2016/11/4,3690650,8,2016/11/4,7,"[0,0,0,0,0,0,0]",[0],"[0,0,0,0,0,0,0]",749,32,17,0
2016/11/4,3691046,8,2016/11/4,7,"[0,0,0,0,0,0,0]",[0],"[0,0,0,0,0,0,0]",818,24,18,0
2016/11/4,3691172,8,2016/11/4,7,"[0,0,0,0,0,0,0]",[0],"[0,0,0,0,0,0,0]",66,43,57,0
2016/11/4,3691334,8,2016/11/4,7,"[0,0,0,0,0,0,0]",[0],"[0,0,0,0,0,0,0]",757,83,71,0
2016/11/4,3691578,8,2016/11/4,7,"[0,0,0,0,0,0,0]",[0],"[0,0,0,0,0,0,0]",176,87,37,0
2016/11/4,3691866,8,2016/11/4,7,"[0,0,0,0,0,0,0]",[0],"[0,0,0,0,0,0,0]",338,31,12,0
2016/11/4,3691992,8,2016/11/4,7,"[0,0,0,0,0,0,0]",[0],"[0,0,0,0,0,0,0]",751,89,50,0
2016/11/4,3692018,8,2016/11/4,7,"[0,0,0,0,0,0,0]",[0],"[0,0,0,0,0,0,0]",652,47,72,0
2016/11/4,3692720,8,2016/11/4,7,"[0,0,0,0,0,0,0]",[0],[],423,77,93,0
2016/11/4,3693404,8,2016/11/4,7,"[0,0,0,0,0,0,0]",[0],"[0,0,0,0,0,0,0]",592,20,60,0
2016/11/4,3694340,8,2016/11/4,7,"[0.1923,0.1923,0.1923,0.1923,0.1923,0.1923,0.1923]",[1.3460999999999999],[],285,24,5,0
2016/11/4,3695682,8,2016/11/4,7,"[0,0,0,0,0,0,0]",[0],"[0,0,0,0,0,0,0]",377,7,91,0
2016/11/4,3696780,8,2016/11/4,7,"[0,0,0,0,0,0,0]",[0],"[0,0,0,0,0,0,0]",275,89,87,0
2016/11/4,3696816,8,2016/11/4,7,"[0,0,0,0,0,0,0]",[0],"[0,0,0,0,0,0,0]",881,40,37,0
2016/11/4,3699084,8,2016/11/4,7,"[0.2,0.2,0.2,0.2,0.2,0.2,0.2]",[1.4],[],892,40,19,0
2016/11/4,3699822,8,2016/11/4,7,"[0,0,0,0,0,0,0]",[0],"[0,0,0,0,0,0,0]",211,60,82,0
2016/11/4,3700342,8,2016/11/4,7,"[0,0,0,0,0,0,0]",[0],"[0,0,0,0,0,0,0]",386,26,15,0
2016/11/4,3700874,8,2016/11/4,7,"[0,0,0,0,0,0,0]",[0],"[0,0,0,0,0,0,0]",221,39,91,0
2016/11/4,3701026,8,2016/11/4,7,"[0,0,0,0,0,0,0]",[0],"[0,0,0,0,0,0,0]",345,91,78,0
2016/11/4,3701314,8,2016/11/4,7,"[0,0,0,0,0,0,0]",[0],"[0,0,0,0,0,0,0]",404,73,28,0
2016/11/4,3701396,8,2016/11/4,7,"[0,0,0,0,0,0,0]",[0],"[0,0,0,0,0,0,0]",78,48,18,0
2016/11/4,3701440,8,2016/11/4,7,"[0,0,0,0,0,0,0]",[0],"[0,0,0,0,0,0,0]",776,93,32,0
2016/11/4,3701602,8,2016/11/4,7,"[0,0,0,0,0,0,0]",[0],"[0,0,0,0,0,0,0]",489,2,35,0
2016/11/4,3701684,8,2016/11/4,7,"[0.0392,0.0392,0.0392,0.0392,0.0392,0.0392,0.0392]",[0.27440000000000003],[],776,72,56,0
2016/11/4,3702250,8,2016/11/4,7,"[0,0,0,0,0,0,0]",[0],"[0,0,0,0,0,0,0]",82,81,40,0
2016/11/4,3702368,8,2016/11/4,7,"[0,0,0,0,0,0,0]",[0],"[0,0,0,0,0,0,0]",465,84,45,0
2016/11/4,3702412,8,2016/11/4,7,"[0,0,0,0,0,0,0]",[0],"[0,0,0,0,0,0,0]",508,15,16,0
2016/11/4,3702782,8,2016/11/4,7,"[0.2286,0.2286,0.2286,0.2286,0.2286,0.2286,0.2286]",[1.6001999999999998],[],723,38,82,0
2016/11/4,3703628,8,2016/11/4,7,"[0.25,0.25,0.25,0.25,0.25,0.25,0.25]",[1.75],[],510,24,85,0
2016/11/4,3703998,8,2016/11/4,7,"[0,0,0,0,0,0,0]",[0],"[0,0,0,0,0,0,0]",732,43,79,0
2016/11/4,3704320,8,2016/11/4,7,"[0,0,0,0,0,0,0]",[0],"[0,0,0,0,0,0,0]",849,86,6,0
2016/11/4,3704564,8,2016/11/4,7,"[0,0,0,0,0,0,0]",[0],"[0,0,0,0,0,0,0]",914,1,30,0
2016/11/4,3705536,8,2016/11/4,7,"[0.0196,0.0196,0.0196,0.0196,0.0196,0.0196,0.0196]",[0.13720000000000002],[],370,9,7,0
2016/11/4,3707200,8,2016/11/4,7,"[0.0196,0.0196,0.0196,0.0196,0.0196,0.0196,0.0196]",[0.13720000000000002],[],510,48,87,0
2016/11/4,3707282,8,2016/11/4,7,"[0,0,0,0,0,0,0]",[0],"[0,0,0,0,0,0,0]",692,29,36,0
2016/11/4,3707570,8,2016/11/4,7,"[0,0,0,0,0,0,0]",[0],"[0,0,0,0,0,0,0]",584,21,11,0
2016/11/4,3707688,8,2016/11/4,7,"[0,0,0,0,0,0,0]",[0],"[0,0,0,0,0,0,0]",564,60,24,0
2016/11/4,3707732,8,2016/11/4,7,"[0,0,0,0,0,0,0]",[0],"[0,0,0,0,0,0,0]",823,76,100,0
2016/11/4,3708128,8,2016/11/4,7,"[0,0,0,0,0,0,0]",[0],"[0,0,0,0,0,0,0]",319,99,61,0
2016/11/4,3708254,8,2016/11/4,7,"[0,0,0,0,0,0,0]",[0],[],750,82,95,0
2016/11/4,3708416,8,2016/11/4,7,"[0,0,0,0,0,0,0]",[0],"[0,0,0,0,0,0,0]",488,80,73,0
2016/11/4,3708498,8,2016/11/4,7,"[0,0,0,0,0,0,0]",[0],"[0,0,0,0,0,0,0]",228,98,74,0
2016/11/4,3708542,8,2016/11/4,7,"[0,0,0,0,0,0,0]",[0],[],652,7,80,0
2016/11/4,3708786,8,2016/11/4,7,"[0,0,0,0,0,0,0]",[0],"[0,0,0,0,0,0,0]",507,83,39,0
2016/11/4,3708948,8,2016/11/4,7,"[0.0196,0.0196,0.0196,0.0196,0.0196,0.0196,0.0196]",[0.13720000000000002],[],270,85,89,0
2016/11/4,3709064,8,2016/11/4,7,"[0,0,0,0,0,0,0]",[0],"[0,0,0,0,0,0,0]",410,48,39,0
2016/11/4,3709190,8,2016/11/4,7,"[0,0,0,0,0,0,0]",[0],"[0,0,0,0,0,0,0]",402,48,34,0
2016/11/4,3709226,8,2016/11/4,7,"[0,0,0,0,0,0,0]",[0],"[0,0,0,0,0,0,0]",981,62,5,0
2016/11/4,3709352,8,2016/11/4,7,"[0,0,0,0,0,0,0]",[0],"[0,0,0,0,0,0,0]",511,86,62,0
2016/11/4,3709514,8,2016/11/4,7,"[0,0,0,0,0,0,0]",[0],"[0,0,0,0,0,0,0]",667,75,14,0
2016/11/4,3709758,8,2016/11/4,7,"[0,0,0,0,0,0,0]",[0],"[0,0,0,0,0,0,0]",162,80,11,0
2016/11/4,3709884,8,2016/11/4,7,"[0,0,0,0,0,0,0]",[0],"[0,0,0,0,0,0,0]",980,86,41,0
2016/11/4,3710062,8,2016/11/4,7,"[0,0,0,0,0,0,0]",[0],"[0,0,0,0,0,0,0]",454,54,25,0
2016/11/4,3710224,8,2016/11/4,7,"[0.0588,0.0588,0.0588,0.0588,0.0588,0.0588,0.0588]",[0.4116],[],607,79,5,0
2016/11/4,3711278,8,2016/11/4,7,"[0,0,0,0,0,0,0]",[0],"[0,0,0,0,0,0,0]",409,52,3,0
2016/11/4,3711566,8,2016/11/4,7,"[0,0,0,0,0,0,0]",[0],"[0,0,0,0,0,0,0]",761,63,99,0
2016/11/4,3711610,8,2016/11/4,7,"[0,0,0,0,0,0,0]",[0],"[0,0,0,0,0,0,0]",279,98,65,0
2016/11/4,3711692,8,2016/11/4,7,"[0,0,0,0,0,0,0]",[0],"[0,0,0,0,0,0,0]",586,6,75,0
2016/11/4,3711728,8,2016/11/4,7,"[0,0,0,0,0,0,0]",[0],"[0,0,0,0,0,0,0]",179,62,100,0
2016/11/4,3711854,8,2016/11/4,7,"[0,0,0,0,0,0,0]",[0],"[0,0,0,0,0,0,0]",685,40,2,0
2016/11/4,3712006,8,2016/11/4,7,"[1,1,1,1,1,1,1]",[7],[],956,50,50,0
2016/11/4,3712088,8,2016/11/4,7,"[0,0,0,0,0,0,0]",[0],"[0,0,0,0,0,0,0]",110,35,19,0
2016/11/4,3712376,8,2016/11/4,7,"[0,0,0,0,0,0,0]",[0],"[0,0,0,0,0,0,0]",439,77,82,0
2016/11/4,3712664,8,2016/11/4,7,"[0.0909,0.0909,0.0909,0.0909,0.0909,0.0909,0.0909]",[0.6363],[],967,16,54,0
2016/11/4,3712790,8,2016/11/4,7,"[0,0,0,0,0,0,0]",[0],"[0,0,0,0,0,0,0]",628,64,32,0
2016/11/4,3713230,8,2016/11/4,7,"[0,0,0,0,0,0,0]",[0],"[0,0,0,0,0,0,0]",843,36,55,0
2016/11/4,3713924,8,2016/11/4,7,"[0,0,0,0,0,0,0]",[0],"[0,0,0,0,0,0,0]",914,73,41,0
2016/11/4,3714446,8,2016/11/4,7,"[0,0,0,0,0,0,0]",[0],"[0,0,0,0,0,0,0]",388,95,86,0
2016/11/4,3714734,8,2016/11/4,7,"[0.2571,0.2571,0.2571,0.2571,0.2571,0.2571,0.2571]",[1.7996999999999996],[],71,68,40,0
2016/11/4,3715418,8,2016/11/4,7,"[0,0,0,0,0,0,0]",[0],"[0,0,0,0,0,0,0]",14,42,47,0
2016/11/4,3715670,8,2016/11/4,7,"[0,0,0,0,0,0,0]",[0],"[0,0,0,0,0,0,0]",983,88,73,0
2016/11/4,3716192,8,2016/11/4,7,"[0,0,0,0,0,0,0]",[0],"[0,0,0,0,0,0,0]",432,3,4,0
2016/11/4,3717290,8,2016/11/4,7,"[0,0,0,0,0,0,0]",[0],"[0,0,0,0,0,0,0]",452,40,7,0
2016/11/4,3717614,8,2016/11/4,7,"[3.4108,3.4108,3.4108,3.4108,3.4108,3.4108,3.4108]",[23.875600000000006],[],547,46,24,0
2016/11/4,3717858,8,2016/11/4,7,"[0.3143,0.3143,0.3143,0.3143,0.3143,0.3143,0.3143]",[2.2001],[],42,41,80,0
2016/11/4,3718262,8,2016/11/4,7,"[0,0,0,0,0,0,0]",[0],"[0,0,0,0,0,0,0]",185,58,91,0
2016/11/4,3718550,8,2016/11/4,7,"[0,0,0,0,0,0,0]",[0],"[0,0,0,0,0,0,0]",682,78,58,0
2016/11/4,3718956,8,2016/11/4,7,"[0,0,0,0,0,0,0]",[0],"[0,0,0,0,0,0,0]",471,52,28,0
2016/11/4,3719478,8,2016/11/4,7,"[0.0833,0.0833,0.0833,0.0833,0.0833,0.0833,0.0833]",[0.5831],[],517,71,29,0
2016/11/4,3719766,8,2016/11/4,7,"[0.25,0.25,0.25,0.25,0.25,0.25,0.25]",[1.75],[],856,89,99,0
2016/11/4,3720106,8,2016/11/4,7,"[0,0,0,0,0,0,0]",[0],"[0,0,0,0,0,0,0]",359,17,83,0
2016/11/4,3720188,8,2016/11/4,7,"[0,0,0,0,0,0,0]",[0],"[0,0,0,0,0,0,0]",801,64,26,0
2016/11/4,3720638,8,2016/11/4,7,"[0.0571,0.0571,0.0571,0.0571,0.0571,0.0571,0.0571]",[0.39969999999999994],[],894,95,6,0
2016/11/4,3720926,8,2016/11/4,7,"[0,0,0,0,0,0,0]",[0],"[0,0,0,0,0,0,0]",820,42,64,0
2016/11/4,3721736,8,2016/11/4,7,"[0,0,0,0,0,0,0]",[0],"[0,0,0,0,0,0,0]",535,21,89,0
2016/11/4,3722384,8,2016/11/4,7,"[0,0,0,0,0,0,0]",[0],"[0,0,0,0,0,0,0]",243,43,55,0
2016/11/4,3722546,8,2016/11/4,7,"[0.0857,0.0857,0.0857,0.0857,0.0857,0.0857,0.0857]",[0.5999],[],909,33,84,0
2016/11/4,3723112,8,2016/11/4,7,"[0.0909,0.0909,0.0909,0.0909,0.0909,0.0909,0.0909]",[0.6363],[],889,25,47,0
2016/11/4,3723356,8,2016/11/4,7,"[0,0,0,0,0,0,0]",[0],"[0,0,0,0,0,0,0]",166,16,15,0
2016/11/4,3723482,8,2016/11/4,7,"[0,0,0,0,0,0,0]",[0],"[0,0,0,0,0,0,0]",295,97,68,0
2016/11/4,3723806,8,2016/11/4,7,"[0,0,0,0,0,0,0]",[0],"[0,0,0,0,0,0,0]",560,6,33,0
2016/11/4,3723888,8,2016/11/4,7,"[0.0213,0.0213,0.0213,0.0213,0.0213,0.0213,0.0213]",[0.1491],[],584,35,75,0
2016/11/4,3724742,8,2016/11/4,7,"[0,0,0,0,0,0,0]",[0],"[0,0,0,0,0,0,0]",874,44,3,0
2016/11/4,3725796,8,2016/11/4,7,"[0,0,0,0,0,0,0]",[0],"[0,0,0,0,0,0,0]",669,85,99,0
2016/11/4,3726524,8,2016/11/4,7,"[0,0,0,0,0,0,0]",[0],"[0,0,0,0,0,0,0]",396,39,79,0
2016/11/4,3726894,8,2016/11/4,7,"[0,0,0,0,0,0,0]",[0],"[0,0,0,0,0,0,0]",761,71,85,0
2016/11/4,3727208,8,2016/11/4,7,"[0.0435,0.0435,0.0435,0.0435,0.0435,0.0435,0.0435]",[0.30449999999999994],[],517,88,93,0
2016/11/4,3728432,8,2016/11/4,7,"[0,0,0,0,0,0,0]",[0],"[0,0,0,0,0,0,0]",620,8,24,0
2016/11/4,3728838,8,2016/11/4,7,"[0,0,0,0,0,0,0]",[0],"[0,0,0,0,0,0,0]",928,28,47,0
2016/11/4,3729080,8,2016/11/4,7,"[0,0,0,0,0,0,0]",[0],"[0,0,0,0,0,0,0]",542,46,61,0
2016/11/4,3729198,8,2016/11/4,7,"[0,0,0,0,0,0,0]",[0],"[0,0,0,0,0,0,0]",324,95,44,0
2016/11/4,3729530,8,2016/11/4,7,"[0,0,0,0,0,0,0]",[0],"[0,0,0,0,0,0,0]",857,94,16,0
2016/11/4,3729648,8,2016/11/4,7,"[0,0,0,0,0,0,0]",[0],"[0,0,0,0,0,0,0]",33,42,85,0
2016/11/4,3729936,8,2016/11/4,7,"[0,0,0,0,0,0,0]",[0],"[0,0,0,0,0,0,0]",594,99,19,0
2016/11/4,3730240,8,2016/11/4,7,"[0,0,0,0,0,0,0]",[0],"[0,0,0,0,0,0,0]",714,50,51,0
2016/11/4,3730358,8,2016/11/4,7,"[0,0,0,0,0,0,0]",[0],"[0,0,0,0,0,0,0]",630,50,13,0
2016/11/4,3731050,8,2016/11/4,7,"[0.0217,0.0217,0.0217,0.0217,0.0217,0.0217,0.0217]",[0.1519],[],865,46,73,0
2016/11/4,3731212,8,2016/11/4,7,"[0,0,0,0,0,0,0]",[0],"[0,0,0,0,0,0,0]",866,66,86,0
2016/11/4,3731456,8,2016/11/4,7,"[0,0,0,0,0,0,0]",[0],"[0,0,0,0,0,0,0]",147,51,15,0
2016/11/4,3731500,8,2016/11/4,7,"[0,0,0,0,0,0,0]",[0],"[0,0,0,0,0,0,0]",259,33,8,0
2016/11/4,3731582,8,2016/11/4,7,"[0,0,0,0,0,0,0]",[0],"[0,0,0,0,0,0,0]",667,23,97,0
2016/11/4,3731744,8,2016/11/4,7,"[0,0,0,0,0,0,0]",[0],"[0,0,0,0,0,0,0]",251,86,83,0
2016/11/4,3731870,8,2016/11/4,7,"[0,0,0,0,0,0,0]",[0],"[0,0,0,0,0,0,0]",7,50,12,0
2016/11/4,3731906,8,2016/11/4,7,"[0,0,0,0,0,0,0]",[0],"[0,0,0,0,0,0,0]",872,41,27,0
2016/11/4,3731988,8,2016/11/4,7,"[0,0,0,0,0,0,0]",[0],"[0,0,0,0,0,0,0]",773,93,66,0
2016/11/4,3732428,8,2016/11/4,7,"[0,0,0,0,0,0,0]",[0],"[0,0,0,0,0,0,0]",367,65,39,0
2016/11/4,3732680,8,2016/11/4,7,"[0,0,0,0,0,0,0]",[0],"[0,0,0,0,0,0,0]",355,41,82,0
2016/11/4,3732842,8,2016/11/4,7,"[0,0,0,0,0,0,0]",[0],"[0,0,0,0,0,0,0]",331,51,6,0
2016/11/4,3733238,8,2016/11/4,7,"[0.1111,0.1111,0.1111,0.1111,0.1111,0.1111,0.1111]",[0.7777],[],983,59,60,0
2016/11/4,3733364,8,2016/11/4,7,"[0,0,0,0,0,0,0]",[0],"[0,0,0,0,0,0,0]",478,53,21,0
2016/11/4,3733652,8,2016/11/4,7,"[0,0,0,0,0,0,0]",[0],"[0,0,0,0,0,0,0]",957,65,35,0
2016/11/4,3733814,8,2016/11/4,7,"[0,0,0,0,0,0,0]",[0],"[0,0,0,0,0,0,0]",217,41,45,0
2016/11/4,3734868,8,2016/11/4,7,"[0,0,0,0,0,0,0]",[0],"[0,0,0,0,0,0,0]",864,1,69,0
2016/11/4,3734912,8,2016/11/4,7,"[0,0,0,0,0,0,0]",[0],"[0,0,0,0,0,0,0]",274,44,84,0
2016/11/4,3735272,8,2016/11/4,7,"[0,0,0,0,0,0,0]",[0],"[0,0,0,0,0,0,0]",761,67,46,0
2016/11/4,3735308,8,2016/11/4,7,"[0,0,0,0,0,0,0]",[0],"[0,0,0,0,0,0,0]",800,61,99,0
2016/11/4,3735560,8,2016/11/4,7,"[0,0,0,0,0,0,0]",[0],"[0,0,0,0,0,0,0]",512,22,96,0
2016/11/4,3735678,8,2016/11/4,7,"[0,0,0,0,0,0,0]",[0],"[0,0,0,0,0,0,0]",391,94,56,0
2016/11/4,3735722,8,2016/11/4,7,"[0,0,0,0,0,0,0]",[0],"[0,0,0,0,0,0,0]",858,62,51,0
2016/11/4,3738846,8,2016/11/4,7,"[0,0,0,0,0,0,0]",[0],"[0,0,0,0,0,0,0]",16,72,77,0
2016/11/4,3738972,8,2016/11/4,7,"[0,0,0,0,0,0,0]",[0],"[0,0,0,0,0,0,0]",789,43,22,0
2016/11/4,3739368,8,2016/11/4,7,"[0,0,0,0,0,0,0]",[0],"[0,0,0,0,0,0,0]",533,56,98,0
2016/11/4,3739494,8,2016/11/4,7,"[0,0,0,0,0,0,0]",[0],"[0,0,0,0,0,0,0]",387,43,73,0
2016/11/4,3739656,8,2016/11/4,7,"[1,1,1,1,1,1,1]",[7],[],306,99,74,0
2016/11/4,3739700,8,2016/11/4,7,"[0,0,0,0,0,0,0]",[0],"[0,0,0,0,0,0,0]",259,64,75,0
2016/11/4,3739944,8,2016/11/4,7,"[0,0,0,0,0,0,0]",[0],"[0,0,0,0,0,0,0]",948,86,29,0
2016/11/4,3740492,8,2016/11/4,7,"[0,0,0,0,0,0,0]",[0],"[0,0,0,0,0,0,0]",217,93,20,0
2016/11/4,3741220,8,2016/11/4,7,"[0,0,0,0,0,0,0]",[0],"[0,0,0,0,0,0,0]",676,67,42,0
2016/11/4,3743084,8,2016/11/4,7,"[0,0,0,0,0,0,0]",[0],"[0,0,0,0,0,0,0]",467,44,17,0
2016/11/4,3743246,8,2016/11/4,7,"[0,0,0,0,0,0,0]",[0],"[0,0,0,0,0,0,0]",769,21,48,0
2016/11/4,3743408,8,2016/11/4,7,"[0,0,0,0,0,0,0]",[0],"[0,0,0,0,0,0,0]",933,4,49,0
2016/11/4,3743534,8,2016/11/4,7,"[0,0,0,0,0,0,0]",[0],"[0,0,0,0,0,0,0]",183,73,16,0
2016/11/4,3745604,8,2016/11/4,7,"[0,0,0,0,0,0,0]",[0],"[0,0,0,0,0,0,0]",835,28,9,0
2016/11/4,3745686,8,2016/11/4,7,"[0,0,0,0,0,0,0]",[0],"[0,0,0,0,0,0,0]",413,36,78,0
2016/11/4,3746702,8,2016/11/4,7,"[0.3333,0.3333,0.3333,0.3333,0.3333,0.3333,0.3333]",[2.3331],[],850,97,8,0
2016/11/4,3747062,8,2016/11/4,7,"[0,0,0,0,0,0,0]",[0],"[0,0,0,0,0,0,0]",445,99,32,0
2016/11/4,3747224,8,2016/11/4,7,"[0,0,0,0,0,0,0]",[0],"[0,0,0,0,0,0,0]",103,70,11,0
2016/11/4,3747468,8,2016/11/4,7,"[0,0,0,0,0,0,0]",[0],"[0,0,0,0,0,0,0]",899,21,95,0
2016/11/4,3747594,8,2016/11/4,7,"[0,0,0,0,0,0,0]",[0],"[0,0,0,0,0,0,0]",16,94,94,0
2016/11/4,3747918,8,2016/11/4,7,"[0,0,0,0,0,0,0]",[0],"[0,0,0,0,0,0,0]",112,44,81,0
2016/11/4,3748278,8,2016/11/4,7,"[1.6136,1.6136,1.6136,1.6136,1.6136,1.6136,1.6136]",[11.2952],[],905,79,69,0
2016/11/4,3748566,8,2016/11/4,7,"[3.6571,3.6571,3.6571,3.6571,3.6571,3.6571,3.6571]",[25.5997],[],307,0,58,0
2016/11/4,3748692,8,2016/11/4,7,"[0,0,0,0,0,0,0]",[0],"[0,0,0,0,0,0,0]",333,68,27,0
2016/11/4,3748854,8,2016/11/4,7,"[0,0,0,0,0,0,0]",[0],"[0,0,0,0,0,0,0]",701,94,92,0
2016/11/4,3749006,8,2016/11/4,7,"[0.0227,0.0227,0.0227,0.0227,0.0227,0.0227,0.0227]",[0.1589],[],663,9,24,0
2016/11/4,3749088,8,2016/11/4,7,"[0,0,0,0,0,0,0]",[0],"[0,0,0,0,0,0,0]",513,91,18,0
2016/11/4,3749132,8,2016/11/4,7,"[0,0,0,0,0,0,0]",[0],"[0,0,0,0,0,0,0]",992,9,19,0
2016/11/4,3749376,8,2016/11/4,7,"[0,0,0,0,0,0,0]",[0],"[0,0,0,0,0,0,0]",708,69,27,0
2016/11/4,3749420,8,2016/11/4,7,"[0,0,0,0,0,0,0]",[0],"[0,0,0,0,0,0,0]",417,91,5,0
2016/11/4,3749538,8,2016/11/4,7,"[0,0,0,0,0,0,0]",[0],"[0,0,0,0,0,0,0]",863,80,16,0
2016/11/4,3749664,8,2016/11/4,7,"[0,0,0,0,0,0,0]",[0],"[0,0,0,0,0,0,0]",147,94,100,0
2016/11/4,3749952,8,2016/11/4,7,"[0,0,0,0,0,0,0]",[0],"[0,0,0,0,0,0,0]",946,94,92,0
2016/11/4,3750020,8,2016/11/4,7,"[0,0,0,0,0,0,0]",[0],"[0,0,0,0,0,0,0]",618,42,95,0
2016/11/4,3750138,8,2016/11/4,7,"[0,0,0,0,0,0,0]",[0],"[0,0,0,0,0,0,0]",693,94,94,0
2016/11/4,3750264,8,2016/11/4,7,"[0,0,0,0,0,0,0]",[0],"[0,0,0,0,0,0,0]",344,35,10,0
2016/11/4,3750426,8,2016/11/4,7,"[0.0227,0.0227,0.0227,0.0227,0.0227,0.0227,0.0227]",[0.1589],[],805,48,21,0
2016/11/4,3750552,8,2016/11/4,7,"[0,0,0,0,0,0,0]",[0],"[0,0,0,0,0,0,0]",596,34,13,0
2016/11/4,3751768,8,2016/11/4,7,"[0,0,0,0,0,0,0]",[0],"[0,0,0,0,0,0,0]",50,12,58,0
2016/11/4,3752578,8,2016/11/4,7,"[0.4286,0.4286,0.4286,0.4286,0.4286,0.4286,0.4286]",[3.0001999999999995],[],666,90,30,0
2016/11/4,3752866,8,2016/11/4,7,"[0.2,0.2,0.2,0.2,0.2,0.2,0.2]",[1.4],[],567,60,32,0
2016/11/4,3752992,8,2016/11/4,7,"[0.1136,0.1136,0.1136,0.1136,0.1136,0.1136,0.1136]",[0.7952000000000001],[],609,48,9,0
2016/11/4,3753018,8,2016/11/4,7,"[0,0,0,0,0,0,0]",[0],"[0,0,0,0,0,0,0]",343,88,83,0
2016/11/4,3753270,8,2016/11/4,7,"[1.5429,1.5429,1.5429,1.5429,1.5429,1.5429,1.5429]",[10.800299999999998],[],254,80,96,0
2016/11/4,3753676,8,2016/11/4,7,"[0,0,0,0,0,0,0]",[0],"[0,0,0,0,0,0,0]",135,17,47,0
2016/11/4,3753720,8,2016/11/4,7,"[0,0,0,0,0,0,0]",[0],"[0,0,0,0,0,0,0]",298,35,66,0
2016/11/4,3753964,8,2016/11/4,7,"[0,0,0,0,0,0,0]",[0],"[0,0,0,0,0,0,0]",815,74,35,0
2016/11/4,3754116,8,2016/11/4,7,"[0,0,0,0,0,0,0]",[0],"[0,0,0,0,0,0,0]",409,15,74,0
2016/11/4,3754404,8,2016/11/4,7,"[0,0,0,0,0,0,0]",[0],"[0,0,0,0,0,0,0]",209,56,86,0
2016/11/4,3754486,8,2016/11/4,7,"[0,0,0,0,0,0,0]",[0],"[0,0,0,0,0,0,0]",10,13,87,0
2016/11/4,3754530,8,2016/11/4,7,"[0,0,0,0,0,0,0]",[0],"[0,0,0,0,0,0,0]",511,95,20,0
2016/11/4,3754774,8,2016/11/4,7,"[0,0,0,0,0,0,0]",[0],"[0,0,0,0,0,0,0]",599,91,88,0
2016/11/4,3756682,8,2016/11/4,7,"[0,0,0,0,0,0,0]",[0],"[0,0,0,0,0,0,0]",243,7,44,0
2016/11/4,3756718,8,2016/11/4,7,"[0,0,0,0,0,0,0]",[0],"[0,0,0,0,0,0,0]",111,48,68,0
2016/11/4,3756970,8,2016/11/4,7,"[0,0,0,0,0,0,0]",[0],"[0,0,0,0,0,0,0]",758,4,40,0
2016/11/4,3757492,8,2016/11/4,7,"[0,0,0,0,0,0,0]",[0],"[0,0,0,0,0,0,0]",44,37,68,0
2016/11/4,3757528,8,2016/11/4,7,"[0,0,0,0,0,0,0]",[0],"[0,0,0,0,0,0,0]",501,12,32,0
2016/11/4,3758752,8,2016/11/4,7,"[0,0,0,0,0,0,0]",[0],"[0,0,0,0,0,0,0]",78,20,60,0
2016/11/4,3758914,8,2016/11/4,7,"[0.0233,0.0233,0.0233,0.0233,0.0233,0.0233,0.0233]",[0.16310000000000002],[],652,26,58,0
2016/11/4,3759274,8,2016/11/4,7,"[0.0233,0.0233,0.0233,0.0233,0.0233,0.0233,0.0233]",[0.16310000000000002],[],324,30,39,0
2016/11/4,3759436,8,2016/11/4,7,"[0.3077,0.3077,0.3077,0.3077,0.3077,0.3077,0.3077]",[2.1539],[],339,69,75,0
2016/11/4,3760434,8,2016/11/4,7,"[0,0,0,0,0,0,0]",[0],"[0,0,0,0,0,0,0]",437,27,93,0
2016/11/4,3760678,8,2016/11/4,7,"[0.4444,0.4444,0.4444,0.4444,0.4444,0.4444,0.4444]",[3.1108],[],679,24,68,0
2016/11/4,3761820,8,2016/11/4,7,"[0,0,0,0,0,0,0]",[0],"[0,0,0,0,0,0,0]",613,68,18,0
2016/11/4,3762180,8,2016/11/4,7,"[0,0,0,0,0,0,0]",[0],"[0,0,0,0,0,0,0]",549,6,52,0
2016/11/4,3762216,8,2016/11/4,7,"[0,0,0,0,0,0,0]",[0],"[0,0,0,0,0,0,0]",235,46,48,0
2016/11/4,3762342,8,2016/11/4,7,"[0.0233,0.0233,0.0233,0.0233,0.0233,0.0233,0.0233]",[0.16310000000000002],[],640,93,30,0
2016/11/4,3762504,8,2016/11/4,7,"[0,0,0,0,0,0,0]",[0],"[0,0,0,0,0,0,0]",97,6,5,0
2016/11/4,3762630,8,2016/11/4,7,"[0,0,0,0,0,0,0]",[0],"[0,0,0,0,0,0,0]",649,14,46,0
2016/11/4,3762748,8,2016/11/4,7,"[0,0,0,0,0,0,0]",[0],"[0,0,0,0,0,0,0]",66,87,14,0
2016/11/4,3762874,8,2016/11/4,7,"[0,0,0,0,0,0,0]",[0],"[0,0,0,0,0,0,0]",237,32,80,0
2016/11/4,3763152,8,2016/11/4,7,"[0,0,0,0,0,0,0]",[0],"[0,0,0,0,0,0,0]",828,63,44,0
2016/11/4,3763440,8,2016/11/4,7,"[0.0233,0.0233,0.0233,0.0233,0.0233,0.0233,0.0233]",[0.16310000000000002],[],145,83,54,0
2016/11/4,3763684,8,2016/11/4,7,"[0,0,0,0,0,0,0]",[0],"[0,0,0,0,0,0,0]",179,55,7,0
2016/11/4,3763846,8,2016/11/4,7,"[0,0,0,0,0,0,0]",[0],"[0,0,0,0,0,0,0]",202,87,33,0
2016/11/4,3764250,8,2016/11/4,7,"[0,0,0,0,0,0,0]",[0],"[0,0,0,0,0,0,0]",244,92,42,0
2016/11/4,3765178,8,2016/11/4,7,"[0,0,0,0,0,0,0]",[0],"[0,0,0,0,0,0,0]",61,48,66,0
2016/11/4,3766438,8,2016/11/4,7,"[0,0,0,0,0,0,0]",[0],[],192,71,1,0
2016/11/4,3766852,8,2016/11/4,7,"[0,0,0,0,0,0,0]",[0],"[0,0,0,0,0,0,0]",962,2,92,0
2016/11/4,3767004,8,2016/11/4,7,"[0,0,0,0,0,0,0]",[0],"[0,0,0,0,0,0,0]",814,21,91,0
2016/11/4,3769606,8,2016/11/4,7,"[0,0,0,0,0,0,0]",[0],"[0,0,0,0,0,0,0]",261,74,55,0
2016/11/4,3769732,8,2016/11/4,7,"[0.3143,0.3143,0.3143,0.3143,0.3143,0.3143,0.3143]",[2.2001],[],984,11,100,0
2016/11/4,3772224,8,2016/11/4,7,"[0,0,0,0,0,0,0]",[0],"[0,0,0,0,0,0,0]",47,22,80,0
2016/11/4,3772468,8,2016/11/4,7,"[0.4762,0.4762,0.4762,0.4762,0.4762,0.4762,0.4762]",[3.3334],[],239,29,41,0
2016/11/4,3772594,8,2016/11/4,7,"[0,0,0,0,0,0,0]",[0],"[0,0,0,0,0,0,0]",770,35,67,0
2016/11/4,3772756,8,2016/11/4,7,"[0,0,0,0,0,0,0]",[0],"[0,0,0,0,0,0,0]",281,63,41,0
2016/11/4,3772800,8,2016/11/4,7,"[0,0,0,0,0,0,0]",[0],"[0,0,0,0,0,0,0]",451,9,57,0
2016/11/4,3772882,8,2016/11/4,7,"[0,0,0,0,0,0,0]",[0],"[0,0,0,0,0,0,0]",613,8,82,0
2016/11/4,3773322,8,2016/11/4,7,"[0,0,0,0,0,0,0]",[0],"[0,0,0,0,0,0,0]",160,62,11,0
2016/11/4,3773980,8,2016/11/4,7,"[0,0,0,0,0,0,0]",[0],"[0,0,0,0,0,0,0]",964,92,64,0
2016/11/4,3774006,8,2016/11/4,7,"[0,0,0,0,0,0,0]",[0],"[0,0,0,0,0,0,0]",665,47,86,0
2016/11/4,3774088,8,2016/11/4,7,"[0,0,0,0,0,0,0]",[0],"[0,0,0,0,0,0,0]",206,37,52,0
2016/11/4,3774132,8,2016/11/4,7,"[0,0,0,0,0,0,0]",[0],"[0,0,0,0,0,0,0]",661,19,48,0
2016/11/4,3774420,8,2016/11/4,7,"[0,0,0,0,0,0,0]",[0],[],331,20,23,0
2016/11/4,3776978,8,2016/11/4,7,"[0,0,0,0,0,0,0]",[0],"[0,0,0,0,0,0,0]",670,77,52,0
2016/11/4,3777300,8,2016/11/4,7,"[0.0256,0.0256,0.0256,0.0256,0.0256,0.0256,0.0256]",[0.17920000000000003],[],841,70,7,0
2016/11/4,3778066,8,2016/11/4,7,"[1,1,1,1,1,1,1]",[7],[],861,68,12,0
2016/11/4,3778228,8,2016/11/4,7,"[0,0,0,0,0,0,0]",[0],"[0,0,0,0,0,0,0]",212,46,51,0
2016/11/4,3778598,8,2016/11/4,7,"[0,0,0,0,0,0,0]",[0],"[0,0,0,0,0,0,0]",383,97,91,0
2016/11/4,3778804,8,2016/11/4,7,"[0,0,0,0,0,0,0]",[0],"[0,0,0,0,0,0,0]",333,73,44,0
2016/11/4,3779038,8,2016/11/4,7,"[0,0,0,0,0,0,0]",[0],"[0,0,0,0,0,0,0]",648,24,81,0
2016/11/4,3779326,8,2016/11/4,7,"[0,0,0,0,0,0,0]",[0],"[0,0,0,0,0,0,0]",229,55,100,0
2016/11/4,3779452,8,2016/11/4,7,"[0,0,0,0,0,0,0]",[0],"[0,0,0,0,0,0,0]",219,76,89,0
2016/11/4,3779614,8,2016/11/4,7,"[0,0,0,0,0,0,0]",[0],"[0,0,0,0,0,0,0]",752,39,16,0
2016/11/4,3779902,8,2016/11/4,7,"[0,0,0,0,0,0,0]",[0],"[0,0,0,0,0,0,0]",105,77,71,0
2016/11/4,3779984,8,2016/11/4,7,"[0,0,0,0,0,0,0]",[0],"[0,0,0,0,0,0,0]",219,33,96,0
2016/11/4,3780162,8,2016/11/4,7,"[0,0,0,0,0,0,0]",[0],"[0,0,0,0,0,0,0]",141,50,38,0
2016/11/4,3780694,8,2016/11/4,7,"[0,0,0,0,0,0,0]",[0],"[0,0,0,0,0,0,0]",939,54,20,0
2016/11/4,3780982,8,2016/11/4,7,"[0,0,0,0,0,0,0]",[0],"[0,0,0,0,0,0,0]",565,86,45,0
2016/11/4,3781260,8,2016/11/4,7,"[0,0,0,0,0,0,0]",[0],"[0,0,0,0,0,0,0]",516,3,95,0
2016/11/4,3782070,8,2016/11/4,7,"[0,0,0,0,0,0,0]",[0],"[0,0,0,0,0,0,0]",832,86,34,0
2016/11/4,3783286,8,2016/11/4,7,"[0,0,0,0,0,0,0]",[0],"[0,0,0,0,0,0,0]",731,71,76,0
2016/11/4,3783448,8,2016/11/4,7,"[0.0769,0.0769,0.0769,0.0769,0.0769,0.0769,0.0769]",[0.5382999999999999],[],608,75,78,0
2016/11/4,3783736,8,2016/11/4,7,"[0,0,0,0,0,0,0]",[0],"[0,0,0,0,0,0,0]",830,1,69,0
2016/11/4,3783862,8,2016/11/4,7,"[0,0,0,0,0,0,0]",[0],"[0,0,0,0,0,0,0]",588,87,46,0
2016/11/4,3784014,8,2016/11/4,7,"[0,0,0,0,0,0,0]",[0],"[0,0,0,0,0,0,0]",71,95,58,0
2016/11/4,3784096,8,2016/11/4,7,"[0,0,0,0,0,0,0]",[0],"[0,0,0,0,0,0,0]",941,21,32,0
2016/11/4,3784302,8,2016/11/4,7,"[0,0,0,0,0,0,0]",[0],"[0,0,0,0,0,0,0]",18,1,79,0
2016/11/4,3784546,8,2016/11/4,7,"[0,0,0,0,0,0,0]",[0],"[0,0,0,0,0,0,0]",106,37,27,0
2016/11/4,3784672,8,2016/11/4,7,"[0,0,0,0,0,0,0]",[0],"[0,0,0,0,0,0,0]",348,75,47,0
2016/11/4,3785112,8,2016/11/4,7,"[0,0,0,0,0,0,0]",[0],"[0,0,0,0,0,0,0]",556,52,10,0
2016/11/4,3785356,8,2016/11/4,7,"[0,0,0,0,0,0,0]",[0],"[0,0,0,0,0,0,0]",110,80,43,0
2016/11/4,3785400,8,2016/11/4,7,"[0,0,0,0,0,0,0]",[0],"[0,0,0,0,0,0,0]",134,87,19,0
2016/11/4,3785518,8,2016/11/4,7,"[0,0,0,0,0,0,0]",[0],"[0,0,0,0,0,0,0]",139,100,43,0
2016/11/4,3785644,8,2016/11/4,7,"[0,0,0,0,0,0,0]",[0],"[0,0,0,0,0,0,0]",535,84,96,0
2016/11/4,3785806,8,2016/11/4,7,"[0,0,0,0,0,0,0]",[0],"[0,0,0,0,0,0,0]",599,82,64,0
2016/11/4,3785932,8,2016/11/4,7,"[0,0,0,0,0,0,0]",[0],"[0,0,0,0,0,0,0]",900,79,63,0
2016/11/4,3786292,8,2016/11/4,7,"[0.0256,0.0256,0.0256,0.0256,0.0256,0.0256,0.0256]",[0.17920000000000003],[],16,42,5,0
2016/11/4,3786454,8,2016/11/4,7,"[0,0,0,0,0,0,0]",[0],"[0,0,0,0,0,0,0]",609,74,59,0
2016/11/4,3786616,8,2016/11/4,7,"[0.3846,0.3846,0.3846,0.3846,0.3846,0.3846,0.3846]",[2.6921999999999997],[],553,98,89,0
2016/11/4,3786742,8,2016/11/4,7,"[0,0,0,0,0,0,0]",[0],"[0,0,0,0,0,0,0]",621,19,73,0
2016/11/4,3787714,8,2016/11/4,7,"[0,0,0,0,0,0,0]",[0],"[0,0,0,0,0,0,0]",893,2,27,0
2016/11/4,3788894,8,2016/11/4,7,"[0.3333,0.3333,0.3333,0.3333,0.3333,0.3333,0.3333]",[2.3331],[],327,92,57,0
2016/11/4,3789046,8,2016/11/4,7,"[0,0,0,0,0,0,0]",[0],"[0,0,0,0,0,0,0]",370,32,91,0
2016/11/4,3789172,8,2016/11/4,7,"[0.0256,0.0256,0.0256,0.0256,0.0256,0.0256,0.0256]",[0.17920000000000003],[],699,40,32,0
2016/11/4,3792484,8,2016/11/4,7,"[0,0,0,0,0,0,0]",[0],"[0,0,0,0,0,0,0]",332,76,93,0
2016/11/4,3792646,8,2016/11/4,7,"[0.1579,0.1579,0.1579,0.1579,0.1579,0.1579,0.1579]",[1.1053000000000002],[],53,32,91,0
2016/11/4,3793168,8,2016/11/4,7,"[0,0,0,0,0,0,0]",[0],"[0,0,0,0,0,0,0]",993,85,78,0
2016/11/4,3793500,8,2016/11/4,7,"[0.0526,0.0526,0.0526,0.0526,0.0526,0.0526,0.0526]",[0.36819999999999997],[],204,31,67,0
2016/11/4,3793906,8,2016/11/4,7,"[1,1,1,1,1,1,1]",[7],[],636,58,1,0
2016/11/4,3795076,8,2016/11/4,7,"[0,0,0,0,0,0,0]",[0],"[0,0,0,0,0,0,0]",148,44,60,0
2016/11/4,3795120,8,2016/11/4,7,"[0,0,0,0,0,0,0]",[0],"[0,0,0,0,0,0,0]",137,95,59,0
2016/11/4,3795652,8,2016/11/4,7,"[0,0,0,0,0,0,0]",[0],"[0,0,0,0,0,0,0]",704,5,65,0
2016/11/4,3795896,8,2016/11/4,7,"[0,0,0,0,0,0,0]",[0],"[0,0,0,0,0,0,0]",751,4,49,0
2016/11/4,3796994,8,2016/11/4,7,"[0,0,0,0,0,0,0]",[0],"[0,0,0,0,0,0,0]",201,11,40,0
2016/11/4,3797308,8,2016/11/4,7,"[0,0,0,0,0,0,0]",[0],"[0,0,0,0,0,0,0]",636,57,33,0
2016/11/4,3797434,8,2016/11/4,7,"[0,0,0,0,0,0,0]",[0],"[0,0,0,0,0,0,0]",820,59,1,0
2016/11/4,3797678,8,2016/11/4,7,"[0,0,0,0,0,0,0]",[0],"[0,0,0,0,0,0,0]",726,10,6,0
2016/11/4,3797722,8,2016/11/4,7,"[0,0,0,0,0,0,0]",[0],"[0,0,0,0,0,0,0]",7,69,7,0
2016/11/4,3798370,8,2016/11/4,7,"[0,0,0,0,0,0,0]",[0],"[0,0,0,0,0,0,0]",292,69,77,0
2016/11/4,3798406,8,2016/11/4,7,"[0,0,0,0,0,0,0]",[0],"[0,0,0,0,0,0,0]",644,19,99,0
2016/11/4,3799216,8,2016/11/4,7,"[0,0,0,0,0,0,0]",[0],"[0,0,0,0,0,0,0]",588,55,12,0
2016/11/4,3799298,8,2016/11/4,7,"[0,0,0,0,0,0,0]",[0],"[0,0,0,0,0,0,0]",954,80,48,0
2016/11/4,3799342,8,2016/11/4,7,"[0,0,0,0,0,0,0]",[0],"[0,0,0,0,0,0,0]",750,62,60,0
2016/11/4,3799630,8,2016/11/4,7,"[0.1111,0.1111,0.1111,0.1111,0.1111,0.1111,0.1111]",[0.7777],[],369,80,62,0
2016/11/4,3800312,8,2016/11/4,7,"[0,0,0,0,0,0,0]",[0],"[0,0,0,0,0,0,0]",473,69,95,0
2016/11/4,3800394,8,2016/11/4,7,"[1.75,1.75,1.75,1.75,1.75,1.75,1.75]",[12.25],[],88,36,66,0
2016/11/4,3800556,8,2016/11/4,7,"[0,0,0,0,0,0,0]",[0],"[0,0,0,0,0,0,0]",674,4,96,0
2016/11/4,3801078,8,2016/11/4,7,"[0,0,0,0,0,0,0]",[0],"[0,0,0,0,0,0,0]",452,9,57,0
2016/11/4,3802914,8,2016/11/4,7,"[0,0,0,0,0,0,0]",[0],"[0,0,0,0,0,0,0]",872,61,84,0
2016/11/4,3802996,8,2016/11/4,7,"[0,0,0,0,0,0,0]",[0],"[0,0,0,0,0,0,0]",4,44,66,0
2016/11/4,3803274,8,2016/11/4,7,"[0,0,0,0,0,0,0]",[0],"[0,0,0,0,0,0,0]",948,50,42,0
2016/11/4,3803436,8,2016/11/4,7,"[0,0,0,0,0,0,0]",[0],"[0,0,0,0,0,0,0]",524,8,99,0
2016/11/4,3803562,8,2016/11/4,7,"[0,0,0,0,0,0,0]",[0],"[0,0,0,0,0,0,0]",961,89,57,0
2016/11/4,3804822,8,2016/11/4,7,"[0.0857,0.0857,0.0857,0.0857,0.0857,0.0857,0.0857]",[0.5999],[],895,50,17,0
2016/11/4,3805100,8,2016/11/4,7,"[0,0,0,0,0,0,0]",[0],"[0,0,0,0,0,0,0]",880,9,91,0
2016/11/4,3805344,8,2016/11/4,7,"[0,0,0,0,0,0,0]",[0],[],343,63,9,0
2016/11/4,3805588,8,2016/11/4,7,"[0,0,0,0,0,0,0]",[0],"[0,0,0,0,0,0,0]",931,78,62,0
2016/11/4,3805632,8,2016/11/4,7,"[0,0,0,0,0,0,0]",[0],"[0,0,0,0,0,0,0]",987,76,2,0
2016/11/4,3805876,8,2016/11/4,7,"[0,0,0,0,0,0,0]",[0],"[0,0,0,0,0,0,0]",972,80,46,0
2016/11/4,3806442,8,2016/11/4,7,"[0,0,0,0,0,0,0]",[0],"[0,0,0,0,0,0,0]",201,77,37,0
2016/11/4,3806686,8,2016/11/4,7,"[0.027,0.027,0.027,0.027,0.027,0.027,0.027]",[0.189],[],762,94,58,0
2016/11/4,3806848,8,2016/11/4,7,"[0.1,0.1,0.1,0.1,0.1,0.1,0.1]",[0.7],[],681,54,66,0
2016/11/4,3807126,8,2016/11/4,7,"[0,0,0,0,0,0,0]",[0],"[0,0,0,0,0,0,0]",513,42,22,0
2016/11/4,3807702,8,2016/11/4,7,"[0,0,0,0,0,0,0]",[0],"[0,0,0,0,0,0,0]",9,22,14,0
2016/11/4,3808224,8,2016/11/4,7,"[0,0,0,0,0,0,0]",[0],"[0,0,0,0,0,0,0]",684,56,29,0
2016/11/4,3808468,8,2016/11/4,7,"[0,0,0,0,0,0,0]",[0],"[0,0,0,0,0,0,0]",745,65,66,0
2016/11/4,3808594,8,2016/11/4,7,"[0,0,0,0,0,0,0]",[0],"[0,0,0,0,0,0,0]",566,77,96,0
2016/11/4,3808756,8,2016/11/4,7,"[0,0,0,0,0,0,0]",[0],"[0,0,0,0,0,0,0]",380,84,47,0
2016/11/4,3808800,8,2016/11/4,7,"[0,0,0,0,0,0,0]",[0],"[0,0,0,0,0,0,0]",740,53,26,0
2016/11/4,3808882,8,2016/11/4,7,"[0.027,0.027,0.027,0.027,0.027,0.027,0.027]",[0.189],[],719,78,4,0
2016/11/4,3809034,8,2016/11/4,7,"[0,0,0,0,0,0,0]",[0],"[0,0,0,0,0,0,0]",955,87,56,0
2016/11/4,3809160,8,2016/11/4,7,"[0,0,0,0,0,0,0]",[0],"[0,0,0,0,0,0,0]",957,68,70,0
2016/11/4,3809278,8,2016/11/4,7,"[0,0,0,0,0,0,0]",[0],"[0,0,0,0,0,0,0]",800,15,90,0
2016/11/4,3809566,8,2016/11/4,7,"[0,0,0,0,0,0,0]",[0],"[0,0,0,0,0,0,0]",347,0,69,0
2016/11/4,3809692,8,2016/11/4,7,"[0,0,0,0,0,0,0]",[0],"[0,0,0,0,0,0,0]",425,46,68,0
2016/11/4,3809980,8,2016/11/4,7,"[0,0,0,0,0,0,0]",[0],"[0,0,0,0,0,0,0]",662,61,67,0
2016/11/4,3810564,8,2016/11/4,7,"[2.5676,2.5676,2.5676,2.5676,2.5676,2.5676,2.5676]",[17.973200000000002],[],339,97,66,0
2016/11/4,3813444,8,2016/11/4,7,"[0,0,0,0,0,0,0]",[0],"[0,0,0,0,0,0,0]",451,68,8,0
2016/11/4,3814542,8,2016/11/4,7,"[0,0,0,0,0,0,0]",[0],[],217,42,87,0
2016/11/4,3814830,8,2016/11/4,7,"[0.1,0.1,0.1,0.1,0.1,0.1,0.1]",[0.7],[],11,94,32,0
2016/11/4,3815802,8,2016/11/4,7,"[0,0,0,0,0,0,0]",[0],"[0,0,0,0,0,0,0]",732,72,1,0
2016/11/4,3816036,8,2016/11/4,7,"[0,0,0,0,0,0,0]",[0],"[0,0,0,0,0,0,0]",133,25,58,0
2016/11/4,3816694,8,2016/11/4,7,"[0,0,0,0,0,0,0]",[0],[],396,85,58,0
2016/11/4,3816856,8,2016/11/4,7,"[0,0,0,0,0,0,0]",[0],"[0,0,0,0,0,0,0]",465,81,0,0
2016/11/4,3816900,8,2016/11/4,7,"[0,0,0,0,0,0,0]",[0],"[0,0,0,0,0,0,0]",61,48,49,0
2016/11/4,3817260,8,2016/11/4,7,"[0,0,0,0,0,0,0]",[0],"[0,0,0,0,0,0,0]",220,81,91,0
2016/11/4,3817378,8,2016/11/4,7,"[0,0,0,0,0,0,0]",[0],"[0,0,0,0,0,0,0]",309,20,23,0
2016/11/4,3817792,8,2016/11/4,7,"[0,0,0,0,0,0,0]",[0],"[0,0,0,0,0,0,0]",557,65,73,0
2016/11/4,3817828,8,2016/11/4,7,"[0,0,0,0,0,0,0]",[0],"[0,0,0,0,0,0,0]",662,35,0,0
2016/11/4,3821544,8,2016/11/4,7,"[0.0857,0.0857,0.0857,0.0857,0.0857,0.0857,0.0857]",[0.5999],[],700,76,84,0
2016/11/4,3822228,8,2016/11/4,7,"[0,0,0,0,0,0,0]",[0],"[0,0,0,0,0,0,0]",256,1,16,0
2016/11/4,3822598,8,2016/11/4,7,"[0,0,0,0,0,0,0]",[0],"[0,0,0,0,0,0,0]",107,24,85,0
2016/11/4,3824136,8,2016/11/4,7,"[0.0286,0.0286,0.0286,0.0286,0.0286,0.0286,0.0286]",[0.20020000000000004],[],269,94,95,0
2016/11/4,3824262,8,2016/11/4,7,"[0.0286,0.0286,0.0286,0.0286,0.0286,0.0286,0.0286]",[0.20020000000000004],[],817,73,93,0
2016/11/4,3824550,8,2016/11/4,7,"[0.1429,0.1429,0.1429,0.1429,0.1429,0.1429,0.1429]",[1.0003],[],153,63,58,0
2016/11/4,3826576,8,2016/11/4,7,"[0,0,0,0,0,0,0]",[0],"[0,0,0,0,0,0,0]",411,30,0,0
2016/11/4,3826620,8,2016/11/4,7,"[0,0,0,0,0,0,0]",[0],"[0,0,0,0,0,0,0]",611,72,70,0
2016/11/4,3826738,8,2016/11/4,7,"[0,0,0,0,0,0,0]",[0],"[0,0,0,0,0,0,0]",375,73,81,0
2016/11/4,3827016,8,2016/11/4,7,"[0,0,0,0,0,0,0]",[0],"[0,0,0,0,0,0,0]",699,40,52,0
2016/11/4,3827304,8,2016/11/4,7,"[0,0,0,0,0,0,0]",[0],"[0,0,0,0,0,0,0]",389,63,97,0
2016/11/4,3827674,8,2016/11/4,7,"[0,0,0,0,0,0,0]",[0],"[0,0,0,0,0,0,0]",384,38,99,0
2016/11/4,3828114,8,2016/11/4,7,"[0,0,0,0,0,0,0]",[0],"[0,0,0,0,0,0,0]",399,14,1,0
2016/11/4,3828196,8,2016/11/4,7,"[0,0,0,0,0,0,0]",[0],"[0,0,0,0,0,0,0]",513,33,77,0
2016/11/4,3828240,8,2016/11/4,7,"[0,0,0,0,0,0,0]",[0],"[0,0,0,0,0,0,0]",499,95,37,0
2016/11/4,3828402,8,2016/11/4,7,"[0,0,0,0,0,0,0]",[0],"[0,0,0,0,0,0,0]",132,48,20,0
2016/11/4,3828646,8,2016/11/4,7,"[0,0,0,0,0,0,0]",[0],"[0,0,0,0,0,0,0]",921,51,7,0
2016/11/4,3829168,8,2016/11/4,7,"[0,0,0,0,0,0,0]",[0],"[0,0,0,0,0,0,0]",315,58,42,0
2016/11/4,3829870,8,2016/11/4,7,"[0,0,0,0,0,0,0]",[0],"[0,0,0,0,0,0,0]",56,57,44,0
2016/11/4,3830166,8,2016/11/4,7,"[0,0,0,0,0,0,0]",[0],"[0,0,0,0,0,0,0]",628,93,69,0
2016/11/4,3830210,8,2016/11/4,7,"[0,0,0,0,0,0,0]",[0],"[0,0,0,0,0,0,0]",293,84,23,0
2016/11/4,3830292,8,2016/11/4,7,"[0,0,0,0,0,0,0]",[0],"[0,0,0,0,0,0,0]",981,5,90,0
2016/11/4,3830328,8,2016/11/4,7,"[0.0571,0.0571,0.0571,0.0571,0.0571,0.0571,0.0571]",[0.39969999999999994],[],788,43,100,0
2016/11/4,3830454,8,2016/11/4,7,"[0.9248,0.9248,0.9248,0.9248,0.9248,0.9248,0.9248]",[6.4736],[],779,88,89,0
2016/11/4,3831138,8,2016/11/4,7,"[0,0,0,0,0,0,0]",[0],"[0,0,0,0,0,0,0]",655,33,13,0
2016/11/4,3831390,8,2016/11/4,7,"[0,0,0,0,0,0,0]",[0],"[0,0,0,0,0,0,0]",698,99,77,0
2016/11/4,3831714,8,2016/11/4,7,"[0,0,0,0,0,0,0]",[0],"[0,0,0,0,0,0,0]",329,42,24,0
2016/11/4,3831958,8,2016/11/4,7,"[0,0,0,0,0,0,0]",[0],"[0,0,0,0,0,0,0]",679,97,26,0
2016/11/4,3832362,8,2016/11/4,7,"[0,0,0,0,0,0,0]",[0],"[0,0,0,0,0,0,0]",406,49,88,0
2016/11/4,3833046,8,2016/11/4,7,"[0,0,0,0,0,0,0]",[0],"[0,0,0,0,0,0,0]",834,11,34,0
2016/11/4,3833334,8,2016/11/4,7,"[0,0,0,0,0,0,0]",[0],"[0,0,0,0,0,0,0]",600,85,79,0
2016/11/4,3833460,8,2016/11/4,7,"[0,0,0,0,0,0,0]",[0],"[0,0,0,0,0,0,0]",421,40,98,0
2016/11/4,3833866,8,2016/11/4,7,"[0,0,0,0,0,0,0]",[0],"[0,0,0,0,0,0,0]",532,62,100,0
2016/11/4,3833910,8,2016/11/4,7,"[0,0,0,0,0,0,0]",[0],"[0,0,0,0,0,0,0]",261,6,8,0
2016/11/4,3833992,8,2016/11/4,7,"[0,0,0,0,0,0,0]",[0],"[0,0,0,0,0,0,0]",569,93,98,0
2016/11/4,3834018,8,2016/11/4,7,"[0,0,0,0,0,0,0]",[0],"[0,0,0,0,0,0,0]",97,10,50,0
2016/11/4,3834144,8,2016/11/4,7,"[0,0,0,0,0,0,0]",[0],"[0,0,0,0,0,0,0]",253,4,5,0
2016/11/4,3838528,8,2016/11/4,7,"[0,0,0,0,0,0,0]",[0],"[0,0,0,0,0,0,0]",225,36,96,0
2016/11/4,3839590,8,2016/11/4,7,"[0,0,0,0,0,0,0]",[0],"[0,0,0,0,0,0,0]",418,67,18,0
2016/11/4,3840336,8,2016/11/4,7,"[0,0,0,0,0,0,0]",[0],[],131,9,6,0
2016/11/4,3842406,8,2016/11/4,7,"[0,0,0,0,0,0,0]",[0],"[0,0,0,0,0,0,0]",661,57,12,0
2016/11/4,3842938,8,2016/11/4,7,"[0,0,0,0,0,0,0]",[0],"[0,0,0,0,0,0,0]",535,60,93,0
2016/11/4,3843180,8,2016/11/4,7,"[0,0,0,0,0,0,0]",[0],"[0,0,0,0,0,0,0]",851,24,7,0
2016/11/4,3843298,8,2016/11/4,7,"[0,0,0,0,0,0,0]",[0],"[0,0,0,0,0,0,0]",246,64,8,0
2016/11/4,3843630,8,2016/11/4,7,"[0,0,0,0,0,0,0]",[0],"[0,0,0,0,0,0,0]",441,17,42,0
2016/11/4,3844558,8,2016/11/4,7,"[0,0,0,0,0,0,0]",[0],"[0,0,0,0,0,0,0]",244,85,14,0
2016/11/4,3844602,8,2016/11/4,7,"[0,0,0,0,0,0,0]",[0],"[0,0,0,0,0,0,0]",132,95,98,0
2016/11/4,3844684,8,2016/11/4,7,"[0,0,0,0,0,0,0]",[0],"[0,0,0,0,0,0,0]",786,77,46,0
2016/11/4,3845124,8,2016/11/4,7,"[0,0,0,0,0,0,0]",[0],"[0,0,0,0,0,0,0]",453,21,73,0
2016/11/4,3846222,8,2016/11/4,7,"[0,0,0,0,0,0,0]",[0],"[0,0,0,0,0,0,0]",993,87,89,0
2016/11/4,3848248,8,2016/11/4,7,"[0,0,0,0,0,0,0]",[0],"[0,0,0,0,0,0,0]",218,11,75,0
2016/11/4,3849184,8,2016/11/4,7,"[0,0,0,0,0,0,0]",[0],"[0,0,0,0,0,0,0]",468,66,27,0
2016/11/4,3849472,8,2016/11/4,7,"[0,0,0,0,0,0,0]",[0],"[0,0,0,0,0,0,0]",812,78,34,0
2016/11/4,3855376,8,2016/11/4,7,"[0,0,0,0,0,0,0]",[0],"[0,0,0,0,0,0,0]",436,49,79,0
2016/11/4,3855420,8,2016/11/4,7,"[0,0,0,0,0,0,0]",[0],"[0,0,0,0,0,0,0]",704,79,44,0
2016/11/4,3856230,8,2016/11/4,7,"[0,0,0,0,0,0,0]",[0],"[0,0,0,0,0,0,0]",241,83,28,0
2016/11/4,3856474,8,2016/11/4,7,"[0,0,0,0,0,0,0]",[0],"[0,0,0,0,0,0,0]",227,43,14,0
2016/11/4,3857734,8,2016/11/4,7,"[0,0,0,0,0,0,0]",[0],"[0,0,0,0,0,0,0]",490,85,82,0
2016/11/4,3857860,8,2016/11/4,7,"[0.0385,0.0385,0.0385,0.0385,0.0385,0.0385,0.0385]",[0.2695],[],869,59,29,0
2016/11/4,3858012,8,2016/11/4,7,"[0,0,0,0,0,0,0]",[0],"[0,0,0,0,0,0,0]",846,3,50,0
2016/11/4,3858094,8,2016/11/4,7,"[0,0,0,0,0,0,0]",[0],"[0,0,0,0,0,0,0]",366,1,65,0
2016/11/4,3858382,8,2016/11/4,7,"[0,0,0,0,0,0,0]",[0],"[0,0,0,0,0,0,0]",435,98,77,0
2016/11/4,3858418,8,2016/11/4,7,"[0,0,0,0,0,0,0]",[0],"[0,0,0,0,0,0,0]",302,42,80,0
2016/11/4,3859642,8,2016/11/4,7,"[0,0,0,0,0,0,0]",[0],"[0,0,0,0,0,0,0]",583,77,39,0
2016/11/4,3859804,8,2016/11/4,7,"[0,0,0,0,0,0,0]",[0],"[0,0,0,0,0,0,0]",779,42,3,0
2016/11/4,3859886,8,2016/11/4,7,"[0,0,0,0,0,0,0]",[0],"[0,0,0,0,0,0,0]",2,9,71,0
2016/11/4,3859930,8,2016/11/4,7,"[0,0,0,0,0,0,0]",[0],"[0,0,0,0,0,0,0]",512,89,17,0
2016/11/4,3860640,8,2016/11/4,7,"[0,0,0,0,0,0,0]",[0],"[0,0,0,0,0,0,0]",702,39,49,0
2016/11/4,3860884,8,2016/11/4,7,"[1.3846,1.3846,1.3846,1.3846,1.3846,1.3846,1.3846]",[9.692200000000001],[],19,54,92,0
2016/11/4,3864330,8,2016/11/4,7,"[0,0,0,0,0,0,0]",[0],"[0,0,0,0,0,0,0]",504,32,39,0
2016/11/4,3864862,8,2016/11/4,7,"[0,0,0,0,0,0,0]",[0],"[0,0,0,0,0,0,0]",813,20,69,0
2016/11/4,3865672,8,2016/11/4,7,"[0.2,0.2,0.2,0.2,0.2,0.2,0.2]",[1.4],[],772,5,79,0
2016/11/4,3866194,8,2016/11/4,7,"[0,0,0,0,0,0,0]",[0],"[0,0,0,0,0,0,0]",655,93,14,0
2016/11/4,3867742,8,2016/11/4,7,"[0,0,0,0,0,0,0]",[0],"[0,0,0,0,0,0,0]",59,58,87,0
2016/11/4,3868840,8,2016/11/4,7,"[0,0,0,0,0,0,0]",[0],"[0,0,0,0,0,0,0]",399,3,19,0
2016/11/4,3868958,8,2016/11/4,7,"[0,0,0,0,0,0,0]",[0],"[0,0,0,0,0,0,0]",727,67,23,0
2016/11/4,3869650,8,2016/11/4,7,"[0,0,0,0,0,0,0]",[0],"[0,0,0,0,0,0,0]",828,39,27,0
2016/11/4,3869812,8,2016/11/4,7,"[0,0,0,0,0,0,0]",[0],"[0,0,0,0,0,0,0]",994,68,18,0
2016/11/4,3870234,8,2016/11/4,7,"[0,0,0,0,0,0,0]",[0],"[0,0,0,0,0,0,0]",952,7,6,0
2016/11/4,3870522,8,2016/11/4,7,"[0.04,0.04,0.04,0.04,0.04,0.04,0.04]",[0.28],[],239,17,3,0
2016/11/4,3871332,8,2016/11/4,7,"[0,0,0,0,0,0,0]",[0],"[0,0,0,0,0,0,0]",894,8,19,0
2016/11/4,3871576,8,2016/11/4,7,"[0,0,0,0,0,0,0]",[0],"[0,0,0,0,0,0,0]",592,44,17,0
2016/11/4,3871620,8,2016/11/4,7,"[0,0,0,0,0,0,0]",[0],"[0,0,0,0,0,0,0]",990,26,28,0
2016/11/4,3871864,8,2016/11/4,7,"[0,0,0,0,0,0,0]",[0],"[0,0,0,0,0,0,0]",315,76,80,0
2016/11/4,3873772,8,2016/11/4,7,"[0.04,0.04,0.04,0.04,0.04,0.04,0.04]",[0.28],[],377,69,88,0
2016/11/4,3874168,8,2016/11/4,7,"[0,0,0,0,0,0,0]",[0],"[0,0,0,0,0,0,0]",192,93,24,0
2016/11/4,3874294,8,2016/11/4,7,"[0,0,0,0,0,0,0]",[0],"[0,0,0,0,0,0,0]",564,14,72,0
2016/11/4,3880242,8,2016/11/4,7,"[0,0,0,0,0,0,0]",[0],"[0,0,0,0,0,0,0]",797,48,66,0
2016/11/4,3881340,8,2016/11/4,7,"[0.5,0.5,0.5,0.5,0.5,0.5,0.5]",[3.5],[],34,93,58,0
2016/11/4,3881458,8,2016/11/4,7,"[0.3333,0.3333,0.3333,0.3333,0.3333,0.3333,0.3333]",[2.3331],[],815,39,61,0
2016/11/4,3882150,8,2016/11/4,7,"[0,0,0,0,0,0,0]",[0],"[0,0,0,0,0,0,0]",922,15,79,0
2016/11/4,3882600,8,2016/11/4,7,"[0,0,0,0,0,0,0]",[0],"[0,0,0,0,0,0,0]",311,22,6,0
2016/11/4,3882682,8,2016/11/4,7,"[0,0,0,0,0,0,0]",[0],"[0,0,0,0,0,0,0]",358,55,83,0
2016/11/4,3883122,8,2016/11/4,7,"[0,0,0,0,0,0,0]",[0],"[0,0,0,0,0,0,0]",815,23,38,0
2016/11/4,3883366,8,2016/11/4,7,"[0,0,0,0,0,0,0]",[0],"[0,0,0,0,0,0,0]",356,46,41,0
2016/11/4,3883654,8,2016/11/4,7,"[0.0857,0.0857,0.0857,0.0857,0.0857,0.0857,0.0857]",[0.5999],[],88,99,76,0
2016/11/4,3884752,8,2016/11/4,7,"[0,0,0,0,0,0,0]",[0],"[0,0,0,0,0,0,0]",255,67,64,0
2016/11/4,3884996,8,2016/11/4,7,"[0,0,0,0,0,0,0]",[0],"[0,0,0,0,0,0,0]",953,27,88,0
2016/11/4,3886822,8,2016/11/4,7,"[0.1429,0.1429,0.1429,0.1429,0.1429,0.1429,0.1429]",[1.0003],[],108,89,3,0
2016/11/4,3887056,8,2016/11/4,7,"[0.4857,0.4857,0.4857,0.4857,0.4857,0.4857,0.4857]",[3.3999],[],854,97,82,0
2016/11/4,3887506,8,2016/11/4,7,"[0,0,0,0,0,0,0]",[0],"[0,0,0,0,0,0,0]",846,68,61,0
2016/11/4,3887588,8,2016/11/4,7,"[0,0,0,0,0,0,0]",[0],"[0,0,0,0,0,0,0]",172,56,84,0
2016/11/4,3887632,8,2016/11/4,7,"[0,0,0,0,0,0,0]",[0],"[0,0,0,0,0,0,0]",245,44,17,0
2016/11/4,3887876,8,2016/11/4,7,"[2,2,2,2,2,2,2]",[14],[],841,69,48,0
2016/11/4,3888154,8,2016/11/4,7,"[0,0,0,0,0,0,0]",[0],"[0,0,0,0,0,0,0]",692,33,62,0
2016/11/4,3888316,8,2016/11/4,7,"[0,0,0,0,0,0,0]",[0],"[0,0,0,0,0,0,0]",675,56,63,0
2016/11/4,3888398,8,2016/11/4,7,"[0,0,0,0,0,0,0]",[0],"[0,0,0,0,0,0,0]",402,6,53,0
2016/11/4,3888686,8,2016/11/4,7,"[6.1848,6.1848,6.1848,6.1848,6.1848,6.1848,6.1848]",[43.293600000000005],[],933,63,81,0
2016/11/4,3889702,8,2016/11/4,7,"[0.5,0.5,0.5,0.5,0.5,0.5,0.5]",[3.5],[],785,24,1,0
2016/11/4,3889784,8,2016/11/4,7,"[0,0,0,0,0,0,0]",[0],"[0,0,0,0,0,0,0]",225,77,34,0
2016/11/4,3890700,8,2016/11/4,7,"[0.0417,0.0417,0.0417,0.0417,0.0417,0.0417,0.0417]",[0.29190000000000005],[],283,82,33,0
2016/11/4,3891628,8,2016/11/4,7,"[0,0,0,0,0,0,0]",[0],"[0,0,0,0,0,0,0]",387,47,56,0
2016/11/4,3891754,8,2016/11/4,7,"[1,1,1,1,1,1,1]",[7],[],263,98,95,0
2016/11/4,3892438,8,2016/11/4,7,"[0.0417,0.0417,0.0417,0.0417,0.0417,0.0417,0.0417]",[0.29190000000000005],[],64,2,26,0
2016/11/4,3892564,8,2016/11/4,7,"[0,0,0,0,0,0,0]",[0],"[0,0,0,0,0,0,0]",65,63,88,0
2016/11/4,3893004,8,2016/11/4,7,"[0,0,0,0,0,0,0]",[0],"[0,0,0,0,0,0,0]",628,29,61,0
2016/11/4,3893086,8,2016/11/4,7,"[0,0,0,0,0,0,0]",[0],"[0,0,0,0,0,0,0]",593,29,82,0
2016/11/4,3893248,8,2016/11/4,7,"[0,0,0,0,0,0,0]",[0],"[0,0,0,0,0,0,0]",374,69,34,0
2016/11/4,3893374,8,2016/11/4,7,"[0,0,0,0,0,0,0]",[0],"[0,0,0,0,0,0,0]",517,25,5,0
2016/11/4,3893662,8,2016/11/4,7,"[0,0,0,0,0,0,0]",[0],"[0,0,0,0,0,0,0]",244,58,46,0
2016/11/4,3893824,8,2016/11/4,7,"[0.0435,0.0435,0.0435,0.0435,0.0435,0.0435,0.0435]",[0.30449999999999994],[],410,73,42,0
2016/11/4,3893950,8,2016/11/4,7,"[0,0,0,0,0,0,0]",[0],"[0,0,0,0,0,0,0]",729,92,14,0
2016/11/4,3894922,8,2016/11/4,7,"[0,0,0,0,0,0,0]",[0],"[0,0,0,0,0,0,0]",398,0,86,0
2016/11/4,3895976,8,2016/11/4,7,"[0,0,0,0,0,0,0]",[0],"[0,0,0,0,0,0,0]",103,55,18,0
2016/11/4,3896010,8,2016/11/4,7,"[0,0,0,0,0,0,0]",[0],"[0,0,0,0,0,0,0]",79,39,15,0
2016/11/4,3896380,8,2016/11/4,7,"[0.3333,0.3333,0.3333,0.3333,0.3333,0.3333,0.3333]",[2.3331],[],524,41,94,0
2016/11/4,3896786,8,2016/11/4,7,"[0,0,0,0,0,0,0]",[0],"[0,0,0,0,0,0,0]",205,36,74,0
2016/11/4,3896830,8,2016/11/4,7,"[0,0,0,0,0,0,0]",[0],"[0,0,0,0,0,0,0]",747,94,91,0
2016/11/4,3896948,8,2016/11/4,7,"[0,0,0,0,0,0,0]",[0],"[0,0,0,0,0,0,0]",902,62,2,0
2016/11/4,3897352,8,2016/11/4,7,"[0,0,0,0,0,0,0]",[0],"[0,0,0,0,0,0,0]",184,65,9,0
2016/11/4,3897514,8,2016/11/4,7,"[1.3333,1.3333,1.3333,1.3333,1.3333,1.3333,1.3333]",[9.333099999999998],[],130,59,11,0
2016/11/4,3898612,8,2016/11/4,7,"[0,0,0,0,0,0,0]",[0],"[0,0,0,0,0,0,0]",665,51,86,0
2016/11/4,3899378,8,2016/11/4,7,"[0,0,0,0,0,0,0]",[0],"[0,0,0,0,0,0,0]",872,48,84,0
2016/11/4,3899710,8,2016/11/4,7,"[0.0435,0.0435,0.0435,0.0435,0.0435,0.0435,0.0435]",[0.30449999999999994],[],761,11,23,0
2016/11/4,3899954,8,2016/11/4,7,"[0,0,0,0,0,0,0]",[0],"[0,0,0,0,0,0,0]",453,67,16,0
2016/11/4,3901202,8,2016/11/4,7,"[0,0,0,0,0,0,0]",[0],"[0,0,0,0,0,0,0]",485,28,37,0
2016/11/4,3902544,8,2016/11/4,7,"[1,1,1,1,1,1,1]",[7],[],361,70,87,0
2016/11/4,3902788,8,2016/11/4,7,"[0,0,0,0,0,0,0]",[0],"[0,0,0,0,0,0,0]",61,70,95,0
2016/11/4,3903480,8,2016/11/4,7,"[0,0,0,0,0,0,0]",[0],"[0,0,0,0,0,0,0]",718,5,70,0
2016/11/4,3904038,8,2016/11/4,7,"[0.0435,0.0435,0.0435,0.0435,0.0435,0.0435,0.0435]",[0.30449999999999994],[],965,11,40,0
2016/11/4,3905794,8,2016/11/4,7,"[0,0,0,0,0,0,0]",[0],"[0,0,0,0,0,0,0]",821,59,61,0
2016/11/4,3906766,8,2016/11/4,7,"[0,0,0,0,0,0,0]",[0],"[0,0,0,0,0,0,0]",129,8,90,0
2016/11/4,3906892,8,2016/11/4,7,"[0,0,0,0,0,0,0]",[0],"[0,0,0,0,0,0,0]",617,32,88,0
2016/11/4,3907864,8,2016/11/4,7,"[0,0,0,0,0,0,0]",[0],"[0,0,0,0,0,0,0]",716,88,27,0
2016/11/4,3908016,8,2016/11/4,7,"[0,0,0,0,0,0,0]",[0],"[0,0,0,0,0,0,0]",309,15,61,0
2016/11/4,3908142,8,2016/11/4,7,"[0,0,0,0,0,0,0]",[0],"[0,0,0,0,0,0,0]",712,95,44,0
2016/11/4,3908548,8,2016/11/4,7,"[0,0,0,0,0,0,0]",[0],"[0,0,0,0,0,0,0]",413,35,1,0
2016/11/4,3909114,8,2016/11/4,7,"[0,0,0,0,0,0,0]",[0],"[0,0,0,0,0,0,0]",218,32,8,0
2016/11/4,3909240,8,2016/11/4,7,"[0,0,0,0,0,0,0]",[0],"[0,0,0,0,0,0,0]",693,73,77,0
2016/11/4,3909402,8,2016/11/4,7,"[0,0,0,0,0,0,0]",[0],"[0,0,0,0,0,0,0]",219,77,72,0
2016/11/4,3909484,8,2016/11/4,7,"[0,0,0,0,0,0,0]",[0],"[0,0,0,0,0,0,0]",656,28,37,0
2016/11/4,3909934,8,2016/11/4,7,"[0,0,0,0,0,0,0]",[0],"[0,0,0,0,0,0,0]",292,47,34,0
2016/11/4,3910356,8,2016/11/4,7,"[0,0,0,0,0,0,0]",[0],"[0,0,0,0,0,0,0]",433,77,7,0
2016/11/4,3910518,8,2016/11/4,7,"[0,0,0,0,0,0,0]",[0],"[0,0,0,0,0,0,0]",313,89,97,0
2016/11/4,3910806,8,2016/11/4,7,"[0,0,0,0,0,0,0]",[0],"[0,0,0,0,0,0,0]",115,56,2,0
2016/11/4,3911210,8,2016/11/4,7,"[0,0,0,0,0,0,0]",[0],"[0,0,0,0,0,0,0]",795,5,3,0
2016/11/4,3911292,8,2016/11/4,7,"[0,0,0,0,0,0,0]",[0],"[0,0,0,0,0,0,0]",592,18,40,0
2016/11/4,3911328,8,2016/11/4,7,"[0.7273,0.7273,0.7273,0.7273,0.7273,0.7273,0.7273]",[5.091099999999999],[],35,3,34,0
2016/11/4,3911616,8,2016/11/4,7,"[0,0,0,0,0,0,0]",[0],"[0,0,0,0,0,0,0]",187,81,59,0
2016/11/4,3911698,8,2016/11/4,7,"[0,0,0,0,0,0,0]",[0],"[0,0,0,0,0,0,0]",535,87,88,0
2016/11/4,3912264,8,2016/11/4,7,"[0,0,0,0,0,0,0]",[0],"[0,0,0,0,0,0,0]",133,79,8,0
2016/11/4,3912714,8,2016/11/4,7,"[0,0,0,0,0,0,0]",[0],"[0,0,0,0,0,0,0]",514,22,31,0
2016/11/4,3913236,8,2016/11/4,7,"[0,0,0,0,0,0,0]",[0],"[0,0,0,0,0,0,0]",841,26,20,0
2016/11/4,3914334,8,2016/11/4,7,"[0,0,0,0,0,0,0]",[0],"[0,0,0,0,0,0,0]",437,24,98,0
2016/11/4,3915720,8,2016/11/4,7,"[0,0,0,0,0,0,0]",[0],"[0,0,0,0,0,0,0]",807,56,70,0
2016/11/4,3915964,8,2016/11/4,7,"[0,0,0,0,0,0,0]",[0],"[0,0,0,0,0,0,0]",921,78,84,0
2016/11/4,3916242,8,2016/11/4,7,"[2.1429,2.1429,2.1429,2.1429,2.1429,2.1429,2.1429]",[15.000300000000003],[],974,87,47,0
2016/11/4,3917584,8,2016/11/4,7,"[0,0,0,0,0,0,0]",[0],"[0,0,0,0,0,0,0]",143,22,26,0
2016/11/4,3918312,8,2016/11/4,7,"[0,0,0,0,0,0,0]",[0],"[0,0,0,0,0,0,0]",168,69,37,0
2016/11/4,3918394,8,2016/11/4,7,"[0,0,0,0,0,0,0]",[0],"[0,0,0,0,0,0,0]",308,45,96,0
2016/11/4,3918600,8,2016/11/4,7,"[0,0,0,0,0,0,0]",[0],"[0,0,0,0,0,0,0]",648,90,26,0
2016/11/4,3918682,8,2016/11/4,7,"[0,0,0,0,0,0,0]",[0],"[0,0,0,0,0,0,0]",656,40,54,0
2016/11/4,3918970,8,2016/11/4,7,"[0,0,0,0,0,0,0]",[0],"[0,0,0,0,0,0,0]",62,78,44,0
2016/11/4,3919078,8,2016/11/4,7,"[0,0,0,0,0,0,0]",[0],"[0,0,0,0,0,0,0]",461,24,73,0
2016/11/4,3919898,8,2016/11/4,7,"[1,1,1,1,1,1,1]",[7],[],289,20,39,0
2016/11/4,3920076,8,2016/11/4,7,"[0,0,0,0,0,0,0]",[0],"[0,0,0,0,0,0,0]",682,8,32,0
2016/11/4,3920120,8,2016/11/4,7,"[0,0,0,0,0,0,0]",[0],"[0,0,0,0,0,0,0]",781,68,31,0
2016/11/4,3921174,8,2016/11/4,7,"[0,0,0,0,0,0,0]",[0],"[0,0,0,0,0,0,0]",308,1,18,0
2016/11/4,3921750,8,2016/11/4,7,"[0,0,0,0,0,0,0]",[0],"[0,0,0,0,0,0,0]",823,86,6,0
2016/11/4,3922146,8,2016/11/4,7,"[0,0,0,0,0,0,0]",[0],"[0,0,0,0,0,0,0]",175,85,72,0
2016/11/4,3922434,8,2016/11/4,7,"[0,0,0,0,0,0,0]",[0],"[0,0,0,0,0,0,0]",289,28,39,0
2016/11/4,3922560,8,2016/11/4,7,"[0,0,0,0,0,0,0]",[0],"[0,0,0,0,0,0,0]",395,2,96,0
2016/11/4,3922678,8,2016/11/4,7,"[0,0,0,0,0,0,0]",[0],"[0,0,0,0,0,0,0]",92,50,62,0
2016/11/4,3922966,8,2016/11/4,7,"[0,0,0,0,0,0,0]",[0],"[0,0,0,0,0,0,0]",987,55,51,0
2016/11/4,3923000,8,2016/11/4,7,"[0,0,0,0,0,0,0]",[0],"[0,0,0,0,0,0,0]",6,1,15,0
2016/11/4,3923082,8,2016/11/4,7,"[0.0476,0.0476,0.0476,0.0476,0.0476,0.0476,0.0476]",[0.33320000000000005],[],773,80,61,0
2016/11/4,3923118,8,2016/11/4,7,"[0,0,0,0,0,0,0]",[0],"[0,0,0,0,0,0,0]",308,89,79,0
2016/11/4,3923406,8,2016/11/4,7,"[0,0,0,0,0,0,0]",[0],"[0,0,0,0,0,0,0]",379,78,12,0
2016/11/4,3923776,8,2016/11/4,7,"[0,0,0,0,0,0,0]",[0],"[0,0,0,0,0,0,0]",146,27,36,0
2016/11/4,3924054,8,2016/11/4,7,"[0,0,0,0,0,0,0]",[0],"[0,0,0,0,0,0,0]",234,70,69,0
2016/11/4,3924874,8,2016/11/4,7,"[0,0,0,0,0,0,0]",[0],"[0,0,0,0,0,0,0]",289,100,94,0
2016/11/4,3925684,8,2016/11/4,7,"[0.3333,0.3333,0.3333,0.3333,0.3333,0.3333,0.3333]",[2.3331],[],652,28,91,0
2016/11/4,3926412,8,2016/11/4,7,"[0,0,0,0,0,0,0]",[0],"[0,0,0,0,0,0,0]",185,7,5,0
2016/11/4,3926494,8,2016/11/4,7,"[0,0,0,0,0,0,0]",[0],"[0,0,0,0,0,0,0]",617,100,9,0
2016/11/4,3927592,8,2016/11/4,7,"[0,0,0,0,0,0,0]",[0],"[0,0,0,0,0,0,0]",241,40,62,0
2016/11/4,3927880,8,2016/11/4,7,"[0,0,0,0,0,0,0]",[0],"[0,0,0,0,0,0,0]",10,61,44,0
2016/11/4,3928320,8,2016/11/4,7,"[0,0,0,0,0,0,0]",[0],"[0,0,0,0,0,0,0]",881,91,60,0
2016/11/4,3928690,8,2016/11/4,7,"[0,0,0,0,0,0,0]",[0],"[0,0,0,0,0,0,0]",892,6,17,0
2016/11/4,3928726,8,2016/11/4,7,"[0,0,0,0,0,0,0]",[0],"[0,0,0,0,0,0,0]",494,7,12,0
2016/11/4,3931056,8,2016/11/4,7,"[0,0,0,0,0,0,0]",[0],"[0,0,0,0,0,0,0]",987,5,0,0
2016/11/4,3931100,8,2016/11/4,7,"[0.0556,0.0556,0.0556,0.0556,0.0556,0.0556,0.0556]",[0.38919999999999993],[],863,13,89,0
2016/11/4,3931632,8,2016/11/4,7,"[0,0,0,0,0,0,0]",[0],"[0,0,0,0,0,0,0]",954,81,60,0
2016/11/4,3931920,8,2016/11/4,7,"[0,0,0,0,0,0,0]",[0],"[0,0,0,0,0,0,0]",394,42,96,0
2016/11/4,3932154,8,2016/11/4,7,"[0,0,0,0,0,0,0]",[0],"[0,0,0,0,0,0,0]",296,42,90,0
2016/11/4,3933496,8,2016/11/4,7,"[0,0,0,0,0,0,0]",[0],"[0,0,0,0,0,0,0]",685,83,29,0
2016/11/4,3933784,8,2016/11/4,7,"[0,0,0,0,0,0,0]",[0],"[0,0,0,0,0,0,0]",790,32,38,0
2016/11/4,3933946,8,2016/11/4,7,"[0,0,0,0,0,0,0]",[0],"[0,0,0,0,0,0,0]",40,36,98,0
2016/11/4,3935980,8,2016/11/4,7,"[0,0,0,0,0,0,0]",[0],"[0,0,0,0,0,0,0]",483,27,84,0
2016/11/4,3937186,8,2016/11/4,7,"[0,0,0,0,0,0,0]",[0],"[0,0,0,0,0,0,0]",93,33,52,0
2016/11/4,3937924,8,2016/11/4,7,"[0,0,0,0,0,0,0]",[0],"[0,0,0,0,0,0,0]",713,85,11,0
2016/11/4,3938284,8,2016/11/4,7,"[0,0,0,0,0,0,0]",[0],"[0,0,0,0,0,0,0]",8,82,53,0
2016/11/4,3938446,8,2016/11/4,7,"[0,0,0,0,0,0,0]",[0],"[0,0,0,0,0,0,0]",648,32,32,0
2016/11/4,3938860,8,2016/11/4,7,"[0,0,0,0,0,0,0]",[0],"[0,0,0,0,0,0,0]",462,76,94,0
2016/11/4,3939300,8,2016/11/4,7,"[0,0,0,0,0,0,0]",[0],"[0,0,0,0,0,0,0]",337,45,58,0
2016/11/4,3939788,8,2016/11/4,7,"[0,0,0,0,0,0,0]",[0],"[0,0,0,0,0,0,0]",105,93,40,0
2016/11/4,3940128,8,2016/11/4,7,"[0,0,0,0,0,0,0]",[0],"[0,0,0,0,0,0,0]",476,14,99,0
2016/11/4,3940498,8,2016/11/4,7,"[0,0,0,0,0,0,0]",[0],"[0,0,0,0,0,0,0]",899,84,21,0
2016/11/4,3942568,8,2016/11/4,7,"[0,0,0,0,0,0,0]",[0],"[0,0,0,0,0,0,0]",506,22,24,0
2016/11/4,3943008,8,2016/11/4,7,"[0,0,0,0,0,0,0]",[0],"[0,0,0,0,0,0,0]",844,72,68,0
2016/11/4,3943710,8,2016/11/4,7,"[0,0,0,0,0,0,0]",[0],"[0,0,0,0,0,0,0]",11,53,18,0
2016/11/4,3943792,8,2016/11/4,7,"[0,0,0,0,0,0,0]",[0],"[0,0,0,0,0,0,0]",310,80,18,0
2016/11/4,3943828,8,2016/11/4,7,"[0,0,0,0,0,0,0]",[0],"[0,0,0,0,0,0,0]",142,78,89,0
2016/11/4,3944476,8,2016/11/4,7,"[0,0,0,0,0,0,0]",[0],"[0,0,0,0,0,0,0]",98,30,77,0
2016/11/4,3944520,8,2016/11/4,7,"[0,0,0,0,0,0,0]",[0],"[0,0,0,0,0,0,0]",204,89,90,0
2016/11/4,3944764,8,2016/11/4,7,"[0,0,0,0,0,0,0]",[0],"[0,0,0,0,0,0,0]",89,6,18,0
2016/11/4,3944926,8,2016/11/4,7,"[0,0,0,0,0,0,0]",[0],"[0,0,0,0,0,0,0]",172,71,14,0
2016/11/4,3945042,8,2016/11/4,7,"[0,0,0,0,0,0,0]",[0],"[0,0,0,0,0,0,0]",687,76,99,0
2016/11/4,3946834,8,2016/11/4,7,"[0,0,0,0,0,0,0]",[0],"[0,0,0,0,0,0,0]",652,36,37,0
2016/11/4,3947194,8,2016/11/4,7,"[0,0,0,0,0,0,0]",[0],"[0,0,0,0,0,0,0]",344,98,34,0
2016/11/4,3947356,8,2016/11/4,7,"[0,0,0,0,0,0,0]",[0],"[0,0,0,0,0,0,0]",68,48,17,0
2016/11/4,3947770,8,2016/11/4,7,"[0,0,0,0,0,0,0]",[0],"[0,0,0,0,0,0,0]",882,23,63,0
2016/11/4,3947888,8,2016/11/4,7,"[0,0,0,0,0,0,0]",[0],"[0,0,0,0,0,0,0]",64,100,65,0
2016/11/4,3948616,8,2016/11/4,7,"[0,0,0,0,0,0,0]",[0],"[0,0,0,0,0,0,0]",2,67,81,0
2016/11/4,3948904,8,2016/11/4,7,"[0,0,0,0,0,0,0]",[0],"[0,0,0,0,0,0,0]",449,51,50,0
2016/11/4,3949390,8,2016/11/4,7,"[0,0,0,0,0,0,0]",[0],"[0,0,0,0,0,0,0]",258,25,0,0
2016/11/4,3949714,8,2016/11/4,7,"[0,0,0,0,0,0,0]",[0],"[0,0,0,0,0,0,0]",742,65,72,0
2016/11/4,3950424,8,2016/11/4,7,"[0,0,0,0,0,0,0]",[0],"[0,0,0,0,0,0,0]",332,1,41,0
2016/11/4,3950550,8,2016/11/4,7,"[0,0,0,0,0,0,0]",[0],"[0,0,0,0,0,0,0]",964,70,49,0
2016/11/4,3950712,8,2016/11/4,7,"[0,0,0,0,0,0,0]",[0],"[0,0,0,0,0,0,0]",824,27,4,0
2016/11/4,3950794,8,2016/11/4,7,"[0,0,0,0,0,0,0]",[0],"[0,0,0,0,0,0,0]",191,28,57,0
2016/11/4,3952288,8,2016/11/4,7,"[0,0,0,0,0,0,0]",[0],"[0,0,0,0,0,0,0]",371,97,19,0
2016/11/4,3952620,8,2016/11/4,7,"[0,0,0,0,0,0,0]",[0],"[0,0,0,0,0,0,0]",358,97,34,0
2016/11/4,3953430,8,2016/11/4,7,"[0,0,0,0,0,0,0]",[0],"[0,0,0,0,0,0,0]",91,83,46,0
2016/11/4,3953548,8,2016/11/4,7,"[0,0,0,0,0,0,0]",[0],"[0,0,0,0,0,0,0]",589,49,62,0
2016/11/4,3954934,8,2016/11/4,7,"[0,0,0,0,0,0,0]",[0],"[0,0,0,0,0,0,0]",906,97,81,0
2016/11/4,3955212,8,2016/11/4,7,"[0,0,0,0,0,0,0]",[0],"[0,0,0,0,0,0,0]",809,53,57,0
2016/11/4,3956392,8,2016/11/4,7,"[0,0,0,0,0,0,0]",[0],"[0,0,0,0,0,0,0]",929,33,1,0
2016/11/4,3956428,8,2016/11/4,7,"[0,0,0,0,0,0,0]",[0],"[0,0,0,0,0,0,0]",621,40,60,0
2016/11/4,3956680,8,2016/11/4,7,"[0,0,0,0,0,0,0]",[0],"[0,0,0,0,0,0,0]",575,23,46,0
2016/11/4,3956798,8,2016/11/4,7,"[0,0,0,0,0,0,0]",[0],"[0,0,0,0,0,0,0]",605,52,76,0
2016/11/4,3957364,8,2016/11/4,7,"[0,0,0,0,0,0,0]",[0],"[0,0,0,0,0,0,0]",636,71,80,0
2016/11/4,3957526,8,2016/11/4,7,"[0,0,0,0,0,0,0]",[0],"[0,0,0,0,0,0,0]",487,37,57,0
2016/11/4,3958048,8,2016/11/4,7,"[0,0,0,0,0,0,0]",[0],"[0,0,0,0,0,0,0]",477,13,48,0
2016/11/4,3959722,8,2016/11/4,7,"[0,0,0,0,0,0,0]",[0],"[0,0,0,0,0,0,0]",110,46,95,0
2016/11/4,3960144,8,2016/11/4,7,"[0,0,0,0,0,0,0]",[0],"[0,0,0,0,0,0,0]",332,34,39,0
2016/11/4,3960676,8,2016/11/4,7,"[0,0,0,0,0,0,0]",[0],"[0,0,0,0,0,0,0]",765,5,33,0
2016/11/4,3961242,8,2016/11/4,7,"[0,0,0,0,0,0,0]",[0],"[0,0,0,0,0,0,0]",510,100,57,0
2016/11/4,3964122,8,2016/11/4,7,"[0,0,0,0,0,0,0]",[0],"[0,0,0,0,0,0,0]",830,67,90,0
2016/11/4,3964528,8,2016/11/4,7,"[0,0,0,0,0,0,0]",[0],"[0,0,0,0,0,0,0]",391,39,88,0
2016/11/4,3964654,8,2016/11/4,7,"[0,0,0,0,0,0,0]",[0],"[0,0,0,0,0,0,0]",552,4,17,0
2016/11/4,3964816,8,2016/11/4,7,"[0,0,0,0,0,0,0]",[0],"[0,0,0,0,0,0,0]",340,45,87,0
2016/11/4,3964942,8,2016/11/4,7,"[0,0,0,0,0,0,0]",[0],"[0,0,0,0,0,0,0]",101,50,82,0
2016/11/4,3965220,8,2016/11/4,7,"[0,0,0,0,0,0,0]",[0],"[0,0,0,0,0,0,0]",449,59,49,0
2016/11/4,3966148,8,2016/11/4,7,"[0,0,0,0,0,0,0]",[0],"[0,0,0,0,0,0,0]",315,21,30,0
2016/11/4,3966562,8,2016/11/4,7,"[0,0,0,0,0,0,0]",[0],"[0,0,0,0,0,0,0]",274,35,32,0
2016/11/4,3967002,8,2016/11/4,7,"[0,0,0,0,0,0,0]",[0],"[0,0,0,0,0,0,0]",772,6,2,0
2016/11/4,3967084,8,2016/11/4,7,"[0,0,0,0,0,0,0]",[0],"[0,0,0,0,0,0,0]",751,72,78,0
2016/11/4,3967778,8,2016/11/4,7,"[0,0,0,0,0,0,0]",[0],"[0,0,0,0,0,0,0]",261,77,4,0
2016/11/4,3967822,8,2016/11/4,7,"[0,0,0,0,0,0,0]",[0],"[0,0,0,0,0,0,0]",965,12,26,0
2016/11/4,3968182,8,2016/11/4,7,"[0.1429,0.1429,0.1429,0.1429,0.1429,0.1429,0.1429]",[1.0003],[],891,12,80,0
2016/11/4,3969316,8,2016/11/4,7,"[0,0,0,0,0,0,0]",[0],"[0,0,0,0,0,0,0]",588,83,81,0
2016/11/4,3971124,8,2016/11/4,7,"[0,0,0,0,0,0,0]",[0],"[0,0,0,0,0,0,0]",845,35,24,0
2016/11/4,3972510,8,2016/11/4,7,"[0,0,0,0,0,0,0]",[0],"[0,0,0,0,0,0,0]",348,88,3,0
2016/11/4,3972754,8,2016/11/4,7,"[0,0,0,0,0,0,0]",[0],"[0,0,0,0,0,0,0]",279,37,2,0
2016/11/4,3973690,8,2016/11/4,7,"[0,0,0,0,0,0,0]",[0],"[0,0,0,0,0,0,0]",938,76,43,0
2016/11/4,3974130,8,2016/11/4,7,"[0,0,0,0,0,0,0]",[0],"[0,0,0,0,0,0,0]",585,1,55,0
2016/11/4,3974248,8,2016/11/4,7,"[0,0,0,0,0,0,0]",[0],"[0,0,0,0,0,0,0]",192,45,30,0
2016/11/4,3974374,8,2016/11/4,7,"[0,0,0,0,0,0,0]",[0],"[0,0,0,0,0,0,0]",972,10,79,0
2016/11/4,3974536,8,2016/11/4,7,"[0,0,0,0,0,0,0]",[0],"[0,0,0,0,0,0,0]",254,83,37,0
2016/11/4,3974662,8,2016/11/4,7,"[0,0,0,0,0,0,0]",[0],"[0,0,0,0,0,0,0]",206,53,57,0
2016/11/4,3974824,8,2016/11/4,7,"[0,0,0,0,0,0,0]",[0],"[0,0,0,0,0,0,0]",546,82,22,0
2016/11/4,3975472,8,2016/11/4,7,"[0,0,0,0,0,0,0]",[0],"[0,0,0,0,0,0,0]",792,0,52,0
2016/11/4,3975508,8,2016/11/4,7,"[0,0,0,0,0,0,0]",[0],"[0,0,0,0,0,0,0]",949,45,98,0
2016/11/4,3975760,8,2016/11/4,7,"[0,0,0,0,0,0,0]",[0],"[0,0,0,0,0,0,0]",600,45,85,0
2016/11/4,3975878,8,2016/11/4,7,"[0,0,0,0,0,0,0]",[0],"[0,0,0,0,0,0,0]",858,58,88,0
2016/11/4,3976156,8,2016/11/4,7,"[0,0,0,0,0,0,0]",[0],"[0,0,0,0,0,0,0]",792,63,87,0
2016/11/4,3976282,8,2016/11/4,7,"[0,0,0,0,0,0,0]",[0],"[0,0,0,0,0,0,0]",880,70,18,0
2016/11/4,3976318,8,2016/11/4,7,"[0,0,0,0,0,0,0]",[0],"[0,0,0,0,0,0,0]",158,36,61,0
2016/11/4,3976444,8,2016/11/4,7,"[0,0,0,0,0,0,0]",[0],"[0,0,0,0,0,0,0]",834,60,42,0
2016/11/4,3977254,8,2016/11/4,7,"[0,0,0,0,0,0,0]",[0],"[0,0,0,0,0,0,0]",504,82,11,0
2016/11/4,3978640,8,2016/11/4,7,"[0,0,0,0,0,0,0]",[0],"[0,0,0,0,0,0,0]",425,32,47,0
2016/11/4,3978884,8,2016/11/4,7,"[0,0,0,0,0,0,0]",[0],"[0,0,0,0,0,0,0]",134,39,45,0
2016/11/4,3980980,8,2016/11/4,7,"[0,0,0,0,0,0,0]",[0],"[0,0,0,0,0,0,0]",113,51,21,0
2016/11/4,3982186,8,2016/11/4,7,"[0,0,0,0,0,0,0]",[0],"[0,0,0,0,0,0,0]",883,18,97,0
2016/11/4,3982924,8,2016/11/4,7,"[0,0,0,0,0,0,0]",[0],"[0,0,0,0,0,0,0]",84,35,85,0
2016/11/4,3983202,8,2016/11/4,7,"[0,0,0,0,0,0,0]",[0],"[0,0,0,0,0,0,0]",408,51,96,0
2016/11/4,3983608,8,2016/11/4,7,"[0,0,0,0,0,0,0]",[0],"[0,0,0,0,0,0,0]",57,65,60,0
2016/11/4,3983860,8,2016/11/4,7,"[0,0,0,0,0,0,0]",[0],"[0,0,0,0,0,0,0]",29,45,22,0
2016/11/4,3984256,8,2016/11/4,7,"[0,0,0,0,0,0,0]",[0],"[0,0,0,0,0,0,0]",537,38,84,0
2016/11/4,3984706,8,2016/11/4,7,"[0,0,0,0,0,0,0]",[0],"[0,0,0,0,0,0,0]",941,60,90,0
2016/11/4,3985228,8,2016/11/4,7,"[0,0,0,0,0,0,0]",[0],"[0,0,0,0,0,0,0]",514,99,47,0
2016/11/4,3985354,8,2016/11/4,7,"[0,0,0,0,0,0,0]",[0],"[0,0,0,0,0,0,0]",804,13,47,0
2016/11/4,3986614,8,2016/11/4,7,"[2,2,2,2,2,2,2]",[14],[],199,2,35,0
2016/11/4,3988108,8,2016/11/4,7,"[0,0,0,0,0,0,0]",[0],"[0,0,0,0,0,0,0]",132,58,70,0
2016/11/4,3988234,8,2016/11/4,7,"[0,0,0,0,0,0,0]",[0],"[0,0,0,0,0,0,0]",865,10,78,0
2016/11/4,3990736,8,2016/11/4,7,"[0,0,0,0,0,0,0]",[0],"[0,0,0,0,0,0,0]",300,34,28,0
2016/11/4,3992356,8,2016/11/4,7,"[0,0,0,0,0,0,0]",[0],"[0,0,0,0,0,0,0]",477,53,84,0
2016/11/4,3992770,8,2016/11/4,7,"[0,0,0,0,0,0,0]",[0],"[0,0,0,0,0,0,0]",328,64,68,0
2016/11/4,3993328,8,2016/11/4,7,"[0,0,0,0,0,0,0]",[0],"[0,0,0,0,0,0,0]",234,91,68,0
2016/11/4,3993580,8,2016/11/4,7,"[0,0,0,0,0,0,0]",[0],"[0,0,0,0,0,0,0]",669,29,89,0
2016/11/4,3993986,8,2016/11/4,7,"[0,0,0,0,0,0,0]",[0],"[0,0,0,0,0,0,0]",935,28,97,0
2016/11/4,3994020,8,2016/11/4,7,"[0,0,0,0,0,0,0]",[0],"[0,0,0,0,0,0,0]",637,69,45,0
2016/11/4,3994264,8,2016/11/4,7,"[0,0,0,0,0,0,0]",[0],"[0,0,0,0,0,0,0]",754,43,60,0
2016/11/4,3994390,8,2016/11/4,7,"[0,0,0,0,0,0,0]",[0],"[0,0,0,0,0,0,0]",476,58,77,0
2016/11/4,3994552,8,2016/11/4,7,"[0,0,0,0,0,0,0]",[0],"[0,0,0,0,0,0,0]",23,16,92,0
2016/11/4,3995236,8,2016/11/4,7,"[0,0,0,0,0,0,0]",[0],"[0,0,0,0,0,0,0]",904,22,6,0
2016/11/4,3995362,8,2016/11/4,7,"[0,0,0,0,0,0,0]",[0],"[0,0,0,0,0,0,0]",38,98,54,0
2016/11/4,3995524,8,2016/11/4,7,"[0.0909,0.0909,0.0909,0.0909,0.0909,0.0909,0.0909]",[0.6363],[],83,99,72,0
2016/11/4,3995650,8,2016/11/4,7,"[0,0,0,0,0,0,0]",[0],"[0,0,0,0,0,0,0]",996,14,19,0
2016/11/4,3997144,8,2016/11/4,7,"[0,0,0,0,0,0,0]",[0],"[0,0,0,0,0,0,0]",968,62,39,0
2016/11/4,3997388,8,2016/11/4,7,"[0,0,0,0,0,0,0]",[0],"[0,0,0,0,0,0,0]",934,46,22,0
2016/11/4,3998116,8,2016/11/4,7,"[0,0,0,0,0,0,0]",[0],"[0,0,0,0,0,0,0]",942,48,94,0
2016/11/4,3998198,8,2016/11/4,7,"[0,0,0,0,0,0,0]",[0],"[0,0,0,0,0,0,0]",299,3,89,0
2016/11/4,3998530,8,2016/11/4,7,"[0,0,0,0,0,0,0]",[0],"[0,0,0,0,0,0,0]",417,40,29,0
2016/11/4,3998936,8,2016/11/4,7,"[0,0,0,0,0,0,0]",[0],"[0,0,0,0,0,0,0]",78,8,52,0
2016/11/4,3999340,8,2016/11/4,7,"[0,0,0,0,0,0,0]",[0],"[0,0,0,0,0,0,0]",325,65,92,0
2016/11/4,4000186,8,2016/11/4,7,"[0,0,0,0,0,0,0]",[0],"[0,0,0,0,0,0,0]",251,99,95,0
2016/11/4,4001572,8,2016/11/4,7,"[0,0,0,0,0,0,0]",[0],"[0,0,0,0,0,0,0]",183,1,4,0
2016/11/4,4001608,8,2016/11/4,7,"[0,0,0,0,0,0,0]",[0],"[0,0,0,0,0,0,0]",533,84,15,0
2016/11/4,4001978,8,2016/11/4,7,"[0,0,0,0,0,0,0]",[0],"[0,0,0,0,0,0,0]",934,61,11,0
2016/11/4,4002012,8,2016/11/4,7,"[0,0,0,0,0,0,0]",[0],"[0,0,0,0,0,0,0]",650,15,23,0
2016/11/4,4002256,8,2016/11/4,7,"[0,0,0,0,0,0,0]",[0],"[0,0,0,0,0,0,0]",447,46,59,0
2016/11/4,4002300,8,2016/11/4,7,"[0,0,0,0,0,0,0]",[0],"[0,0,0,0,0,0,0]",36,69,68,0
2016/11/4,4002382,8,2016/11/4,7,"[0,0,0,0,0,0,0]",[0],"[0,0,0,0,0,0,0]",604,29,43,0
2016/11/4,4002418,8,2016/11/4,7,"[0,0,0,0,0,0,0]",[0],"[0,0,0,0,0,0,0]",501,64,61,0
2016/11/4,4002544,8,2016/11/4,7,"[0,0,0,0,0,0,0]",[0],"[0,0,0,0,0,0,0]",683,24,45,0
2016/11/4,4002670,8,2016/11/4,7,"[0,0,0,0,0,0,0]",[0],"[0,0,0,0,0,0,0]",866,99,42,0
2016/11/4,4002706,8,2016/11/4,7,"[0,0,0,0,0,0,0]",[0],"[0,0,0,0,0,0,0]",426,57,36,0
2016/11/4,4002788,8,2016/11/4,7,"[0,0,0,0,0,0,0]",[0],"[0,0,0,0,0,0,0]",563,66,100,0
2016/11/4,4002832,8,2016/11/4,7,"[0,0,0,0,0,0,0]",[0],"[0,0,0,0,0,0,0]",479,35,31,0
2016/11/4,4003066,8,2016/11/4,7,"[0,0,0,0,0,0,0]",[0],"[0,0,0,0,0,0,0]",253,13,80,0
2016/11/4,4003110,8,2016/11/4,7,"[0,0,0,0,0,0,0]",[0],"[0,0,0,0,0,0,0]",856,93,99,0
2016/11/4,4003192,8,2016/11/4,7,"[0,0,0,0,0,0,0]",[0],"[0,0,0,0,0,0,0]",682,87,23,0
2016/11/4,4004038,8,2016/11/4,7,"[0,0,0,0,0,0,0]",[0],"[0,0,0,0,0,0,0]",655,11,24,0
2016/11/4,4004164,8,2016/11/4,7,"[0,0,0,0,0,0,0]",[0],"[0,0,0,0,0,0,0]",268,45,22,0
2016/11/4,4004290,8,2016/11/4,7,"[0,0,0,0,0,0,0]",[0],"[0,0,0,0,0,0,0]",665,64,91,0
2016/11/4,4004614,8,2016/11/4,7,"[0,0,0,0,0,0,0]",[0],"[0,0,0,0,0,0,0]",767,85,3,0
2016/11/4,4004740,8,2016/11/4,7,"[0,0,0,0,0,0,0]",[0],"[0,0,0,0,0,0,0]",768,72,62,0
2016/11/4,4004858,8,2016/11/4,7,"[0,0,0,0,0,0,0]",[0],"[0,0,0,0,0,0,0]",818,59,58,0
2016/11/4,4004902,8,2016/11/4,7,"[0,0,0,0,0,0,0]",[0],"[0,0,0,0,0,0,0]",211,66,68,0
2016/11/4,4004984,8,2016/11/4,7,"[0,0,0,0,0,0,0]",[0],"[0,0,0,0,0,0,0]",635,9,94,0
2016/11/4,4005136,8,2016/11/4,7,"[0,0,0,0,0,0,0]",[0],"[0,0,0,0,0,0,0]",43,83,79,0
2016/11/4,4006234,8,2016/11/4,7,"[0,0,0,0,0,0,0]",[0],"[0,0,0,0,0,0,0]",645,76,75,0
2016/11/4,4006360,8,2016/11/4,7,"[0,0,0,0,0,0,0]",[0],"[0,0,0,0,0,0,0]",480,3,34,0
2016/11/4,4006928,8,2016/11/4,7,"[0,0,0,0,0,0,0]",[0],"[0,0,0,0,0,0,0]",648,9,79,0
2016/11/4,4007206,8,2016/11/4,7,"[0,0,0,0,0,0,0]",[0],"[0,0,0,0,0,0,0]",897,49,15,0
2016/11/4,4007864,8,2016/11/4,7,"[0,0,0,0,0,0,0]",[0],"[0,0,0,0,0,0,0]",3,91,96,0
2016/11/4,4007990,8,2016/11/4,7,"[0,0,0,0,0,0,0]",[0],"[0,0,0,0,0,0,0]",759,22,91,0
2016/11/4,4008016,8,2016/11/4,7,"[0,0,0,0,0,0,0]",[0],"[0,0,0,0,0,0,0]",175,78,52,0
2016/11/4,4008098,8,2016/11/4,7,"[0,0,0,0,0,0,0]",[0],"[0,0,0,0,0,0,0]",734,43,77,0
2016/11/4,4008142,8,2016/11/4,7,"[0,0,0,0,0,0,0]",[0],"[0,0,0,0,0,0,0]",926,79,94,0
2016/11/4,4008304,8,2016/11/4,7,"[0,0,0,0,0,0,0]",[0],"[0,0,0,0,0,0,0]",964,98,87,0
2016/11/4,4008836,8,2016/11/4,7,"[0,0,0,0,0,0,0]",[0],"[0,0,0,0,0,0,0]",383,78,42,0
2016/11/4,4008962,8,2016/11/4,7,"[0,0,0,0,0,0,0]",[0],"[0,0,0,0,0,0,0]",999,30,47,0
2016/11/4,4009646,8,2016/11/4,7,"[0,0,0,0,0,0,0]",[0],"[0,0,0,0,0,0,0]",254,45,91,0
2016/11/4,4010068,8,2016/11/4,7,"[0,0,0,0,0,0,0]",[0],"[0,0,0,0,0,0,0]",35,19,79,0
2016/11/4,4010112,8,2016/11/4,7,"[0,0,0,0,0,0,0]",[0],"[0,0,0,0,0,0,0]",419,92,65,0
2016/11/4,4010356,8,2016/11/4,7,"[0,0,0,0,0,0,0]",[0],"[0,0,0,0,0,0,0]",14,91,37,0
2016/11/4,4010482,8,2016/11/4,7,"[0.3,0.3,0.3,0.3,0.3,0.3,0.3]",[2.1],[],703,2,90,0
2016/11/4,4010806,8,2016/11/4,7,"[0,0,0,0,0,0,0]",[0],"[0,0,0,0,0,0,0]",438,55,54,0
2016/11/4,4010932,8,2016/11/4,7,"[0,0,0,0,0,0,0]",[0],"[0,0,0,0,0,0,0]",685,85,92,0
2016/11/4,4011166,8,2016/11/4,7,"[0,0,0,0,0,0,0]",[0],"[0,0,0,0,0,0,0]",599,90,55,0
2016/11/4,4011210,8,2016/11/4,7,"[0,0,0,0,0,0,0]",[0],"[0,0,0,0,0,0,0]",804,79,60,0
2016/11/4,4011292,8,2016/11/4,7,"[0,0,0,0,0,0,0]",[0],"[0,0,0,0,0,0,0]",566,65,38,0
2016/11/4,4012264,8,2016/11/4,7,"[0,0,0,0,0,0,0]",[0],"[0,0,0,0,0,0,0]",207,42,20,0
2016/11/4,4012390,8,2016/11/4,7,"[0,0,0,0,0,0,0]",[0],"[0,0,0,0,0,0,0]",487,77,2,0
2016/11/4,4012426,8,2016/11/4,7,"[0,0,0,0,0,0,0]",[0],"[0,0,0,0,0,0,0]",464,29,29,0
2016/11/4,4013236,8,2016/11/4,7,"[0,0,0,0,0,0,0]",[0],"[0,0,0,0,0,0,0]",302,99,35,0
2016/11/4,4013362,8,2016/11/4,7,"[0,0,0,0,0,0,0]",[0],"[0,0,0,0,0,0,0]",671,89,97,0
2016/11/4,4013524,8,2016/11/4,7,"[0,0,0,0,0,0,0]",[0],"[0,0,0,0,0,0,0]",406,40,2,0
2016/11/4,4014910,8,2016/11/4,7,"[0,0,0,0,0,0,0]",[0],"[0,0,0,0,0,0,0]",813,5,55,0
2016/11/4,4014992,8,2016/11/4,7,"[0,0,0,0,0,0,0]",[0],"[0,0,0,0,0,0,0]",209,8,39,0
2016/11/4,4015018,8,2016/11/4,7,"[0,0,0,0,0,0,0]",[0],"[0,0,0,0,0,0,0]",26,14,44,0
2016/11/4,4015306,8,2016/11/4,7,"[0,0,0,0,0,0,0]",[0],"[0,0,0,0,0,0,0]",22,89,71,0
2016/11/4,4015388,8,2016/11/4,7,"[0,0,0,0,0,0,0]",[0],"[0,0,0,0,0,0,0]",227,68,12,0
2016/11/4,4015432,8,2016/11/4,7,"[0,0,0,0,0,0,0]",[0],"[0,0,0,0,0,0,0]",857,98,68,0
2016/11/4,4016198,8,2016/11/4,7,"[0,0,0,0,0,0,0]",[0],"[0,0,0,0,0,0,0]",913,52,90,0
2016/11/4,4016242,8,2016/11/4,7,"[0,0,0,0,0,0,0]",[0],"[0,0,0,0,0,0,0]",436,57,49,0
2016/11/4,4016404,8,2016/11/4,7,"[0,0,0,0,0,0,0]",[0],"[0,0,0,0,0,0,0]",372,32,84,0
2016/11/4,4016530,8,2016/11/4,7,"[0,0,0,0,0,0,0]",[0],"[0,0,0,0,0,0,0]",919,33,45,0
2016/11/4,4016774,8,2016/11/4,7,"[0,0,0,0,0,0,0]",[0],"[0,0,0,0,0,0,0]",358,74,18,0
2016/11/4,4017214,8,2016/11/4,7,"[0,0,0,0,0,0,0]",[0],"[0,0,0,0,0,0,0]",100,20,73,0
2016/11/4,4017458,8,2016/11/4,7,"[0,0,0,0,0,0,0]",[0],"[0,0,0,0,0,0,0]",478,40,85,0
2016/11/4,4017502,8,2016/11/4,7,"[0,0,0,0,0,0,0]",[0],"[0,0,0,0,0,0,0]",915,4,36,0
2016/11/4,4018024,8,2016/11/4,7,"[0,0,0,0,0,0,0]",[0],"[0,0,0,0,0,0,0]",261,47,60,0
2016/11/4,4018150,8,2016/11/4,7,"[0,0,0,0,0,0,0]",[0],"[0,0,0,0,0,0,0]",821,43,54,0
2016/11/4,4018268,8,2016/11/4,7,"[0,0,0,0,0,0,0]",[0],"[0,0,0,0,0,0,0]",535,15,85,0
2016/11/4,4018312,8,2016/11/4,7,"[0,0,0,0,0,0,0]",[0],"[0,0,0,0,0,0,0]",154,6,56,0
2016/11/4,4018556,8,2016/11/4,7,"[0,0,0,0,0,0,0]",[0],"[0,0,0,0,0,0,0]",65,72,29,0
2016/11/4,4018682,8,2016/11/4,7,"[0,0,0,0,0,0,0]",[0],"[0,0,0,0,0,0,0]",130,12,94,0
2016/11/4,4019122,8,2016/11/4,7,"[0,0,0,0,0,0,0]",[0],"[0,0,0,0,0,0,0]",157,26,36,0
2016/11/4,4019654,8,2016/11/4,7,"[0,0,0,0,0,0,0]",[0],"[0,0,0,0,0,0,0]",958,99,60,0
2016/11/4,4019780,8,2016/11/4,7,"[0,0,0,0,0,0,0]",[0],"[0,0,0,0,0,0,0]",64,62,33,0
2016/11/4,4019898,8,2016/11/4,7,"[0,0,0,0,0,0,0]",[0],"[0,0,0,0,0,0,0]",320,24,25,0
2016/11/4,4019942,8,2016/11/4,7,"[0,0,0,0,0,0,0]",[0],"[0,0,0,0,0,0,0]",21,6,52,0
2016/11/4,4020238,8,2016/11/4,7,"[0,0,0,0,0,0,0]",[0],"[0,0,0,0,0,0,0]",47,54,73,0
2016/11/4,4020490,8,2016/11/4,7,"[0,0,0,0,0,0,0]",[0],"[0,0,0,0,0,0,0]",447,29,47,0
2016/11/4,4020940,8,2016/11/4,7,"[0,0,0,0,0,0,0]",[0],"[0,0,0,0,0,0,0]",853,41,2,0
2016/11/4,4021174,8,2016/11/4,7,"[0,0,0,0,0,0,0]",[0],"[0,0,0,0,0,0,0]",197,53,77,0
2016/11/4,4022434,8,2016/11/4,7,"[0,0,0,0,0,0,0]",[0],"[0,0,0,0,0,0,0]",553,65,45,0
2016/11/4,4023820,8,2016/11/4,7,"[0,0,0,0,0,0,0]",[0],"[0,0,0,0,0,0,0]",24,39,91,0
2016/11/4,4023938,8,2016/11/4,7,"[0,0,0,0,0,0,0]",[0],"[0,0,0,0,0,0,0]",142,14,35,0
2016/11/4,4024874,8,2016/11/4,7,"[0,0,0,0,0,0,0]",[0],"[0,0,0,0,0,0,0]",464,49,66,0
2016/11/4,4025152,8,2016/11/4,7,"[0,0,0,0,0,0,0]",[0],"[0,0,0,0,0,0,0]",180,33,87,0
2016/11/4,4025846,8,2016/11/4,7,"[0,0,0,0,0,0,0]",[0],"[0,0,0,0,0,0,0]",932,29,13,0
2016/11/4,4026124,8,2016/11/4,7,"[0,0,0,0,0,0,0]",[0],"[0,0,0,0,0,0,0]",654,87,94,0
2016/11/4,4026494,8,2016/11/4,7,"[0,0,0,0,0,0,0]",[0],"[0,0,0,0,0,0,0]",646,61,7,0
2016/11/4,4026656,8,2016/11/4,7,"[0,0,0,0,0,0,0]",[0],"[0,0,0,0,0,0,0]",148,47,76,0
2016/11/4,4027060,8,2016/11/4,7,"[0,0,0,0,0,0,0]",[0],"[0,0,0,0,0,0,0]",35,25,86,0
2016/11/4,4027466,8,2016/11/4,7,"[0,0,0,0,0,0,0]",[0],"[0,0,0,0,0,0,0]",269,75,3,0
2016/11/4,4027510,8,2016/11/4,7,"[0,0,0,0,0,0,0]",[0],"[0,0,0,0,0,0,0]",826,98,22,0
2016/11/4,4027592,8,2016/11/4,7,"[0,0,0,0,0,0,0]",[0],"[0,0,0,0,0,0,0]",535,68,23,0
2016/11/4,4027628,8,2016/11/4,7,"[0,0,0,0,0,0,0]",[0],"[0,0,0,0,0,0,0]",270,85,17,0
2016/11/4,4028276,8,2016/11/4,7,"[0,0,0,0,0,0,0]",[0],"[0,0,0,0,0,0,0]",325,41,85,0
2016/11/4,4028564,8,2016/11/4,7,"[0,0,0,0,0,0,0]",[0],"[0,0,0,0,0,0,0]",497,51,74,0
2016/11/4,4028726,8,2016/11/4,7,"[0,0,0,0,0,0,0]",[0],"[0,0,0,0,0,0,0]",530,69,73,0
2016/11/4,4028852,8,2016/11/4,7,"[0,0,0,0,0,0,0]",[0],"[0,0,0,0,0,0,0]",378,44,21,0
2016/11/4,4029004,8,2016/11/4,7,"[0,0,0,0,0,0,0]",[0],"[0,0,0,0,0,0,0]",240,79,85,0
2016/11/4,4029130,8,2016/11/4,7,"[0,0,0,0,0,0,0]",[0],"[0,0,0,0,0,0,0]",451,98,20,0
2016/11/4,4029374,8,2016/11/4,7,"[0,0,0,0,0,0,0]",[0],"[0,0,0,0,0,0,0]",963,60,75,0
2016/11/4,4029536,8,2016/11/4,7,"[0,0,0,0,0,0,0]",[0],"[0,0,0,0,0,0,0]",291,56,16,0
2016/11/4,4029662,8,2016/11/4,7,"[0,0,0,0,0,0,0]",[0],"[0,0,0,0,0,0,0]",471,53,1,0
2016/11/4,4029824,8,2016/11/4,7,"[0,0,0,0,0,0,0]",[0],"[0,0,0,0,0,0,0]",700,1,91,0
2016/11/4,4029950,8,2016/11/4,7,"[0,0,0,0,0,0,0]",[0],"[0,0,0,0,0,0,0]",866,63,14,0
2016/11/4,4030002,8,2016/11/4,7,"[0,0,0,0,0,0,0]",[0],"[0,0,0,0,0,0,0]",784,28,23,0
2016/11/4,4030084,8,2016/11/4,7,"[0,0,0,0,0,0,0]",[0],"[0,0,0,0,0,0,0]",116,57,7,0
2016/11/4,4030246,8,2016/11/4,7,"[0,0,0,0,0,0,0]",[0],"[0,0,0,0,0,0,0]",359,49,41,0
2016/11/4,4030660,8,2016/11/4,7,"[0,0,0,0,0,0,0]",[0],"[0,0,0,0,0,0,0]",852,34,37,0
2016/11/4,4030778,8,2016/11/4,7,"[0,0,0,0,0,0,0]",[0],"[0,0,0,0,0,0,0]",636,12,37,0
2016/11/4,4031056,8,2016/11/4,7,"[0,0,0,0,0,0,0]",[0],"[0,0,0,0,0,0,0]",35,42,31,0
2016/11/4,4031100,8,2016/11/4,7,"[0,0,0,0,0,0,0]",[0],"[0,0,0,0,0,0,0]",148,49,48,0
2016/11/4,4031218,8,2016/11/4,7,"[0,0,0,0,0,0,0]",[0],"[0,0,0,0,0,0,0]",951,62,32,0
2016/11/4,4031344,8,2016/11/4,7,"[0,0,0,0,0,0,0]",[0],"[0,0,0,0,0,0,0]",137,88,76,0
2016/11/4,4031470,8,2016/11/4,7,"[0,0,0,0,0,0,0]",[0],"[0,0,0,0,0,0,0]",157,66,29,0
2016/11/4,4031506,8,2016/11/4,7,"[0,0,0,0,0,0,0]",[0],"[0,0,0,0,0,0,0]",437,30,64,0
2016/11/4,4032604,8,2016/11/4,7,"[0,0,0,0,0,0,0]",[0],"[0,0,0,0,0,0,0]",926,91,27,0
